frame,mode,rgb_step,versus_spatial_t2xr_mae
0,AA-Off,,
0,O-1X,,
0,O-T2X-R,,
0,ABL-TemporalOnly-R,,0.11901638915069641
1,AA-Off,0.0,
1,O-1X,0.0,
1,O-T2X-R,0.7441626741020002,
1,ABL-TemporalOnly-R,0.7247187205466541,0.11578650251335218
2,AA-Off,0.0,
2,O-1X,0.0,
2,O-T2X-R,0.0,
2,ABL-TemporalOnly-R,0.0,0.11578650251335218
3,AA-Off,0.0,
3,O-1X,0.0,
3,O-T2X-R,0.0,
3,ABL-TemporalOnly-R,0.0,0.11578650251335218
4,AA-Off,0.0,
4,O-1X,0.0,
4,O-T2X-R,0.0,
4,ABL-TemporalOnly-R,0.0,0.11578650251335218
5,AA-Off,0.0,
5,O-1X,0.0,
5,O-T2X-R,0.0,
5,ABL-TemporalOnly-R,0.0,0.11578650251335218
6,AA-Off,0.0,
6,O-1X,0.0,
6,O-T2X-R,0.0,
6,ABL-TemporalOnly-R,0.0,0.11578650251335218
7,AA-Off,0.0,
7,O-1X,0.0,
7,O-T2X-R,0.0,
7,ABL-TemporalOnly-R,0.0,0.11578650251335218
8,AA-Off,0.0,
8,O-1X,0.0,
8,O-T2X-R,0.0,
8,ABL-TemporalOnly-R,0.0,0.11578650251335218
9,AA-Off,0.0,
9,O-1X,0.0,
9,O-T2X-R,0.0,
9,ABL-TemporalOnly-R,0.0,0.11578650251335218
10,AA-Off,0.0,
10,O-1X,0.0,
10,O-T2X-R,0.0,
10,ABL-TemporalOnly-R,0.0,0.11578650251335218
11,AA-Off,0.0,
11,O-1X,0.0,
11,O-T2X-R,0.0,
11,ABL-TemporalOnly-R,0.0,0.11578650251335218
12,AA-Off,0.0,
12,O-1X,0.0,
12,O-T2X-R,0.0,
12,ABL-TemporalOnly-R,0.0,0.11578650251335218
13,AA-Off,0.0,
13,O-1X,0.0,
13,O-T2X-R,0.0,
13,ABL-TemporalOnly-R,0.0,0.11578650251335218
14,AA-Off,0.0,
14,O-1X,0.0,
14,O-T2X-R,0.0,
14,ABL-TemporalOnly-R,0.0,0.11578650251335218
15,AA-Off,0.0,
15,O-1X,0.0,
15,O-T2X-R,0.0,
15,ABL-TemporalOnly-R,0.0,0.11578650251335218
16,AA-Off,0.0,
16,O-1X,0.0,
16,O-T2X-R,0.0,
16,ABL-TemporalOnly-R,0.0,0.11578650251335218
17,AA-Off,0.0,
17,O-1X,0.0,
17,O-T2X-R,0.0,
17,ABL-TemporalOnly-R,0.0,0.11578650251335218
18,AA-Off,0.0,
18,O-1X,0.0,
18,O-T2X-R,0.0,
18,ABL-TemporalOnly-R,0.0,0.11578650251335218
19,AA-Off,0.0,
19,O-1X,0.0,
19,O-T2X-R,0.0,
19,ABL-TemporalOnly-R,0.0,0.11578650251335218
20,AA-Off,0.0,
20,O-1X,0.0,
20,O-T2X-R,0.0,
20,ABL-TemporalOnly-R,0.0,0.11578650251335218
21,AA-Off,0.0,
21,O-1X,0.0,
21,O-T2X-R,0.0,
21,ABL-TemporalOnly-R,0.0,0.11578650251335218
22,AA-Off,0.0,
22,O-1X,0.0,
22,O-T2X-R,0.0,
22,ABL-TemporalOnly-R,0.0,0.11578650251335218
23,AA-Off,0.0,
23,O-1X,0.0,
23,O-T2X-R,0.0,
23,ABL-TemporalOnly-R,0.0,0.11578650251335218
24,AA-Off,0.0,
24,O-1X,0.0,
24,O-T2X-R,0.0,
24,ABL-TemporalOnly-R,0.0,0.11578650251335218
25,AA-Off,0.0,
25,O-1X,0.0,
25,O-T2X-R,0.0,
25,ABL-TemporalOnly-R,0.0,0.11578650251335218
26,AA-Off,0.0,
26,O-1X,0.0,
26,O-T2X-R,0.0,
26,ABL-TemporalOnly-R,0.0,0.11578650251335218
27,AA-Off,0.0,
27,O-1X,0.0,
27,O-T2X-R,0.0,
27,ABL-TemporalOnly-R,0.0,0.11578650251335218
28,AA-Off,0.0,
28,O-1X,0.0,
28,O-T2X-R,0.0,
28,ABL-TemporalOnly-R,0.0,0.11578650251335218
29,AA-Off,0.0,
29,O-1X,0.0,
29,O-T2X-R,0.0,
29,ABL-TemporalOnly-R,0.0,0.11578650251335218
30,AA-Off,0.0,
30,O-1X,0.0,
30,O-T2X-R,0.0,
30,ABL-TemporalOnly-R,0.0,0.11578650251335218
31,AA-Off,0.0,
31,O-1X,0.0,
31,O-T2X-R,0.0,
31,ABL-TemporalOnly-R,0.0,0.11578650251335218
32,AA-Off,0.0,
32,O-1X,0.0,
32,O-T2X-R,0.0,
32,ABL-TemporalOnly-R,0.0,0.11578650251335218
33,AA-Off,0.0,
33,O-1X,0.0,
33,O-T2X-R,0.0,
33,ABL-TemporalOnly-R,0.0,0.11578650251335218
34,AA-Off,0.0,
34,O-1X,0.0,
34,O-T2X-R,0.0,
34,ABL-TemporalOnly-R,0.0,0.11578650251335218
35,AA-Off,0.0,
35,O-1X,0.0,
35,O-T2X-R,0.0,
35,ABL-TemporalOnly-R,0.0,0.11578650251335218
36,AA-Off,0.0,
36,O-1X,0.0,
36,O-T2X-R,0.0,
36,ABL-TemporalOnly-R,0.0,0.11578650251335218
37,AA-Off,0.0,
37,O-1X,0.0,
37,O-T2X-R,0.0,
37,ABL-TemporalOnly-R,0.0,0.11578650251335218
38,AA-Off,0.0,
38,O-1X,0.0,
38,O-T2X-R,0.0,
38,ABL-TemporalOnly-R,0.0,0.11578650251335218
39,AA-Off,0.0,
39,O-1X,0.0,
39,O-T2X-R,0.0,
39,ABL-TemporalOnly-R,0.0,0.11578650251335218
40,AA-Off,0.0,
40,O-1X,0.0,
40,O-T2X-R,0.0,
40,ABL-TemporalOnly-R,0.0,0.11578650251335218
41,AA-Off,0.0,
41,O-1X,0.0,
41,O-T2X-R,0.0,
41,ABL-TemporalOnly-R,0.0,0.11578650251335218
42,AA-Off,0.0,
42,O-1X,0.0,
42,O-T2X-R,0.0,
42,ABL-TemporalOnly-R,0.0,0.11578650251335218
43,AA-Off,0.0,
43,O-1X,0.0,
43,O-T2X-R,0.0,
43,ABL-TemporalOnly-R,0.0,0.11578650251335218
44,AA-Off,0.0,
44,O-1X,0.0,
44,O-T2X-R,0.0,
44,ABL-TemporalOnly-R,0.0,0.11578650251335218
45,AA-Off,0.0,
45,O-1X,0.0,
45,O-T2X-R,0.0,
45,ABL-TemporalOnly-R,0.0,0.11578650251335218
46,AA-Off,0.0,
46,O-1X,0.0,
46,O-T2X-R,0.0,
46,ABL-TemporalOnly-R,0.0,0.11578650251335218
47,AA-Off,0.0,
47,O-1X,0.0,
47,O-T2X-R,0.0,
47,ABL-TemporalOnly-R,0.0,0.11578650251335218
48,AA-Off,0.0,
48,O-1X,0.0,
48,O-T2X-R,0.0,
48,ABL-TemporalOnly-R,0.0,0.11578650251335218
49,AA-Off,0.0,
49,O-1X,0.0,
49,O-T2X-R,0.0,
49,ABL-TemporalOnly-R,0.0,0.11578650251335218
50,AA-Off,0.0,
50,O-1X,0.0,
50,O-T2X-R,0.0,
50,ABL-TemporalOnly-R,0.0,0.11578650251335218
51,AA-Off,0.0,
51,O-1X,0.0,
51,O-T2X-R,0.0,
51,ABL-TemporalOnly-R,0.0,0.11578650251335218
52,AA-Off,0.0,
52,O-1X,0.0,
52,O-T2X-R,0.0,
52,ABL-TemporalOnly-R,0.0,0.11578650251335218
53,AA-Off,0.0,
53,O-1X,0.0,
53,O-T2X-R,0.0,
53,ABL-TemporalOnly-R,0.0,0.11578650251335218
54,AA-Off,0.0,
54,O-1X,0.0,
54,O-T2X-R,0.0,
54,ABL-TemporalOnly-R,0.0,0.11578650251335218
55,AA-Off,0.0,
55,O-1X,0.0,
55,O-T2X-R,0.0,
55,ABL-TemporalOnly-R,0.0,0.11578650251335218
56,AA-Off,0.0,
56,O-1X,0.0,
56,O-T2X-R,0.0,
56,ABL-TemporalOnly-R,0.0,0.11578650251335218
57,AA-Off,0.0,
57,O-1X,0.0,
57,O-T2X-R,0.0,
57,ABL-TemporalOnly-R,0.0,0.11578650251335218
58,AA-Off,0.0,
58,O-1X,0.0,
58,O-T2X-R,0.0,
58,ABL-TemporalOnly-R,0.0,0.11578650251335218
59,AA-Off,0.0,
59,O-1X,0.0,
59,O-T2X-R,0.0,
59,ABL-TemporalOnly-R,0.0,0.11578650251335218
60,AA-Off,0.0,
60,O-1X,0.0,
60,O-T2X-R,0.0,
60,ABL-TemporalOnly-R,0.0,0.11578650251335218
61,AA-Off,1.2493562807623835,
61,O-1X,1.2445180778091947,
61,O-T2X-R,1.2598632710231439,
61,ABL-TemporalOnly-R,1.2640584092575138,0.11614223347994554
62,AA-Off,1.3032120510001046,
62,O-1X,1.2929748861137291,
62,O-T2X-R,1.2136244632945858,
62,ABL-TemporalOnly-R,1.2350448999895276,0.11470032856843648
63,AA-Off,1.2630720494292595,
63,O-1X,1.2579780932558382,
63,O-T2X-R,1.2170354880092156,
63,ABL-TemporalOnly-R,1.2334964721436799,0.11720042674625615
64,AA-Off,1.2891421876636298,
64,O-1X,1.2829550214682166,
64,O-T2X-R,1.1637026782909206,
64,ABL-TemporalOnly-R,1.1850599539218767,0.11704956016336789
65,AA-Off,1.2752215546130485,
65,O-1X,1.2681635511571892,
65,O-T2X-R,1.2199040802701853,
65,ABL-TemporalOnly-R,1.2374240758194575,0.11712041182322756
66,AA-Off,1.2932383299298356,
66,O-1X,1.2847326945229867,
66,O-T2X-R,1.1734703895695884,
66,ABL-TemporalOnly-R,1.1929271062414912,0.11414644203581527
67,AA-Off,1.2898559404126086,
67,O-1X,1.2806736961985548,
67,O-T2X-R,1.229684881924809,
67,ABL-TemporalOnly-R,1.2486755812126924,0.1161500877055189
68,AA-Off,1.2825292569902607,
68,O-1X,1.2771803657451042,
68,O-T2X-R,1.1739223347994554,
68,ABL-TemporalOnly-R,1.1946586357210178,0.1142593465284323
69,AA-Off,1.3120721083359514,
69,O-1X,1.3038480796418472,
69,O-T2X-R,1.2436853662687193,
69,ABL-TemporalOnly-R,1.2599359226096973,0.11697478139072154
70,AA-Off,1.297511192271442,
70,O-1X,1.28956664310399,
70,O-T2X-R,1.1814002120640905,
70,ABL-TemporalOnly-R,1.2011247905539848,0.11580384726149336
71,AA-Off,1.3045934129228192,
71,O-1X,1.2962234265368102,
71,O-T2X-R,1.2501849015603728,
71,ABL-TemporalOnly-R,1.2673990732013825,0.11665832155199497
72,AA-Off,1.321680117027961,
72,O-1X,1.3126986464551262,
72,O-T2X-R,1.1931560241910149,
72,ABL-TemporalOnly-R,1.212311007697141,0.1162395931511153
73,AA-Off,1.3000724879568542,
73,O-1X,1.2913880052885118,
73,O-T2X-R,1.250411855953503,
73,ABL-TemporalOnly-R,1.2676760982825426,0.11789225311550948
74,AA-Off,1.3198813357419625,
74,O-1X,1.3121989213530212,
74,O-T2X-R,1.1910635275945125,
74,ABL-TemporalOnly-R,1.2138712168813488,0.1178264739763326
75,AA-Off,1.3197779217719132,
75,O-1X,1.3121607956330505,
75,O-T2X-R,1.2563845036129437,
75,ABL-TemporalOnly-R,1.2740723832338465,0.11812869803120746
76,AA-Off,1.3179874856005864,
76,O-1X,1.3110998206618494,
76,O-T2X-R,1.1996009071630538,
76,ABL-TemporalOnly-R,1.2180639006702272,0.11670675594303069
77,AA-Off,1.3246930306838411,
77,O-1X,1.314657130327783,
77,O-T2X-R,1.2741967418054247,
77,ABL-TemporalOnly-R,1.290512422766782,0.11928899622997173
78,AA-Off,1.348823993350089,
78,O-1X,1.3406318724473767,
78,O-T2X-R,1.2101705675987013,
78,ABL-TemporalOnly-R,1.2312575269661745,0.11807879097287674
79,AA-Off,1.3215446316368207,
79,O-1X,1.31474647214368,
79,O-T2X-R,1.2609905160226202,
79,ABL-TemporalOnly-R,1.278333464237093,0.11647767436380772
80,AA-Off,1.3393159624044402,
80,O-1X,1.3343594551785527,
80,O-T2X-R,1.2161734867525396,
80,ABL-TemporalOnly-R,1.2388478178343283,0.11849244685307363
81,AA-Off,1.342775912399204,
81,O-1X,1.3345497565190072,
81,O-T2X-R,1.2954839839250183,
81,ABL-TemporalOnly-R,1.3108121596502251,0.11940091894439209
82,AA-Off,1.3581521952560478,
82,O-1X,1.349939620640905,
82,O-T2X-R,1.2244492224316683,
82,ABL-TemporalOnly-R,1.2433978688867944,0.11745994344957587
83,AA-Off,1.357991183631794,
83,O-1X,1.348138548539114,
83,O-T2X-R,1.2857303448005026,
83,ABL-TemporalOnly-R,1.3029428801445178,0.119270342444235
84,AA-Off,1.3542522449994765,
84,O-1X,1.349360862393968,
84,O-T2X-R,1.2356259490522568,
84,ABL-TemporalOnly-R,1.2580859252277725,0.12012498036443607
85,AA-Off,1.3654206265053932,
85,O-1X,1.3562077835375432,
85,O-T2X-R,1.2980652424337626,
85,ABL-TemporalOnly-R,1.3149222104408838,0.11986366373442245
86,AA-Off,1.3634029086815374,
86,O-1X,1.357101692585611,
86,O-T2X-R,1.2416822114881139,
86,ABL-TemporalOnly-R,1.2614535880720494,0.11840932296575557
87,AA-Off,1.3870172923866373,
87,O-1X,1.3768031992878835,
87,O-T2X-R,1.3030394216671903,
87,ABL-TemporalOnly-R,1.3191654558068908,0.11906809613572102
88,AA-Off,1.3823862446329458,
88,O-1X,1.3739702783013927,
88,O-T2X-R,1.2490201853597236,
88,ABL-TemporalOnly-R,1.2713985103152163,0.11876669022934339
89,AA-Off,1.374613506649911,
89,O-1X,1.3663160082207562,
89,O-T2X-R,1.3175684299403079,
89,ABL-TemporalOnly-R,1.3340662307571474,0.12066937637448948
90,AA-Off,1.3915161273431773,
90,O-1X,1.3861907987747408,
90,O-T2X-R,1.2542787530107864,
90,ABL-TemporalOnly-R,1.275600520996963,0.12089207639543408
91,AA-Off,1.3924092182427479,
91,O-1X,1.3817521795475967,
91,O-T2X-R,1.3334570373861137,
91,ABL-TemporalOnly-R,1.3526205296366112,0.1203172452612839
92,AA-Off,1.3872247748455335,
92,O-1X,1.3777205073829721,
92,O-T2X-R,1.2747480102628548,
92,ABL-TemporalOnly-R,1.2958303879987434,0.12163937323279925
93,AA-Off,1.4063370510001048,
93,O-1X,1.3985518771599121,
93,O-T2X-R,1.3393157987747408,
93,ABL-TemporalOnly-R,1.3554482144727196,0.12410936354592104
94,AA-Off,1.409052485862394,
94,O-1X,1.3999798735469682,
94,O-T2X-R,1.2760040318357944,
94,ABL-TemporalOnly-R,1.2973410173840192,0.12275974578489894
95,AA-Off,1.4022672531155094,
95,O-1X,1.3922609697350508,
95,O-T2X-R,1.3477239108807204,
95,ABL-TemporalOnly-R,1.3648772122735364,0.12375886872970991
96,AA-Off,1.4285216383914545,
96,O-1X,1.4193595206304326,
96,O-T2X-R,1.2893571970887003,
96,ABL-TemporalOnly-R,1.3125021271860928,0.12195452403393026
97,AA-Off,1.4190394609383181,
97,O-1X,1.4103155435124097,
97,O-T2X-R,1.3532524675358677,
97,ABL-TemporalOnly-R,1.370636159545502,0.12236196198554823
98,AA-Off,1.4411959040213635,
98,O-1X,1.4286620326735784,
98,O-T2X-R,1.2923792740077495,
98,ABL-TemporalOnly-R,1.314400395329354,0.12190559875379621
99,AA-Off,1.4202966279191538,
99,O-1X,1.4092998939679549,
99,O-T2X-R,1.36183959053304,
99,ABL-TemporalOnly-R,1.377622656822704,0.12165622709184208
100,AA-Off,1.4389446866163995,
100,O-1X,1.4315478060529898,
100,O-T2X-R,1.3086871007435334,
100,ABL-TemporalOnly-R,1.332000896690753,0.12256715362865221
101,AA-Off,1.4373957678814535,
101,O-1X,1.4282829026599644,
101,O-T2X-R,1.3775364239710965,
101,ABL-TemporalOnly-R,1.3937122015394283,0.12323541732118547
102,AA-Off,1.4486436734213006,
102,O-1X,1.4394637200230391,
102,O-T2X-R,1.3118554626138863,
102,ABL-TemporalOnly-R,1.3337474801026286,0.12190052623311341
103,AA-Off,1.4375413983139596,
103,O-1X,1.4276845088490941,
103,O-T2X-R,1.3812869803120746,
103,ABL-TemporalOnly-R,1.4001898104513562,0.12235999842915489
104,AA-Off,1.4446327822285057,
104,O-1X,1.4378084419834538,
104,O-T2X-R,1.3164529662791915,
104,ABL-TemporalOnly-R,1.3392917452089224,0.12288164991098545
105,AA-Off,1.4537701919049115,
105,O-1X,1.4429023981568752,
105,O-T2X-R,1.3920107799245995,
105,ABL-TemporalOnly-R,1.4099922112263064,0.12422881322651587
106,AA-Off,1.4809075230390616,
106,O-1X,1.4683108178866897,
106,O-T2X-R,1.325079851293329,
106,ABL-TemporalOnly-R,1.3477034571682898,0.12404374803644361
107,AA-Off,1.4612943763744894,
107,O-1X,1.4515456461409573,
107,O-T2X-R,1.3925021599120326,
107,ABL-TemporalOnly-R,1.4114925319405174,0.12431095533563724
108,AA-Off,1.4693794834537648,
108,O-1X,1.4580152371976123,
108,O-T2X-R,1.333594322703948,
108,ABL-TemporalOnly-R,1.3550167229552832,0.12290504895800608
109,AA-Off,1.5043607314902083,
109,O-1X,1.4907894478479422,
109,O-T2X-R,1.4086803919258561,
109,ABL-TemporalOnly-R,1.4288600246099068,0.12437558906691801
110,AA-Off,1.4540951604880092,
110,O-1X,1.4474462312807623,
110,O-T2X-R,1.3453622434286312,
110,ABL-TemporalOnly-R,1.3719325976542047,0.1273070151324746
111,AA-Off,1.4915485260236674,
111,O-1X,1.481366177086606,
111,O-T2X-R,1.4210877775159703,
111,ABL-TemporalOnly-R,1.439244456225783,0.12938380327783014
112,AA-Off,1.513262350769714,
112,O-1X,1.4985705309456487,
112,O-T2X-R,1.3477695635668656,
112,ABL-TemporalOnly-R,1.3702159584773275,0.1249821643627605
113,AA-Off,1.4731914009320348,
113,O-1X,1.4649470821551995,
113,O-T2X-R,1.4202737197612316,
113,ABL-TemporalOnly-R,1.4410874175306314,0.12609844617237406
114,AA-Off,1.5041316499109854,
114,O-1X,1.4943141952036862,
114,O-T2X-R,1.3581525225154467,
114,ABL-TemporalOnly-R,1.382944876426851,0.12550299769609383
115,AA-Off,1.5266524963346948,
115,O-1X,1.5148336867734842,
115,O-T2X-R,1.4375597248402974,
115,ABL-TemporalOnly-R,1.4580882160435649,0.12505154335532517
116,AA-Off,1.5069359357000733,
116,O-1X,1.495535690910043,
116,O-T2X-R,1.3610232419625092,
116,ABL-TemporalOnly-R,1.3846711697559955,0.1261516258246937
117,AA-Off,1.5092089158550634,
117,O-1X,1.4985062244737668,
117,O-T2X-R,1.4385683383076762,
117,ABL-TemporalOnly-R,1.4571277097078228,0.12908010655566027
118,AA-Off,1.5227800358676302,
118,O-1X,1.5106174403078856,
118,O-T2X-R,1.381028609016651,
118,ABL-TemporalOnly-R,1.405930758456383,0.1272906521625301
119,AA-Off,1.5351815307885643,
119,O-1X,1.5208032254686354,
119,O-T2X-R,1.4542592810765524,
119,ABL-TemporalOnly-R,1.4732406534715676,0.12685245182741647
120,AA-Off,1.5151401652005445,
120,O-1X,1.5042576447795581,
120,O-T2X-R,1.3803122381924808,
120,ABL-TemporalOnly-R,1.4033557178762175,0.12735332233741753
121,AA-Off,1.5585969407791391,
121,O-1X,1.544709360927846,
121,O-T2X-R,1.4717184063776312,
121,ABL-TemporalOnly-R,1.4932051131008484,0.12713716750445073
122,AA-Off,1.517407091056655,
122,O-1X,1.5064627186092785,
122,O-T2X-R,1.3955911613781549,
122,ABL-TemporalOnly-R,1.4214729618284636,0.12802878573672635
123,AA-Off,1.5610744580584355,
123,O-1X,1.5484105010995917,
123,O-T2X-R,1.4644722287674101,
123,ABL-TemporalOnly-R,1.4839426903340664,0.12813465415226724
124,AA-Off,1.5351897122735365,
124,O-1X,1.522383233846476,
124,O-T2X-R,1.393207894805739,
124,ABL-TemporalOnly-R,1.416910638548539,0.12646006780814745
125,AA-Off,1.5563745222012777,
125,O-1X,1.5443451212168813,
125,O-T2X-R,1.482567219080532,
125,ABL-TemporalOnly-R,1.5032747211749922,0.12711802282961568
126,AA-Off,1.5407295593779453,
126,O-1X,1.5297159715677033,
126,O-T2X-R,1.4016143706147242,
126,ABL-TemporalOnly-R,1.4276828725520998,0.12832102837993506
127,AA-Off,1.573513260550843,
127,O-1X,1.5629339459629281,
127,O-T2X-R,1.4842519504660174,
127,ABL-TemporalOnly-R,1.5049519255943031,0.12713422216986073
128,AA-Off,1.541873821866164,
128,O-1X,1.5322235967116975,
128,O-T2X-R,1.4118188095612105,
128,ABL-TemporalOnly-R,1.4353330518902503,0.12630821944706253
129,AA-Off,1.5749538564247565,
129,O-1X,1.56218452193947,
129,O-T2X-R,1.4965338320766572,
129,ABL-TemporalOnly-R,1.5173517842182427,0.12770168996753586
130,AA-Off,1.57676000104723,
130,O-1X,1.5657729212482983,
130,O-T2X-R,1.4230321892344748,
130,ABL-TemporalOnly-R,1.447510374122945,0.1297446067651063
131,AA-Off,1.5757396062414912,
131,O-1X,1.5627739161168708,
131,O-T2X-R,1.5107489985862395,
131,ABL-TemporalOnly-R,1.5306602785632004,0.1308099997381925
132,AA-Off,1.5963900015708452,
132,O-1X,1.5830602353649597,
132,O-T2X-R,1.4361078385171222,
132,ABL-TemporalOnly-R,1.4631975534087338,0.12981169494187872
133,AA-Off,1.5943294127657346,
133,O-1X,1.5815245706356686,
133,O-T2X-R,1.5184711749921458,
133,ABL-TemporalOnly-R,1.5402520879149648,0.12883629830348728
134,AA-Off,1.5916722300764479,
134,O-1X,1.5802757487695047,
134,O-T2X-R,1.4415966331553043,
134,ABL-TemporalOnly-R,1.4667702442664152,0.1287526835270709
135,AA-Off,1.6026365653471568,
135,O-1X,1.588447252330087,
135,O-T2X-R,1.541310444810975,
135,ABL-TemporalOnly-R,1.5625148903026496,0.12908943344852863
136,AA-Off,1.5986534912032673,
136,O-1X,1.5854574104618284,
136,O-T2X-R,1.4523480861870353,
136,ABL-TemporalOnly-R,1.4776238022306,0.13075043852759452
137,AA-Off,1.6302510406848885,
137,O-1X,1.6155291129961253,
137,O-T2X-R,1.5424365444025552,
137,ABL-TemporalOnly-R,1.5643051628442768,0.12978780500575976
138,AA-Off,1.6102679272698712,
138,O-1X,1.5976247512828567,
138,O-T2X-R,1.4658265917897162,
138,ABL-TemporalOnly-R,1.4934263404544978,0.1298480207351555
139,AA-Off,1.6265214289454393,
139,O-1X,1.6110720036129438,
139,O-T2X-R,1.5539636022096555,
139,ABL-TemporalOnly-R,1.57604363022306,0.12953172452612838
140,AA-Off,1.6467612773588858,
140,O-1X,1.6330612171431564,
140,O-T2X-R,1.477272652895591,
140,ABL-TemporalOnly-R,1.5044651272384544,0.1312627631165567
141,AA-Off,1.626285965807938,
141,O-1X,1.6109116465074877,
141,O-T2X-R,1.558759097811289,
141,ABL-TemporalOnly-R,1.5789467483506126,0.13239933500890144
142,AA-Off,1.659904832966803,
142,O-1X,1.647586134673788,
142,O-T2X-R,1.4939906992878835,
142,ABL-TemporalOnly-R,1.5208159885851922,0.13192595428840717
143,AA-Off,1.6518712692428525,
143,O-1X,1.6368544808356895,
143,O-T2X-R,1.5810237001256675,
143,ABL-TemporalOnly-R,1.605445760027228,0.13089606896010053
144,AA-Off,1.6473253089328725,
144,O-1X,1.634636807519112,
144,O-T2X-R,1.5058666156142004,
144,ABL-TemporalOnly-R,1.533685464446539,0.1304950125667609
145,AA-Off,1.6699494056969315,
145,O-1X,1.6548733833385696,
145,O-T2X-R,1.600696080741439,
145,ABL-TemporalOnly-R,1.6218332744266415,0.13217303513456907
146,AA-Off,1.6619942205990157,
146,O-1X,1.6486440006806995,
146,O-T2X-R,1.5163999502565713,
146,ABL-TemporalOnly-R,1.5436325138757985,0.13154567886689705
147,AA-Off,1.6789058409257513,
147,O-1X,1.6646535304743952,
147,O-T2X-R,1.6063439234474814,
147,ABL-TemporalOnly-R,1.6310258273117604,0.13042481542569903
148,AA-Off,1.6813812310189549,
148,O-1X,1.6674877604984815,
148,O-T2X-R,1.5163462797151535,
148,ABL-TemporalOnly-R,1.5448538459524557,0.13067451434705205
149,AA-Off,1.6809682296575557,
149,O-1X,1.6656950335113625,
149,O-T2X-R,1.6108016873494606,
149,ABL-TemporalOnly-R,1.6354745915802702,0.131633548015499
150,AA-Off,1.687374986909624,
150,O-1X,1.6708262972562573,
150,O-T2X-R,1.5307106765106293,
150,ABL-TemporalOnly-R,1.5593962718609278,0.1315946041470311
151,AA-Off,1.689259182898733,
151,O-1X,1.6756730089538172,
151,O-T2X-R,1.61758250209446,
151,ABL-TemporalOnly-R,1.6423175856110588,0.13138859435542988
152,AA-Off,1.722307473295633,
152,O-1X,1.703868533354278,
152,O-T2X-R,1.5318762108597759,
152,ABL-TemporalOnly-R,1.5618809888469998,0.1333681864593151
153,AA-Off,1.6836121583411876,
153,O-1X,1.6691441839459629,
153,O-T2X-R,1.636956913027542,
153,ABL-TemporalOnly-R,1.6586543748036444,0.13510380668132788
154,AA-Off,1.7236567637972562,
154,O-1X,1.7073132657869934,
154,O-T2X-R,1.543220167033197,
154,ABL-TemporalOnly-R,1.573818429940308,0.13374093491465075
155,AA-Off,1.6890436825845638,
155,O-1X,1.675703116818515,
155,O-T2X-R,1.6355788236988167,
155,ABL-TemporalOnly-R,1.6577861556183893,0.13163256623730232
156,AA-Off,1.7201195805843543,
156,O-1X,1.7055930267567285,
156,O-T2X-R,1.5623488061577129,
156,ABL-TemporalOnly-R,1.5931810595350298,0.13440985312598178
157,AA-Off,1.7295659231333125,
157,O-1X,1.7112534689496282,
157,O-T2X-R,1.644444608074144,
157,ABL-TemporalOnly-R,1.6656870156560897,0.13655929285789087
158,AA-Off,1.7393391978217614,
158,O-1X,1.7248206618494084,
158,O-T2X-R,1.5701730874960729,
158,ABL-TemporalOnly-R,1.6002459354382659,0.13718403105037177
159,AA-Off,1.7326788145355534,
159,O-1X,1.7154996596502252,
159,O-T2X-R,1.657336664834014,
159,ABL-TemporalOnly-R,1.6838972012776208,0.13583948581003247
160,AA-Off,1.7238220297936957,
160,O-1X,1.7105559155408943,
160,O-T2X-R,1.5712026455649806,
160,ABL-TemporalOnly-R,1.6013021651481831,0.1359309548120222
161,AA-Off,1.750911253796209,
161,O-1X,1.7329528942821237,
161,O-T2X-R,1.662769170855587,
161,ABL-TemporalOnly-R,1.687127906063462,0.13579694208817678
162,AA-Off,1.7220572834851817,
162,O-1X,1.704808095088491,
162,O-T2X-R,1.576982046549377,
162,ABL-TemporalOnly-R,1.6077357576709603,0.13386038459524557
163,AA-Off,1.7515428644360667,
163,O-1X,1.7351440595873913,
163,O-T2X-R,1.6677783668446957,
163,ABL-TemporalOnly-R,1.694408282280867,0.134440451879778
164,AA-Off,1.7473159820400042,
164,O-1X,1.7302485862393968,
164,O-T2X-R,1.5802194601528956,
164,ABL-TemporalOnly-R,1.6128748756414284,0.1346795148706671
165,AA-Off,1.7633168394596292,
165,O-1X,1.7477870719447062,
165,O-T2X-R,1.6834879633993087,
165,ABL-TemporalOnly-R,1.7094494515132475,0.13439709000942507
166,AA-Off,1.7464768889412503,
166,O-1X,1.729720225939889,
166,O-T2X-R,1.5963824746046706,
166,ABL-TemporalOnly-R,1.6267366020002094,0.13529983506126295
167,AA-Off,1.7745653995182742,
167,O-1X,1.7573990077495025,
167,O-T2X-R,1.6802808212901874,
167,ABL-TemporalOnly-R,1.7076678513456907,0.1342290423080951
168,AA-Off,1.757434515394282,
168,O-1X,1.7411803591999162,
168,O-T2X-R,1.599180706094879,
168,ABL-TemporalOnly-R,1.6295726319509896,0.13309181589695257
169,AA-Off,1.775511506440465,
169,O-1X,1.7579275316787097,
169,O-T2X-R,1.6984321002199183,
169,ABL-TemporalOnly-R,1.7254547269347575,0.13399881532097602
170,AA-Off,1.7751253403497749,
170,O-1X,1.756441937637449,
170,O-T2X-R,1.604069634254896,
170,ABL-TemporalOnly-R,1.6354034126610115,0.13381325924180543
171,AA-Off,1.770083418420777,
171,O-1X,1.7535154204628758,
171,O-T2X-R,1.7040041823751177,
171,ABL-TemporalOnly-R,1.7296645918420777,0.1346955505812127
172,AA-Off,1.7782598308723427,
172,O-1X,1.7604597012776206,
172,O-T2X-R,1.6106439483191957,
172,ABL-TemporalOnly-R,1.64172164624568,0.13539408576814327
173,AA-Off,1.7761530984919887,
173,O-1X,1.758119960205257,
173,O-T2X-R,1.7068752290815792,
173,ABL-TemporalOnly-R,1.732821990522568,0.1348662163577338
174,AA-Off,1.7717224971201173,
174,O-1X,1.7538763875798513,
174,O-T2X-R,1.6202316669284742,
174,ABL-TemporalOnly-R,1.6514589224002514,0.13447268693056866
175,AA-Off,1.813362328516075,
175,O-1X,1.7933445256047753,
175,O-T2X-R,1.7179922308618703,
175,ABL-TemporalOnly-R,1.7446154374803644,0.13459279112996125
176,AA-Off,1.7843457102837994,
176,O-1X,1.7671335021991832,
176,O-T2X-R,1.6250512160959263,
176,ABL-TemporalOnly-R,1.6572371779767514,0.13538868598806159
177,AA-Off,1.8108445583307153,
177,O-1X,1.7906726162425386,
177,O-T2X-R,1.727500589066918,
177,ABL-TemporalOnly-R,1.7563327966279192,0.13302816394386846
178,AA-Off,1.8009830872342654,
178,O-1X,1.7797565517331657,
178,O-T2X-R,1.640629745261284,
178,ABL-TemporalOnly-R,1.6716748808775788,0.13242338857471986
179,AA-Off,1.799765027751597,
179,O-1X,1.7824206068698294,
179,O-T2X-R,1.7267811092784584,
179,ABL-TemporalOnly-R,1.7537161941040946,0.13415622709184208
180,AA-Off,1.8140443371033617,
180,O-1X,1.7977361831081788,
180,O-T2X-R,1.6312446002199184,
180,ABL-TemporalOnly-R,1.6642600010472302,0.13432165671798094
181,AA-Off,0.0,
181,O-1X,0.0,
181,O-T2X-R,0.9333202429573777,
181,ABL-TemporalOnly-R,0.927488807728558,0.13555967902398156
182,AA-Off,0.0,
182,O-1X,0.0,
182,O-T2X-R,0.6004499816734736,
182,ABL-TemporalOnly-R,0.5834208752225364,0.1352676000104723
183,AA-Off,0.0,
183,O-1X,0.0,
183,O-T2X-R,0.0,
183,ABL-TemporalOnly-R,0.0,0.1352676000104723
184,AA-Off,0.0,
184,O-1X,0.0,
184,O-T2X-R,0.0,
184,ABL-TemporalOnly-R,0.0,0.1352676000104723
185,AA-Off,0.0,
185,O-1X,0.0,
185,O-T2X-R,0.0,
185,ABL-TemporalOnly-R,0.0,0.1352676000104723
186,AA-Off,0.0,
186,O-1X,0.0,
186,O-T2X-R,0.0,
186,ABL-TemporalOnly-R,0.0,0.1352676000104723
187,AA-Off,0.0,
187,O-1X,0.0,
187,O-T2X-R,0.0,
187,ABL-TemporalOnly-R,0.0,0.1352676000104723
188,AA-Off,0.0,
188,O-1X,0.0,
188,O-T2X-R,0.0,
188,ABL-TemporalOnly-R,0.0,0.1352676000104723
189,AA-Off,0.0,
189,O-1X,0.0,
189,O-T2X-R,0.0,
189,ABL-TemporalOnly-R,0.0,0.1352676000104723
190,AA-Off,0.0,
190,O-1X,0.0,
190,O-T2X-R,0.0,
190,ABL-TemporalOnly-R,0.0,0.1352676000104723
191,AA-Off,0.0,
191,O-1X,0.0,
191,O-T2X-R,0.0,
191,ABL-TemporalOnly-R,0.0,0.1352676000104723
192,AA-Off,0.0,
192,O-1X,0.0,
192,O-T2X-R,0.0,
192,ABL-TemporalOnly-R,0.0,0.1352676000104723
193,AA-Off,0.0,
193,O-1X,0.0,
193,O-T2X-R,0.0,
193,ABL-TemporalOnly-R,0.0,0.1352676000104723
194,AA-Off,0.0,
194,O-1X,0.0,
194,O-T2X-R,0.0,
194,ABL-TemporalOnly-R,0.0,0.1352676000104723
195,AA-Off,0.0,
195,O-1X,0.0,
195,O-T2X-R,0.0,
195,ABL-TemporalOnly-R,0.0,0.1352676000104723
196,AA-Off,0.0,
196,O-1X,0.0,
196,O-T2X-R,0.0,
196,ABL-TemporalOnly-R,0.0,0.1352676000104723
197,AA-Off,0.0,
197,O-1X,0.0,
197,O-T2X-R,0.0,
197,ABL-TemporalOnly-R,0.0,0.1352676000104723
198,AA-Off,0.0,
198,O-1X,0.0,
198,O-T2X-R,0.0,
198,ABL-TemporalOnly-R,0.0,0.1352676000104723
199,AA-Off,0.0,
199,O-1X,0.0,
199,O-T2X-R,0.0,
199,ABL-TemporalOnly-R,0.0,0.1352676000104723
200,AA-Off,0.0,
200,O-1X,0.0,
200,O-T2X-R,0.0,
200,ABL-TemporalOnly-R,0.0,0.1352676000104723
201,AA-Off,0.0,
201,O-1X,0.0,
201,O-T2X-R,0.0,
201,ABL-TemporalOnly-R,0.0,0.1352676000104723
202,AA-Off,0.0,
202,O-1X,0.0,
202,O-T2X-R,0.0,
202,ABL-TemporalOnly-R,0.0,0.1352676000104723
203,AA-Off,0.0,
203,O-1X,0.0,
203,O-T2X-R,0.0,
203,ABL-TemporalOnly-R,0.0,0.1352676000104723
204,AA-Off,0.0,
204,O-1X,0.0,
204,O-T2X-R,0.0,
204,ABL-TemporalOnly-R,0.0,0.1352676000104723
205,AA-Off,0.0,
205,O-1X,0.0,
205,O-T2X-R,0.0,
205,ABL-TemporalOnly-R,0.0,0.1352676000104723
206,AA-Off,0.0,
206,O-1X,0.0,
206,O-T2X-R,0.0,
206,ABL-TemporalOnly-R,0.0,0.1352676000104723
207,AA-Off,0.0,
207,O-1X,0.0,
207,O-T2X-R,0.0,
207,ABL-TemporalOnly-R,0.0,0.1352676000104723
208,AA-Off,0.0,
208,O-1X,0.0,
208,O-T2X-R,0.0,
208,ABL-TemporalOnly-R,0.0,0.1352676000104723
209,AA-Off,0.0,
209,O-1X,0.0,
209,O-T2X-R,0.0,
209,ABL-TemporalOnly-R,0.0,0.1352676000104723
210,AA-Off,0.0,
210,O-1X,0.0,
210,O-T2X-R,0.0,
210,ABL-TemporalOnly-R,0.0,0.1352676000104723
211,AA-Off,0.0,
211,O-1X,0.0,
211,O-T2X-R,0.0,
211,ABL-TemporalOnly-R,0.0,0.1352676000104723
212,AA-Off,0.0,
212,O-1X,0.0,
212,O-T2X-R,0.0,
212,ABL-TemporalOnly-R,0.0,0.1352676000104723
213,AA-Off,0.0,
213,O-1X,0.0,
213,O-T2X-R,0.0,
213,ABL-TemporalOnly-R,0.0,0.1352676000104723
214,AA-Off,0.0,
214,O-1X,0.0,
214,O-T2X-R,0.0,
214,ABL-TemporalOnly-R,0.0,0.1352676000104723
215,AA-Off,0.0,
215,O-1X,0.0,
215,O-T2X-R,0.0,
215,ABL-TemporalOnly-R,0.0,0.1352676000104723
216,AA-Off,0.0,
216,O-1X,0.0,
216,O-T2X-R,0.0,
216,ABL-TemporalOnly-R,0.0,0.1352676000104723
217,AA-Off,0.0,
217,O-1X,0.0,
217,O-T2X-R,0.0,
217,ABL-TemporalOnly-R,0.0,0.1352676000104723
218,AA-Off,0.0,
218,O-1X,0.0,
218,O-T2X-R,0.0,
218,ABL-TemporalOnly-R,0.0,0.1352676000104723
219,AA-Off,0.0,
219,O-1X,0.0,
219,O-T2X-R,0.0,
219,ABL-TemporalOnly-R,0.0,0.1352676000104723
220,AA-Off,0.0,
220,O-1X,0.0,
220,O-T2X-R,0.0,
220,ABL-TemporalOnly-R,0.0,0.1352676000104723
221,AA-Off,0.0,
221,O-1X,0.0,
221,O-T2X-R,0.0,
221,ABL-TemporalOnly-R,0.0,0.1352676000104723
222,AA-Off,0.0,
222,O-1X,0.0,
222,O-T2X-R,0.0,
222,ABL-TemporalOnly-R,0.0,0.1352676000104723
223,AA-Off,0.0,
223,O-1X,0.0,
223,O-T2X-R,0.0,
223,ABL-TemporalOnly-R,0.0,0.1352676000104723
224,AA-Off,0.0,
224,O-1X,0.0,
224,O-T2X-R,0.0,
224,ABL-TemporalOnly-R,0.0,0.1352676000104723
225,AA-Off,0.0,
225,O-1X,0.0,
225,O-T2X-R,0.0,
225,ABL-TemporalOnly-R,0.0,0.1352676000104723
226,AA-Off,0.0,
226,O-1X,0.0,
226,O-T2X-R,0.0,
226,ABL-TemporalOnly-R,0.0,0.1352676000104723
227,AA-Off,0.0,
227,O-1X,0.0,
227,O-T2X-R,0.0,
227,ABL-TemporalOnly-R,0.0,0.1352676000104723
228,AA-Off,0.0,
228,O-1X,0.0,
228,O-T2X-R,0.0,
228,ABL-TemporalOnly-R,0.0,0.1352676000104723
229,AA-Off,0.0,
229,O-1X,0.0,
229,O-T2X-R,0.0,
229,ABL-TemporalOnly-R,0.0,0.1352676000104723
230,AA-Off,0.0,
230,O-1X,0.0,
230,O-T2X-R,0.0,
230,ABL-TemporalOnly-R,0.0,0.1352676000104723
231,AA-Off,0.0,
231,O-1X,0.0,
231,O-T2X-R,0.0,
231,ABL-TemporalOnly-R,0.0,0.1352676000104723
232,AA-Off,0.0,
232,O-1X,0.0,
232,O-T2X-R,0.0,
232,ABL-TemporalOnly-R,0.0,0.1352676000104723
233,AA-Off,0.0,
233,O-1X,0.0,
233,O-T2X-R,0.0,
233,ABL-TemporalOnly-R,0.0,0.1352676000104723
234,AA-Off,0.0,
234,O-1X,0.0,
234,O-T2X-R,0.0,
234,ABL-TemporalOnly-R,0.0,0.1352676000104723
235,AA-Off,0.0,
235,O-1X,0.0,
235,O-T2X-R,0.0,
235,ABL-TemporalOnly-R,0.0,0.1352676000104723
236,AA-Off,0.0,
236,O-1X,0.0,
236,O-T2X-R,0.0,
236,ABL-TemporalOnly-R,0.0,0.1352676000104723
237,AA-Off,0.0,
237,O-1X,0.0,
237,O-T2X-R,0.0,
237,ABL-TemporalOnly-R,0.0,0.1352676000104723
238,AA-Off,0.0,
238,O-1X,0.0,
238,O-T2X-R,0.0,
238,ABL-TemporalOnly-R,0.0,0.1352676000104723
239,AA-Off,0.0,
239,O-1X,0.0,
239,O-T2X-R,0.0,
239,ABL-TemporalOnly-R,0.0,0.1352676000104723
