frame,mode,rgb_step,spatial_changed_pixels
0,AA-Off,,
0,O-1X,,81676
0,O-T2X,,
0,O-T2X-R,,
1,AA-Off,0.0,
1,O-1X,0.0,81676
1,O-T2X,0.9615142946905435,
1,O-T2X-R,0.9615142946905435,
2,AA-Off,0.0,
2,O-1X,0.0,81676
2,O-T2X,0.0,
2,O-T2X-R,0.0,
3,AA-Off,0.0,
3,O-1X,0.0,81676
3,O-T2X,0.0,
3,O-T2X-R,0.0,
4,AA-Off,0.0,
4,O-1X,0.0,81676
4,O-T2X,0.0,
4,O-T2X-R,0.0,
5,AA-Off,0.0,
5,O-1X,0.0,81676
5,O-T2X,0.0,
5,O-T2X-R,0.0,
6,AA-Off,0.0,
6,O-1X,0.0,81676
6,O-T2X,0.0,
6,O-T2X-R,0.0,
7,AA-Off,0.0,
7,O-1X,0.0,81676
7,O-T2X,0.0,
7,O-T2X-R,0.0,
8,AA-Off,0.0,
8,O-1X,0.0,81676
8,O-T2X,0.0,
8,O-T2X-R,0.0,
9,AA-Off,0.0,
9,O-1X,0.0,81676
9,O-T2X,0.0,
9,O-T2X-R,0.0,
10,AA-Off,0.0,
10,O-1X,0.0,81676
10,O-T2X,0.0,
10,O-T2X-R,0.0,
11,AA-Off,0.0,
11,O-1X,0.0,81676
11,O-T2X,0.0,
11,O-T2X-R,0.0,
12,AA-Off,0.0,
12,O-1X,0.0,81676
12,O-T2X,0.0,
12,O-T2X-R,0.0,
13,AA-Off,0.0,
13,O-1X,0.0,81676
13,O-T2X,0.0,
13,O-T2X-R,0.0,
14,AA-Off,0.0,
14,O-1X,0.0,81676
14,O-T2X,0.0,
14,O-T2X-R,0.0,
15,AA-Off,0.0,
15,O-1X,0.0,81676
15,O-T2X,0.0,
15,O-T2X-R,0.0,
16,AA-Off,0.0,
16,O-1X,0.0,81676
16,O-T2X,0.0,
16,O-T2X-R,0.0,
17,AA-Off,0.0,
17,O-1X,0.0,81676
17,O-T2X,0.0,
17,O-T2X-R,0.0,
18,AA-Off,0.0,
18,O-1X,0.0,81676
18,O-T2X,0.0,
18,O-T2X-R,0.0,
19,AA-Off,0.0,
19,O-1X,0.0,81676
19,O-T2X,0.0,
19,O-T2X-R,0.0,
20,AA-Off,0.0,
20,O-1X,0.0,81676
20,O-T2X,0.0,
20,O-T2X-R,0.0,
21,AA-Off,0.0,
21,O-1X,0.0,81676
21,O-T2X,0.0,
21,O-T2X-R,0.0,
22,AA-Off,0.0,
22,O-1X,0.0,81676
22,O-T2X,0.0,
22,O-T2X-R,0.0,
23,AA-Off,0.0,
23,O-1X,0.0,81676
23,O-T2X,0.0,
23,O-T2X-R,0.0,
24,AA-Off,0.0,
24,O-1X,0.0,81676
24,O-T2X,0.0,
24,O-T2X-R,0.0,
25,AA-Off,0.0,
25,O-1X,0.0,81676
25,O-T2X,0.0,
25,O-T2X-R,0.0,
26,AA-Off,0.0,
26,O-1X,0.0,81676
26,O-T2X,0.0,
26,O-T2X-R,0.0,
27,AA-Off,0.0,
27,O-1X,0.0,81676
27,O-T2X,0.0,
27,O-T2X-R,0.0,
28,AA-Off,0.0,
28,O-1X,0.0,81676
28,O-T2X,0.0,
28,O-T2X-R,0.0,
29,AA-Off,0.0,
29,O-1X,0.0,81676
29,O-T2X,0.0,
29,O-T2X-R,0.0,
30,AA-Off,0.0,
30,O-1X,0.0,81676
30,O-T2X,0.0,
30,O-T2X-R,0.0,
31,AA-Off,0.0,
31,O-1X,0.0,81676
31,O-T2X,0.0,
31,O-T2X-R,0.0,
32,AA-Off,0.0,
32,O-1X,0.0,81676
32,O-T2X,0.0,
32,O-T2X-R,0.0,
33,AA-Off,0.0,
33,O-1X,0.0,81676
33,O-T2X,0.0,
33,O-T2X-R,0.0,
34,AA-Off,0.0,
34,O-1X,0.0,81676
34,O-T2X,0.0,
34,O-T2X-R,0.0,
35,AA-Off,0.0,
35,O-1X,0.0,81676
35,O-T2X,0.0,
35,O-T2X-R,0.0,
36,AA-Off,0.0,
36,O-1X,0.0,81676
36,O-T2X,0.0,
36,O-T2X-R,0.0,
37,AA-Off,0.0,
37,O-1X,0.0,81676
37,O-T2X,0.0,
37,O-T2X-R,0.0,
38,AA-Off,0.0,
38,O-1X,0.0,81676
38,O-T2X,0.0,
38,O-T2X-R,0.0,
39,AA-Off,0.0,
39,O-1X,0.0,81676
39,O-T2X,0.0,
39,O-T2X-R,0.0,
40,AA-Off,0.0,
40,O-1X,0.0,81676
40,O-T2X,0.0,
40,O-T2X-R,0.0,
41,AA-Off,0.0,
41,O-1X,0.0,81676
41,O-T2X,0.0,
41,O-T2X-R,0.0,
42,AA-Off,0.0,
42,O-1X,0.0,81676
42,O-T2X,0.0,
42,O-T2X-R,0.0,
43,AA-Off,0.0,
43,O-1X,0.0,81676
43,O-T2X,0.0,
43,O-T2X-R,0.0,
44,AA-Off,0.0,
44,O-1X,0.0,81676
44,O-T2X,0.0,
44,O-T2X-R,0.0,
45,AA-Off,0.0,
45,O-1X,0.0,81676
45,O-T2X,0.0,
45,O-T2X-R,0.0,
46,AA-Off,0.0,
46,O-1X,0.0,81676
46,O-T2X,0.0,
46,O-T2X-R,0.0,
47,AA-Off,0.0,
47,O-1X,0.0,81676
47,O-T2X,0.0,
47,O-T2X-R,0.0,
48,AA-Off,0.0,
48,O-1X,0.0,81676
48,O-T2X,0.0,
48,O-T2X-R,0.0,
49,AA-Off,0.0,
49,O-1X,0.0,81676
49,O-T2X,0.0,
49,O-T2X-R,0.0,
50,AA-Off,0.0,
50,O-1X,0.0,81676
50,O-T2X,0.0,
50,O-T2X-R,0.0,
51,AA-Off,0.0,
51,O-1X,0.0,81676
51,O-T2X,0.0,
51,O-T2X-R,0.0,
52,AA-Off,0.0,
52,O-1X,0.0,81676
52,O-T2X,0.0,
52,O-T2X-R,0.0,
53,AA-Off,0.0,
53,O-1X,0.0,81676
53,O-T2X,0.0,
53,O-T2X-R,0.0,
54,AA-Off,0.0,
54,O-1X,0.0,81676
54,O-T2X,0.0,
54,O-T2X-R,0.0,
55,AA-Off,0.0,
55,O-1X,0.0,81676
55,O-T2X,0.0,
55,O-T2X-R,0.0,
56,AA-Off,0.0,
56,O-1X,0.0,81676
56,O-T2X,0.0,
56,O-T2X-R,0.0,
57,AA-Off,0.0,
57,O-1X,0.0,81676
57,O-T2X,0.0,
57,O-T2X-R,0.0,
58,AA-Off,0.0,
58,O-1X,0.0,81676
58,O-T2X,0.0,
58,O-T2X-R,0.0,
59,AA-Off,0.0,
59,O-1X,0.0,81676
59,O-T2X,0.0,
59,O-T2X-R,0.0,
60,AA-Off,0.0,
60,O-1X,0.0,81676
60,O-T2X,0.0,
60,O-T2X-R,0.0,
61,AA-Off,8.35010946826893,
61,O-1X,8.263422053356372,94299
61,O-T2X,4.155932885642476,
61,O-T2X-R,7.780529374803645,
62,AA-Off,8.332336501204315,
62,O-1X,8.245259156717982,101212
62,O-T2X,6.770965873389883,
62,O-T2X-R,8.322790017279296,
63,AA-Off,7.855246131793905,
63,O-1X,7.7674527437428,105851
63,O-T2X,6.976341927165148,
63,O-T2X-R,7.584930686459315,
64,AA-Off,6.566853368153733,
64,O-1X,6.49042471724788,106237
64,O-T2X,6.342312840349775,
64,O-T2X-R,6.2829915108911925,
65,AA-Off,6.702401102209656,
65,O-1X,6.618900048434391,107171
65,O-T2X,5.870841351188606,
65,O-T2X-R,6.508728171798094,
66,AA-Off,6.473766232066185,
66,O-1X,6.390477733270499,108661
66,O-T2X,5.812910874175306,
66,O-T2X-R,6.109163917687716,
67,AA-Off,6.5573181746779765,
67,O-1X,6.478285357105456,110170
67,O-T2X,5.781162785370196,
67,O-T2X-R,6.3711633744371134,
68,AA-Off,6.57717856581841,
68,O-1X,6.49333143522882,111544
68,O-T2X,5.81941613650644,
68,O-T2X-R,6.186461933186721,
69,AA-Off,6.48078725520997,
69,O-1X,6.402908517907634,112007
69,O-T2X,5.781497408105561,
69,O-T2X-R,6.340749685830977,
70,AA-Off,6.675631447010158,
70,O-1X,6.592062814169023,113907
70,O-T2X,5.8155831107969425,
70,O-T2X-R,6.252801176824798,
71,AA-Off,6.514209112210703,
71,O-1X,6.428454550214682,116176
71,O-T2X,5.7873542059377945,
71,O-T2X-R,6.312671647554718,
72,AA-Off,6.525601175515761,
72,O-1X,6.442649426641533,118474
72,O-T2X,5.752995896167138,
72,O-T2X-R,6.161079530579118,
73,AA-Off,6.273569549167452,
73,O-1X,6.193324890040842,121973
73,O-T2X,5.6391271337312805,
73,O-T2X-R,6.060574242067232,
74,AA-Off,6.403267521468217,
74,O-1X,6.322849905749293,124882
74,O-T2X,5.554442055450832,
74,O-T2X-R,6.052749306210075,
75,AA-Off,6.466183795423604,
75,O-1X,6.377196237825951,128038
75,O-T2X,5.62607324719866,
75,O-T2X-R,6.214172622787727,
76,AA-Off,6.380688750130904,
76,O-1X,6.29859376636297,130725
76,O-T2X,5.592673480207352,
76,O-T2X-R,6.0304347968373655,
77,AA-Off,6.677966279191538,
77,O-1X,6.5962410985443505,135355
77,O-T2X,5.679025290606346,
77,O-T2X-R,6.44152430882815,
78,AA-Off,6.564413812964708,
78,O-1X,6.476792236098021,140389
78,O-T2X,5.754073234108284,
78,O-T2X-R,6.112480528065766,
79,AA-Off,6.568577043407687,
79,O-1X,6.487223302178238,143421
79,O-T2X,5.6657136872970995,
79,O-T2X-R,6.3731562205466545,
80,AA-Off,6.552398484134464,
80,O-1X,6.46520627159912,148687
80,O-T2X,5.7052088242224315,
80,O-T2X-R,6.160416666666666,
81,AA-Off,6.652664546025762,
81,O-1X,6.565204635302126,153874
81,O-T2X,5.685650820766573,
81,O-T2X-R,6.3550016690229345,
82,AA-Off,6.717946087286627,
82,O-1X,6.633049108545397,160413
82,O-T2X,5.740213634935595,
82,O-T2X-R,6.326016467692952,
83,AA-Off,6.416408295371243,
83,O-1X,6.335200020944601,165699
83,O-T2X,5.634251459576919,
83,O-T2X-R,6.210673728924495,
84,AA-Off,6.55484360273327,
84,O-1X,6.470078182270395,173012
84,O-T2X,5.591820314954446,
84,O-T2X-R,6.211068076500157,
85,AA-Off,6.458650284061158,
85,O-1X,6.374869423499843,180704
85,O-T2X,5.569974604670646,
85,O-T2X-R,6.178528510838832,
86,AA-Off,6.6598660527280344,
86,O-1X,6.5672608061053515,191665
86,O-T2X,5.546552158602995,
86,O-T2X-R,6.264092935124097,
87,AA-Off,6.05363797910776,
87,O-1X,5.97822825034035,197643
87,O-T2X,5.471907562310189,
87,O-T2X-R,5.759127919153838,
88,AA-Off,5.7218664912556285,
88,O-1X,5.644896389674312,201558
88,O-T2X,5.041173814011938,
88,O-T2X-R,5.333148431772961,
89,AA-Off,5.988155500575976,
89,O-1X,5.912436511676615,204455
89,O-T2X,4.933450655827835,
89,O-T2X-R,5.661395335899047,
90,AA-Off,6.137378914022411,
90,O-1X,6.056885046863546,207808
90,O-T2X,5.129901036757776,
90,O-T2X-R,5.7248542059377945,
91,AA-Off,5.937361078385171,
91,O-1X,5.861253305319929,211878
91,O-T2X,5.080862361242015,
91,O-T2X-R,5.590074058801969,
92,AA-Off,5.879148831029427,
92,O-1X,5.801694549167452,216221
92,O-T2X,4.970662667556812,
92,O-T2X-R,5.4557478204524035,
93,AA-Off,6.2169651272384545,
93,O-1X,6.134114174259085,222035
93,O-T2X,5.03772122735365,
93,O-T2X-R,5.844337266991308,
94,AA-Off,6.698550240862917,
94,O-1X,6.607286266886585,228044
94,O-T2X,5.354765714996335,
94,O-T2X-R,6.207674887422767,
95,AA-Off,7.3592324785317835,
95,O-1X,7.272915521258771,231491
95,O-T2X,5.77961092130066,
95,O-T2X-R,6.992887507854226,
96,AA-Off,7.866225193737564,
96,O-1X,7.772464394177401,234618
96,O-T2X,6.374269066132579,
96,O-T2X-R,7.317495123834957,
97,AA-Off,6.994508750916326,
97,O-1X,6.904381348832339,238658
97,O-T2X,6.23424245994345,
97,O-T2X-R,6.68783609540266,
98,AA-Off,5.917952632474605,
98,O-1X,5.8357339446538905,238664
98,O-T2X,5.42039513299822,
98,O-T2X-R,5.430513829982197,
99,AA-Off,5.935344015080113,
99,O-1X,5.847645695884386,240967
99,O-T2X,4.864890302649492,
99,O-T2X-R,5.572094754686354,
100,AA-Off,5.836910933081998,
100,O-1X,5.755437578542256,243840
100,O-T2X,4.823429973033826,
100,O-T2X-R,5.339868212640067,
101,AA-Off,5.842743022829616,
101,O-1X,5.756187493454812,246491
101,O-T2X,4.798435536443606,
101,O-T2X-R,5.502347268038538,
102,AA-Off,5.837867185045554,
102,O-1X,5.750041071054561,247870
102,O-T2X,4.775343785998534,
102,O-T2X-R,5.31252667164101,
103,AA-Off,5.86861729631375,
103,O-1X,5.788184463032779,250185
103,O-T2X,4.792632081893392,
103,O-T2X-R,5.501453031731072,
104,AA-Off,5.846023798303487,
104,O-1X,5.759674442349985,251025
104,O-T2X,4.788386709341292,
104,O-T2X-R,5.3202367394491565,
105,AA-Off,5.812886820609488,
105,O-1X,5.724460185621531,253847
105,O-T2X,4.773093714001466,
105,O-T2X-R,5.4700451290711065,
106,AA-Off,5.79998821866164,
106,O-1X,5.719458843857995,254664
106,O-T2X,4.736284722222222,
106,O-T2X-R,5.29694585165986,
107,AA-Off,5.708542615718923,
107,O-1X,5.627836684469578,256638
107,O-T2X,4.693884176353545,
107,O-T2X-R,5.357662287935909,
108,AA-Off,5.799520074091528,
108,O-1X,5.719160874175306,257828
108,O-T2X,4.694863663734423,
108,O-T2X-R,5.283176412451565,
109,AA-Off,5.771187755262331,
109,O-1X,5.687944254633993,260309
109,O-T2X,4.702912117761022,
109,O-T2X-R,5.380045030893287,
110,AA-Off,5.776953084092575,
110,O-1X,5.697892776730548,261998
110,O-T2X,4.680379653628652,
110,O-T2X-R,5.284541411404335,
111,AA-Off,5.7159501322127975,
111,O-1X,5.632911986857263,263013
111,O-T2X,4.667288950413656,
111,O-T2X-R,5.343153569745523,
112,AA-Off,5.731970625196356,
112,O-1X,5.6462630249240755,263486
112,O-T2X,4.652839629804168,
112,O-T2X-R,5.249509438161064,
113,AA-Off,5.6857208542779345,
113,O-1X,5.608935981516389,266970
113,O-T2X,4.654601267148393,
113,O-T2X-R,5.311712286626872,
114,AA-Off,5.661377173002409,
114,O-1X,5.580729821185464,269589
114,O-T2X,4.593579988742277,
114,O-T2X-R,5.1792242643208715,
115,AA-Off,5.646965650853493,
115,O-1X,5.565057532202325,269217
115,O-T2X,4.567706206147241,
115,O-T2X-R,5.21472585480155,
116,AA-Off,5.575829929835585,
116,O-1X,5.496565903497748,270661
116,O-T2X,4.526200551104828,
116,O-T2X-R,5.105453123363703,
117,AA-Off,5.591424494711488,
117,O-1X,5.508375222536391,271536
117,O-T2X,4.5220536836317935,
117,O-T2X-R,5.170535363650644,
118,AA-Off,5.542102085296889,
118,O-1X,5.467713896743114,273156
118,O-T2X,4.490519458843858,
118,O-T2X-R,5.061272286365065,
119,AA-Off,5.522765636454079,
119,O-1X,5.437961599382135,275639
119,O-T2X,4.459202043407687,
119,O-T2X-R,5.1093160933082,
120,AA-Off,5.5067593792543725,
120,O-1X,5.429525670227249,276342
120,O-T2X,4.463054050162321,
120,O-T2X-R,5.027584367473033,
121,AA-Off,5.458606431301707,
121,O-1X,5.379006800450309,277004
121,O-T2X,4.425473217090794,
121,O-T2X-R,5.032838680751911,
122,AA-Off,5.1750505615771285,
122,O-1X,5.0965184508849095,278390
122,O-T2X,4.3053336736831085,
122,O-T2X-R,4.692748422609697,
123,AA-Off,5.18220510655566,
123,O-1X,5.106604258299298,277746
123,O-T2X,4.172064974081056,
123,O-T2X-R,4.773960460519426,
124,AA-Off,5.146569339721437,
124,O-1X,5.066547216986072,275941
124,O-T2X,4.192073286469787,
124,O-T2X-R,4.706623402974134,
125,AA-Off,5.144119966750445,
125,O-1X,5.072388797256258,277483
125,O-T2X,4.1735361687087655,
125,O-T2X-R,4.746464125824693,
126,AA-Off,5.139771180228296,
126,O-1X,5.060515499005131,277458
126,O-T2X,4.144045024348099,
126,O-T2X-R,4.65928074929312,
127,AA-Off,5.123114494973295,
127,O-1X,5.045657267776731,277913
127,O-T2X,4.154885819195727,
127,O-T2X-R,4.725263771075506,
128,AA-Off,5.142126957011206,
128,O-1X,5.062779643156351,279108
128,O-T2X,4.152939934809928,
128,O-T2X-R,4.669059260131951,
129,AA-Off,5.1260707927531675,
129,O-1X,5.041160560006284,277958
129,O-T2X,4.15924802335323,
129,O-T2X-R,4.718659185516808,
130,AA-Off,5.0930585008901454,
130,O-1X,5.012712718609278,279075
130,O-T2X,4.1278294847628025,
130,O-T2X-R,4.61929554141795,
131,AA-Off,5.110467064614095,
131,O-1X,5.038728531783433,277652
131,O-T2X,4.138220134307257,
131,O-T2X-R,4.694732596345167,
132,AA-Off,5.0820519491569796,
132,O-1X,5.005998337522254,278270
132,O-T2X,4.142605410252383,
132,O-T2X-R,4.61726113336475,
133,AA-Off,5.046501106136768,
133,O-1X,4.972412523562677,279251
133,O-T2X,4.137250955597445,
133,O-T2X-R,4.6749186760393755,
134,AA-Off,5.110412248664781,
134,O-1X,5.025935961880825,278192
134,O-T2X,4.143151115300031,
134,O-T2X-R,4.607879915436171,
135,AA-Off,5.04694257906587,
135,O-1X,4.972144989004084,278168
135,O-T2X,4.145037929364332,
135,O-T2X-R,4.669278851188606,
136,AA-Off,5.001531410357106,
136,O-1X,4.923759523248508,279253
136,O-T2X,4.120922020630433,
136,O-T2X-R,4.557829190229343,
137,AA-Off,5.0022628351136245,
137,O-1X,4.919863500104723,279053
137,O-T2X,4.110323888627081,
137,O-T2X-R,4.61557803827626,
138,AA-Off,5.02452531024191,
138,O-1X,4.940603891768772,278807
138,O-T2X,4.104077488480469,
138,O-T2X-R,4.5572019975913705,
139,AA-Off,5.021428945439313,
139,O-1X,4.9467809129228195,278983
139,O-T2X,4.128405461304848,
139,O-T2X-R,4.64085784506231,
140,AA-Off,5.021080577809195,
140,O-1X,4.945656776887632,279194
140,O-T2X,4.105915704524034,
140,O-T2X-R,4.564117970468112,
141,AA-Off,5.041406495444549,
141,O-1X,4.963158609540266,278380
141,O-T2X,4.116126688658499,
141,O-T2X-R,4.6392923997277205,
142,AA-Off,5.028618343543827,
142,O-1X,4.941883639648131,278162
142,O-T2X,4.119375392711278,
142,O-T2X-R,4.584175699026076,
143,AA-Off,5.054403438841764,
143,O-1X,4.973273543041156,276732
143,O-T2X,4.128349827207037,
143,O-T2X-R,4.6527263980521525,
144,AA-Off,5.0194712797151535,
144,O-1X,4.939953300083778,276556
144,O-T2X,4.11317235443502,
144,O-T2X-R,4.584910887265682,
145,AA-Off,5.075146775840402,
145,O-1X,4.993839669075296,276701
145,O-T2X,4.117340984658079,
145,O-T2X-R,4.649163524976437,
146,AA-Off,5.056196165828883,
146,O-1X,4.972948410828359,276772
146,O-T2X,4.138952377212274,
146,O-T2X-R,4.615314267200754,
147,AA-Off,5.0820144779558065,
147,O-1X,5.001880596135721,275691
147,O-T2X,4.168395905330401,
147,O-T2X-R,4.72088749476385,
148,AA-Off,5.114471574248612,
148,O-1X,5.027599912294481,275879
148,O-T2X,4.1858920109435545,
148,O-T2X-R,4.649657032149963,
149,AA-Off,5.113214243638077,
149,O-1X,5.030530847470939,274996
149,O-T2X,4.172746819038643,
149,O-T2X-R,4.700209773274689,
150,AA-Off,5.062639085244529,
150,O-1X,4.978818135406849,273601
150,O-T2X,4.144542458634412,
150,O-T2X-R,4.6114982589799975,
151,AA-Off,5.065313121792858,
151,O-1X,4.984002087914965,272854
151,O-T2X,4.155041758299299,
151,O-T2X-R,4.686239069536077,
152,AA-Off,5.081372231385485,
152,O-1X,5.00066630013614,272845
152,O-T2X,4.157556583150068,
152,O-T2X-R,4.6308052544769085,
153,AA-Off,5.071401455649807,
153,O-1X,4.9871256152476695,272741
153,O-T2X,4.144704288407163,
153,O-T2X-R,4.6796195936747305,
154,AA-Off,5.067047432977275,
154,O-1X,4.981552387684574,272876
154,O-T2X,4.140953732066185,
154,O-T2X-R,4.624694503351137,
155,AA-Off,5.128547491883967,
155,O-1X,5.042808311079694,273150
155,O-T2X,4.162588687297099,
155,O-T2X-R,4.720199759137082,
156,AA-Off,5.1269162674102,
156,O-1X,5.037435366268719,272155
156,O-T2X,4.176974519583203,
156,O-T2X-R,4.674516310608441,
157,AA-Off,5.151523719761231,
157,O-1X,5.063056668237512,271638
157,O-T2X,4.220057401298566,
157,O-T2X-R,4.772857596345167,
158,AA-Off,5.169092149701539,
158,O-1X,5.082224087600796,271530
158,O-T2X,4.2142449471148815,
158,O-T2X-R,4.713108866111635,
159,AA-Off,5.166393405068594,
159,O-1X,5.079762278772646,270429
159,O-T2X,4.237158668446958,
159,O-T2X-R,4.800136630799036,
160,AA-Off,5.220992872290292,
160,O-1X,5.133926000104723,269699
160,O-T2X,4.251262894020316,
160,O-T2X-R,4.751668695674939,
161,AA-Off,5.196237662320661,
161,O-1X,5.106674782699759,268568
161,O-T2X,4.266165305267568,
161,O-T2X-R,4.834359291548854,
162,AA-Off,5.204220173578385,
162,O-1X,5.118758508744371,267242
162,O-T2X,4.258028000314169,
162,O-T2X-R,4.742662353387789,
163,AA-Off,5.221531704890564,
163,O-1X,5.13418028065766,266654
163,O-T2X,4.2616684338674204,
163,O-T2X-R,4.833120287464656,
164,AA-Off,5.1835043263692535,
164,O-1X,5.098914316944183,265553
164,O-T2X,4.271456271599121,
164,O-T2X-R,4.766245811079695,
165,AA-Off,5.232345009948686,
165,O-1X,5.145416404859148,264326
165,O-T2X,4.267872617551576,
165,O-T2X-R,4.841939273745942,
166,AA-Off,5.256316106398576,
166,O-1X,5.169034879306734,264123
166,O-T2X,4.282908059744476,
166,O-T2X-R,4.790462352078752,
167,AA-Off,5.258262645303173,
167,O-1X,5.169234671169756,262264
167,O-T2X,4.325787713373128,
167,O-T2X-R,4.915193017593466,
168,AA-Off,5.259791601214787,
168,O-1X,5.173590493768981,260870
168,O-T2X,4.311506113205572,
168,O-T2X-R,4.813538230442978,
169,AA-Off,5.2417224643941775,
169,O-1X,5.154975488271023,260223
169,O-T2X,4.318760635930464,
169,O-T2X-R,4.880053376007959,
170,AA-Off,5.236897024557545,
170,O-1X,5.152724761755158,258802
170,O-T2X,4.269063350874437,
170,O-T2X-R,4.78591704628757,
171,AA-Off,5.275272279819877,
171,O-1X,5.183161358519217,257902
171,O-T2X,4.2892403654832965,
171,O-T2X-R,4.883016546235208,
172,AA-Off,5.270873095350298,
172,O-1X,5.197731928735993,256429
172,O-T2X,4.296529250445073,
172,O-T2X-R,4.841460656875065,
173,AA-Off,5.341779734788983,
173,O-1X,5.252742924651796,254509
173,O-T2X,4.356040390355011,
173,O-T2X-R,4.970583798041679,
174,AA-Off,5.310173349303592,
174,O-1X,5.22663596973505,252816
174,O-T2X,4.380104101214787,
174,O-T2X-R,4.90186619672217,
175,AA-Off,5.377486516912766,
175,O-1X,5.290421771913289,251193
175,O-T2X,4.368328817153628,
175,O-T2X-R,4.975026180751911,
176,AA-Off,5.340469551785527,
176,O-1X,5.25955777437428,250716
176,O-T2X,4.384304966488638,
176,O-T2X-R,4.922068410304744,
177,AA-Off,5.327344649963347,
177,O-1X,5.246498651691277,249133
177,O-T2X,4.379898909571683,
177,O-T2X-R,4.976161116347262,
178,AA-Off,5.3611973439627185,
178,O-1X,5.278608034872762,246862
178,O-T2X,4.39762966017384,
178,O-T2X-R,4.95787451565609,
179,AA-Off,5.446852909990575,
179,O-1X,5.36259719604147,245366
179,O-T2X,4.420067055450833,
179,O-T2X-R,5.062761643889412,
180,AA-Off,5.464191603832862,
180,O-1X,5.380640642999267,243201
180,O-T2X,4.445312009110902,
180,O-T2X-R,5.018736418734946,
181,AA-Off,0.0,
181,O-1X,0.0,243201
181,O-T2X,2.729194320085873,
181,O-T2X-R,2.354059816472929,
182,AA-Off,0.0,
182,O-1X,0.0,243201
182,O-T2X,0.0,
182,O-T2X-R,1.5577927008063672,
183,AA-Off,0.0,
183,O-1X,0.0,243201
183,O-T2X,0.0,
183,O-T2X-R,0.0,
184,AA-Off,0.0,
184,O-1X,0.0,243201
184,O-T2X,0.0,
184,O-T2X-R,0.0,
185,AA-Off,0.0,
185,O-1X,0.0,243201
185,O-T2X,0.0,
185,O-T2X-R,0.0,
186,AA-Off,0.0,
186,O-1X,0.0,243201
186,O-T2X,0.0,
186,O-T2X-R,0.0,
187,AA-Off,0.0,
187,O-1X,0.0,243201
187,O-T2X,0.0,
187,O-T2X-R,0.0,
188,AA-Off,0.0,
188,O-1X,0.0,243201
188,O-T2X,0.0,
188,O-T2X-R,0.0,
189,AA-Off,0.0,
189,O-1X,0.0,243201
189,O-T2X,0.0,
189,O-T2X-R,0.0,
190,AA-Off,0.0,
190,O-1X,0.0,243201
190,O-T2X,0.0,
190,O-T2X-R,0.0,
191,AA-Off,0.0,
191,O-1X,0.0,243201
191,O-T2X,0.0,
191,O-T2X-R,0.0,
192,AA-Off,0.0,
192,O-1X,0.0,243201
192,O-T2X,0.0,
192,O-T2X-R,0.0,
193,AA-Off,0.0,
193,O-1X,0.0,243201
193,O-T2X,0.0,
193,O-T2X-R,0.0,
194,AA-Off,0.0,
194,O-1X,0.0,243201
194,O-T2X,0.0,
194,O-T2X-R,0.0,
195,AA-Off,0.0,
195,O-1X,0.0,243201
195,O-T2X,0.0,
195,O-T2X-R,0.0,
196,AA-Off,0.0,
196,O-1X,0.0,243201
196,O-T2X,0.0,
196,O-T2X-R,0.0,
197,AA-Off,0.0,
197,O-1X,0.0,243201
197,O-T2X,0.0,
197,O-T2X-R,0.0,
198,AA-Off,0.0,
198,O-1X,0.0,243201
198,O-T2X,0.0,
198,O-T2X-R,0.0,
199,AA-Off,0.0,
199,O-1X,0.0,243201
199,O-T2X,0.0,
199,O-T2X-R,0.0,
200,AA-Off,0.0,
200,O-1X,0.0,243201
200,O-T2X,0.0,
200,O-T2X-R,0.0,
201,AA-Off,0.0,
201,O-1X,0.0,243201
201,O-T2X,0.0,
201,O-T2X-R,0.0,
202,AA-Off,0.0,
202,O-1X,0.0,243201
202,O-T2X,0.0,
202,O-T2X-R,0.0,
203,AA-Off,0.0,
203,O-1X,0.0,243201
203,O-T2X,0.0,
203,O-T2X-R,0.0,
204,AA-Off,0.0,
204,O-1X,0.0,243201
204,O-T2X,0.0,
204,O-T2X-R,0.0,
205,AA-Off,0.0,
205,O-1X,0.0,243201
205,O-T2X,0.0,
205,O-T2X-R,0.0,
206,AA-Off,0.0,
206,O-1X,0.0,243201
206,O-T2X,0.0,
206,O-T2X-R,0.0,
207,AA-Off,0.0,
207,O-1X,0.0,243201
207,O-T2X,0.0,
207,O-T2X-R,0.0,
208,AA-Off,0.0,
208,O-1X,0.0,243201
208,O-T2X,0.0,
208,O-T2X-R,0.0,
209,AA-Off,0.0,
209,O-1X,0.0,243201
209,O-T2X,0.0,
209,O-T2X-R,0.0,
210,AA-Off,0.0,
210,O-1X,0.0,243201
210,O-T2X,0.0,
210,O-T2X-R,0.0,
211,AA-Off,0.0,
211,O-1X,0.0,243201
211,O-T2X,0.0,
211,O-T2X-R,0.0,
212,AA-Off,0.0,
212,O-1X,0.0,243201
212,O-T2X,0.0,
212,O-T2X-R,0.0,
213,AA-Off,0.0,
213,O-1X,0.0,243201
213,O-T2X,0.0,
213,O-T2X-R,0.0,
214,AA-Off,0.0,
214,O-1X,0.0,243201
214,O-T2X,0.0,
214,O-T2X-R,0.0,
215,AA-Off,0.0,
215,O-1X,0.0,243201
215,O-T2X,0.0,
215,O-T2X-R,0.0,
216,AA-Off,0.0,
216,O-1X,0.0,243201
216,O-T2X,0.0,
216,O-T2X-R,0.0,
217,AA-Off,0.0,
217,O-1X,0.0,243201
217,O-T2X,0.0,
217,O-T2X-R,0.0,
218,AA-Off,0.0,
218,O-1X,0.0,243201
218,O-T2X,0.0,
218,O-T2X-R,0.0,
219,AA-Off,0.0,
219,O-1X,0.0,243201
219,O-T2X,0.0,
219,O-T2X-R,0.0,
220,AA-Off,0.0,
220,O-1X,0.0,243201
220,O-T2X,0.0,
220,O-T2X-R,0.0,
221,AA-Off,0.0,
221,O-1X,0.0,243201
221,O-T2X,0.0,
221,O-T2X-R,0.0,
222,AA-Off,0.0,
222,O-1X,0.0,243201
222,O-T2X,0.0,
222,O-T2X-R,0.0,
223,AA-Off,0.0,
223,O-1X,0.0,243201
223,O-T2X,0.0,
223,O-T2X-R,0.0,
224,AA-Off,0.0,
224,O-1X,0.0,243201
224,O-T2X,0.0,
224,O-T2X-R,0.0,
225,AA-Off,0.0,
225,O-1X,0.0,243201
225,O-T2X,0.0,
225,O-T2X-R,0.0,
226,AA-Off,0.0,
226,O-1X,0.0,243201
226,O-T2X,0.0,
226,O-T2X-R,0.0,
227,AA-Off,0.0,
227,O-1X,0.0,243201
227,O-T2X,0.0,
227,O-T2X-R,0.0,
228,AA-Off,0.0,
228,O-1X,0.0,243201
228,O-T2X,0.0,
228,O-T2X-R,0.0,
229,AA-Off,0.0,
229,O-1X,0.0,243201
229,O-T2X,0.0,
229,O-T2X-R,0.0,
230,AA-Off,0.0,
230,O-1X,0.0,243201
230,O-T2X,0.0,
230,O-T2X-R,0.0,
231,AA-Off,0.0,
231,O-1X,0.0,243201
231,O-T2X,0.0,
231,O-T2X-R,0.0,
232,AA-Off,0.0,
232,O-1X,0.0,243201
232,O-T2X,0.0,
232,O-T2X-R,0.0,
233,AA-Off,0.0,
233,O-1X,0.0,243201
233,O-T2X,0.0,
233,O-T2X-R,0.0,
234,AA-Off,0.0,
234,O-1X,0.0,243201
234,O-T2X,0.0,
234,O-T2X-R,0.0,
235,AA-Off,0.0,
235,O-1X,0.0,243201
235,O-T2X,0.0,
235,O-T2X-R,0.0,
236,AA-Off,0.0,
236,O-1X,0.0,243201
236,O-T2X,0.0,
236,O-T2X-R,0.0,
237,AA-Off,0.0,
237,O-1X,0.0,243201
237,O-T2X,0.0,
237,O-T2X-R,0.0,
238,AA-Off,0.0,
238,O-1X,0.0,243201
238,O-T2X,0.0,
238,O-T2X-R,0.0,
239,AA-Off,0.0,
239,O-1X,0.0,243201
239,O-T2X,0.0,
239,O-T2X-R,0.0,
