frame,case,mode,column,spatial_contrast,output_contrast,selected_line_pixels,mean_line_history_weight
126,4,O-T2X-R,971,47.7403678894043,17.382915496826172,,
126,10,ABL-ET2X-R-PreviousRawEdge-BilinearRGB,971,47.7403678894043,22.557308197021484,34,0.49999281764030457
126,11,ABL-ET2X-R-PreviousRawEdge-ResolvedRGB,971,47.7403678894043,26.701473236083984,34,0.49999281764030457
126,13,ABL-ET2X-R-PreviousRawEdge-CatmullRomRGB,971,47.7403678894043,28.431705474853516,34,0.49999281764030457
127,4,O-T2X-R,971,49.20108413696289,37.83750534057617,,
127,10,ABL-ET2X-R-PreviousRawEdge-BilinearRGB,971,49.20108413696289,40.739200592041016,34,0.49999281764030457
127,11,ABL-ET2X-R-PreviousRawEdge-ResolvedRGB,971,49.20108413696289,34.10921096801758,34,0.49999281764030457
127,13,ABL-ET2X-R-PreviousRawEdge-CatmullRomRGB,971,49.20108413696289,36.38275909423828,34,0.49999281764030457
128,4,O-T2X-R,971,4.997938632965088,22.344091415405273,,
128,10,ABL-ET2X-R-PreviousRawEdge-BilinearRGB,971,4.997938632965088,14.89831829071045,34,0.49999281764030457
128,11,ABL-ET2X-R-PreviousRawEdge-ResolvedRGB,971,4.997938632965088,12.113234519958496,34,0.49999281764030457
128,13,ABL-ET2X-R-PreviousRawEdge-CatmullRomRGB,971,4.997938632965088,14.07754898071289,34,0.49999281764030457
129,4,O-T2X-R,972,46.858333587646484,48.509002685546875,,
129,10,ABL-ET2X-R-PreviousRawEdge-BilinearRGB,972,46.858333587646484,22.290550231933594,34,0.49999281764030457
129,11,ABL-ET2X-R-PreviousRawEdge-ResolvedRGB,972,46.858333587646484,26.73594856262207,34,0.49999281764030457
129,13,ABL-ET2X-R-PreviousRawEdge-CatmullRomRGB,972,46.858333587646484,28.594499588012695,34,0.49999281764030457
130,4,O-T2X-R,972,4.788400650024414,23.031951904296875,,
130,10,ABL-ET2X-R-PreviousRawEdge-BilinearRGB,972,4.788400650024414,14.210624694824219,34,0.49999281764030457
130,11,ABL-ET2X-R-PreviousRawEdge-ResolvedRGB,972,4.788400650024414,9.90761661529541,34,0.49999281764030457
130,13,ABL-ET2X-R-PreviousRawEdge-CatmullRomRGB,972,4.788400650024414,11.674692153930664,34,0.49999281764030457
131,4,O-T2X-R,973,47.165985107421875,27.93415069580078,,
131,10,ABL-ET2X-R-PreviousRawEdge-BilinearRGB,973,47.165985107421875,22.038013458251953,34,0.49999281764030457
131,11,ABL-ET2X-R-PreviousRawEdge-ResolvedRGB,973,47.165985107421875,25.280921936035156,34,0.49999281764030457
131,13,ABL-ET2X-R-PreviousRawEdge-CatmullRomRGB,973,47.165985107421875,26.597192764282227,34,0.49999281764030457
132,4,O-T2X-R,973,49.380306243896484,3.818483591079712,,
132,10,ABL-ET2X-R-PreviousRawEdge-BilinearRGB,973,49.380306243896484,40.641632080078125,34,0.49999281764030457
132,11,ABL-ET2X-R-PreviousRawEdge-ResolvedRGB,973,49.380306243896484,33.738731384277344,34,0.49999281764030457
132,13,ABL-ET2X-R-PreviousRawEdge-CatmullRomRGB,973,49.380306243896484,35.77342224121094,34,0.49999281764030457
133,4,O-T2X-R,973,4.679863929748535,3.5496785640716553,,
133,10,ABL-ET2X-R-PreviousRawEdge-BilinearRGB,973,4.679863929748535,14.770587921142578,34,0.49999281764030457
133,11,ABL-ET2X-R-PreviousRawEdge-ResolvedRGB,973,4.679863929748535,11.720499038696289,34,0.49999281764030457
133,13,ABL-ET2X-R-PreviousRawEdge-CatmullRomRGB,973,4.679863929748535,13.678321838378906,34,0.49999281764030457
134,4,O-T2X-R,974,48.716583251953125,17.561201095581055,,
134,10,ABL-ET2X-R-PreviousRawEdge-BilinearRGB,974,48.716583251953125,24.073163986206055,33,0.4852871596813202
134,11,ABL-ET2X-R-PreviousRawEdge-ResolvedRGB,974,48.716583251953125,28.273866653442383,33,0.4852871596813202
134,13,ABL-ET2X-R-PreviousRawEdge-CatmullRomRGB,974,48.716583251953125,29.95116424560547,33,0.4852871596813202
135,4,O-T2X-R,975,4.532296657562256,6.533145427703857,,
135,10,ABL-ET2X-R-PreviousRawEdge-BilinearRGB,975,4.532296657562256,12.612275123596191,34,0.49999281764030457
135,11,ABL-ET2X-R-PreviousRawEdge-ResolvedRGB,975,4.532296657562256,9.40215015411377,34,0.49999281764030457
135,13,ABL-ET2X-R-PreviousRawEdge-CatmullRomRGB,975,4.532296657562256,10.039753913879395,34,0.49999281764030457
136,4,O-T2X-R,975,46.42418670654297,27.13899803161621,,
136,10,ABL-ET2X-R-PreviousRawEdge-BilinearRGB,975,46.42418670654297,22.00145721435547,34,0.49999281764030457
136,11,ABL-ET2X-R-PreviousRawEdge-ResolvedRGB,975,46.42418670654297,25.8154239654541,34,0.49999281764030457
136,13,ABL-ET2X-R-PreviousRawEdge-CatmullRomRGB,975,46.42418670654297,27.115251541137695,34,0.49999281764030457
137,4,O-T2X-R,975,47.86558532714844,45.50599670410156,,
137,10,ABL-ET2X-R-PreviousRawEdge-BilinearRGB,975,47.86558532714844,39.5279655456543,34,0.49999281764030457
137,11,ABL-ET2X-R-PreviousRawEdge-ResolvedRGB,975,47.86558532714844,33.188079833984375,34,0.49999281764030457
137,13,ABL-ET2X-R-PreviousRawEdge-CatmullRomRGB,975,47.86558532714844,35.248313903808594,34,0.49999281764030457
138,4,O-T2X-R,976,50.06380081176758,26.901287078857422,,
138,10,ABL-ET2X-R-PreviousRawEdge-BilinearRGB,976,50.06380081176758,34.185401916503906,34,0.49999281764030457
138,11,ABL-ET2X-R-PreviousRawEdge-ResolvedRGB,976,50.06380081176758,33.10157012939453,34,0.49999281764030457
138,13,ABL-ET2X-R-PreviousRawEdge-CatmullRomRGB,976,50.06380081176758,34.7728271484375,34,0.49999281764030457
