frame,selected_count,selected_percent,selected_mismatch,nonselected_mismatch,selective_rgb_step,full_rgb_step,native_rgb_step,current_rgb_step,both_selected_pixels,both_selected_changed_pixels,both_selected_rgb_step_contribution,both_nonselected_pixels,both_nonselected_changed_pixels,both_nonselected_rgb_step_contribution,selection_changed_pixels,selection_changed_changed_pixels,selection_changed_rgb_step_contribution,mask_changed_count,lag2_selective_equal
0,50815,2.4944529531888153,0,0,,,,,,,,,,,,,,,
1,50490,2.478499057492931,0,0,1.243046228662687,0.7247187205466541,0.7441626741020002,1.4527111804901036,25123,16511,0.055753547491883965,1960938,1288496,0.969056314797361,51059,42315,0.21823636637344226,51059,
2,50815,2.4944529531888153,0,0,1.1585327979369568,0.0,0.0,1.4527111804901036,25123,0,0.0,1960938,1288496,0.969056314797361,51059,39264,0.18947648313959575,51059,False
3,50490,2.478499057492931,0,0,1.1585327979369568,0.0,0.0,1.4527111804901036,25123,0,0.0,1960938,1288496,0.969056314797361,51059,39264,0.18947648313959575,51059,True
4,50815,2.4944529531888153,0,0,1.1585327979369568,0.0,0.0,1.4527111804901036,25123,0,0.0,1960938,1288496,0.969056314797361,51059,39264,0.18947648313959575,51059,True
5,50490,2.478499057492931,0,0,1.1585327979369568,0.0,0.0,1.4527111804901036,25123,0,0.0,1960938,1288496,0.969056314797361,51059,39264,0.18947648313959575,51059,True
6,50815,2.4944529531888153,0,0,1.1585327979369568,0.0,0.0,1.4527111804901036,25123,0,0.0,1960938,1288496,0.969056314797361,51059,39264,0.18947648313959575,51059,True
7,50490,2.478499057492931,0,0,1.1585327979369568,0.0,0.0,1.4527111804901036,25123,0,0.0,1960938,1288496,0.969056314797361,51059,39264,0.18947648313959575,51059,True
8,50815,2.4944529531888153,0,0,1.1585327979369568,0.0,0.0,1.4527111804901036,25123,0,0.0,1960938,1288496,0.969056314797361,51059,39264,0.18947648313959575,51059,True
9,50490,2.478499057492931,0,0,1.1585327979369568,0.0,0.0,1.4527111804901036,25123,0,0.0,1960938,1288496,0.969056314797361,51059,39264,0.18947648313959575,51059,True
10,50815,2.4944529531888153,0,0,1.1585327979369568,0.0,0.0,1.4527111804901036,25123,0,0.0,1960938,1288496,0.969056314797361,51059,39264,0.18947648313959575,51059,True
11,50490,2.478499057492931,0,0,1.1585327979369568,0.0,0.0,1.4527111804901036,25123,0,0.0,1960938,1288496,0.969056314797361,51059,39264,0.18947648313959575,51059,True
12,50815,2.4944529531888153,0,0,1.1585327979369568,0.0,0.0,1.4527111804901036,25123,0,0.0,1960938,1288496,0.969056314797361,51059,39264,0.18947648313959575,51059,True
13,50490,2.478499057492931,0,0,1.1585327979369568,0.0,0.0,1.4527111804901036,25123,0,0.0,1960938,1288496,0.969056314797361,51059,39264,0.18947648313959575,51059,True
14,50815,2.4944529531888153,0,0,1.1585327979369568,0.0,0.0,1.4527111804901036,25123,0,0.0,1960938,1288496,0.969056314797361,51059,39264,0.18947648313959575,51059,True
15,50490,2.478499057492931,0,0,1.1585327979369568,0.0,0.0,1.4527111804901036,25123,0,0.0,1960938,1288496,0.969056314797361,51059,39264,0.18947648313959575,51059,True
16,50815,2.4944529531888153,0,0,1.1585327979369568,0.0,0.0,1.4527111804901036,25123,0,0.0,1960938,1288496,0.969056314797361,51059,39264,0.18947648313959575,51059,True
17,50490,2.478499057492931,0,0,1.1585327979369568,0.0,0.0,1.4527111804901036,25123,0,0.0,1960938,1288496,0.969056314797361,51059,39264,0.18947648313959575,51059,True
18,50815,2.4944529531888153,0,0,1.1585327979369568,0.0,0.0,1.4527111804901036,25123,0,0.0,1960938,1288496,0.969056314797361,51059,39264,0.18947648313959575,51059,True
19,50490,2.478499057492931,0,0,1.1585327979369568,0.0,0.0,1.4527111804901036,25123,0,0.0,1960938,1288496,0.969056314797361,51059,39264,0.18947648313959575,51059,True
20,50815,2.4944529531888153,0,0,1.1585327979369568,0.0,0.0,1.4527111804901036,25123,0,0.0,1960938,1288496,0.969056314797361,51059,39264,0.18947648313959575,51059,True
21,50490,2.478499057492931,0,0,1.1585327979369568,0.0,0.0,1.4527111804901036,25123,0,0.0,1960938,1288496,0.969056314797361,51059,39264,0.18947648313959575,51059,True
22,50815,2.4944529531888153,0,0,1.1585327979369568,0.0,0.0,1.4527111804901036,25123,0,0.0,1960938,1288496,0.969056314797361,51059,39264,0.18947648313959575,51059,True
23,50490,2.478499057492931,0,0,1.1585327979369568,0.0,0.0,1.4527111804901036,25123,0,0.0,1960938,1288496,0.969056314797361,51059,39264,0.18947648313959575,51059,True
24,50815,2.4944529531888153,0,0,1.1585327979369568,0.0,0.0,1.4527111804901036,25123,0,0.0,1960938,1288496,0.969056314797361,51059,39264,0.18947648313959575,51059,True
25,50490,2.478499057492931,0,0,1.1585327979369568,0.0,0.0,1.4527111804901036,25123,0,0.0,1960938,1288496,0.969056314797361,51059,39264,0.18947648313959575,51059,True
26,50815,2.4944529531888153,0,0,1.1585327979369568,0.0,0.0,1.4527111804901036,25123,0,0.0,1960938,1288496,0.969056314797361,51059,39264,0.18947648313959575,51059,True
27,50490,2.478499057492931,0,0,1.1585327979369568,0.0,0.0,1.4527111804901036,25123,0,0.0,1960938,1288496,0.969056314797361,51059,39264,0.18947648313959575,51059,True
28,50815,2.4944529531888153,0,0,1.1585327979369568,0.0,0.0,1.4527111804901036,25123,0,0.0,1960938,1288496,0.969056314797361,51059,39264,0.18947648313959575,51059,True
29,50490,2.478499057492931,0,0,1.1585327979369568,0.0,0.0,1.4527111804901036,25123,0,0.0,1960938,1288496,0.969056314797361,51059,39264,0.18947648313959575,51059,True
30,50815,2.4944529531888153,0,0,1.1585327979369568,0.0,0.0,1.4527111804901036,25123,0,0.0,1960938,1288496,0.969056314797361,51059,39264,0.18947648313959575,51059,True
31,50490,2.478499057492931,0,0,1.1585327979369568,0.0,0.0,1.4527111804901036,25123,0,0.0,1960938,1288496,0.969056314797361,51059,39264,0.18947648313959575,51059,True
32,50815,2.4944529531888153,0,0,1.1585327979369568,0.0,0.0,1.4527111804901036,25123,0,0.0,1960938,1288496,0.969056314797361,51059,39264,0.18947648313959575,51059,True
33,50490,2.478499057492931,0,0,1.1585327979369568,0.0,0.0,1.4527111804901036,25123,0,0.0,1960938,1288496,0.969056314797361,51059,39264,0.18947648313959575,51059,True
34,50815,2.4944529531888153,0,0,1.1585327979369568,0.0,0.0,1.4527111804901036,25123,0,0.0,1960938,1288496,0.969056314797361,51059,39264,0.18947648313959575,51059,True
35,50490,2.478499057492931,0,0,1.1585327979369568,0.0,0.0,1.4527111804901036,25123,0,0.0,1960938,1288496,0.969056314797361,51059,39264,0.18947648313959575,51059,True
36,50815,2.4944529531888153,0,0,1.1585327979369568,0.0,0.0,1.4527111804901036,25123,0,0.0,1960938,1288496,0.969056314797361,51059,39264,0.18947648313959575,51059,True
37,50490,2.478499057492931,0,0,1.1585327979369568,0.0,0.0,1.4527111804901036,25123,0,0.0,1960938,1288496,0.969056314797361,51059,39264,0.18947648313959575,51059,True
38,50815,2.4944529531888153,0,0,1.1585327979369568,0.0,0.0,1.4527111804901036,25123,0,0.0,1960938,1288496,0.969056314797361,51059,39264,0.18947648313959575,51059,True
39,50490,2.478499057492931,0,0,1.1585327979369568,0.0,0.0,1.4527111804901036,25123,0,0.0,1960938,1288496,0.969056314797361,51059,39264,0.18947648313959575,51059,True
40,50815,2.4944529531888153,0,0,1.1585327979369568,0.0,0.0,1.4527111804901036,25123,0,0.0,1960938,1288496,0.969056314797361,51059,39264,0.18947648313959575,51059,True
41,50490,2.478499057492931,0,0,1.1585327979369568,0.0,0.0,1.4527111804901036,25123,0,0.0,1960938,1288496,0.969056314797361,51059,39264,0.18947648313959575,51059,True
42,50815,2.4944529531888153,0,0,1.1585327979369568,0.0,0.0,1.4527111804901036,25123,0,0.0,1960938,1288496,0.969056314797361,51059,39264,0.18947648313959575,51059,True
43,50490,2.478499057492931,0,0,1.1585327979369568,0.0,0.0,1.4527111804901036,25123,0,0.0,1960938,1288496,0.969056314797361,51059,39264,0.18947648313959575,51059,True
44,50815,2.4944529531888153,0,0,1.1585327979369568,0.0,0.0,1.4527111804901036,25123,0,0.0,1960938,1288496,0.969056314797361,51059,39264,0.18947648313959575,51059,True
45,50490,2.478499057492931,0,0,1.1585327979369568,0.0,0.0,1.4527111804901036,25123,0,0.0,1960938,1288496,0.969056314797361,51059,39264,0.18947648313959575,51059,True
46,50815,2.4944529531888153,0,0,1.1585327979369568,0.0,0.0,1.4527111804901036,25123,0,0.0,1960938,1288496,0.969056314797361,51059,39264,0.18947648313959575,51059,True
47,50490,2.478499057492931,0,0,1.1585327979369568,0.0,0.0,1.4527111804901036,25123,0,0.0,1960938,1288496,0.969056314797361,51059,39264,0.18947648313959575,51059,True
48,50815,2.4944529531888153,0,0,1.1585327979369568,0.0,0.0,1.4527111804901036,25123,0,0.0,1960938,1288496,0.969056314797361,51059,39264,0.18947648313959575,51059,True
49,50490,2.478499057492931,0,0,1.1585327979369568,0.0,0.0,1.4527111804901036,25123,0,0.0,1960938,1288496,0.969056314797361,51059,39264,0.18947648313959575,51059,True
50,50815,2.4944529531888153,0,0,1.1585327979369568,0.0,0.0,1.4527111804901036,25123,0,0.0,1960938,1288496,0.969056314797361,51059,39264,0.18947648313959575,51059,True
51,50490,2.478499057492931,0,0,1.1585327979369568,0.0,0.0,1.4527111804901036,25123,0,0.0,1960938,1288496,0.969056314797361,51059,39264,0.18947648313959575,51059,True
52,50815,2.4944529531888153,0,0,1.1585327979369568,0.0,0.0,1.4527111804901036,25123,0,0.0,1960938,1288496,0.969056314797361,51059,39264,0.18947648313959575,51059,True
53,50490,2.478499057492931,0,0,1.1585327979369568,0.0,0.0,1.4527111804901036,25123,0,0.0,1960938,1288496,0.969056314797361,51059,39264,0.18947648313959575,51059,True
54,50815,2.4944529531888153,0,0,1.1585327979369568,0.0,0.0,1.4527111804901036,25123,0,0.0,1960938,1288496,0.969056314797361,51059,39264,0.18947648313959575,51059,True
55,50490,2.478499057492931,0,0,1.1585327979369568,0.0,0.0,1.4527111804901036,25123,0,0.0,1960938,1288496,0.969056314797361,51059,39264,0.18947648313959575,51059,True
56,50815,2.4944529531888153,0,0,1.1585327979369568,0.0,0.0,1.4527111804901036,25123,0,0.0,1960938,1288496,0.969056314797361,51059,39264,0.18947648313959575,51059,True
57,50490,2.478499057492931,0,0,1.1585327979369568,0.0,0.0,1.4527111804901036,25123,0,0.0,1960938,1288496,0.969056314797361,51059,39264,0.18947648313959575,51059,True
58,50815,2.4944529531888153,0,0,1.1585327979369568,0.0,0.0,1.4527111804901036,25123,0,0.0,1960938,1288496,0.969056314797361,51059,39264,0.18947648313959575,51059,True
59,50490,2.478499057492931,0,0,1.1585327979369568,0.0,0.0,1.4527111804901036,25123,0,0.0,1960938,1288496,0.969056314797361,51059,39264,0.18947648313959575,51059,True
60,50815,2.4944529531888153,0,0,1.1585327979369568,0.0,0.0,1.4527111804901036,25123,0,0.0,1960938,1288496,0.969056314797361,51059,39264,0.18947648313959575,51059,True
61,50468,2.4774191014765945,0,0,1.647650932034768,1.2640584092575138,1.2598632710231439,1.8304565595873914,18494,15002,0.055440032987747405,1954331,1380179,1.227304560686983,64295,54203,0.3649063383600377,64295,False
62,50241,2.466275918944392,0,0,1.5865573293014976,1.2350448999895276,1.2136244632945858,1.6525519687925436,29110,24816,0.10376217404963871,1965521,1268251,1.252570458948581,42489,35508,0.23022469630327783,42489,False
63,50194,2.463968740182218,0,0,1.5993759163263168,1.2334964721436799,1.2170354880092156,1.8306807322756309,18445,13921,0.0565443698293015,1955130,1382048,1.226664768562153,63545,54282,0.31616677793486225,63545,False
64,50397,2.4739337888784165,0,0,1.5798781285998533,1.1850599539218767,1.1637026782909206,1.6318508482563618,30130,25210,0.14223135275945126,1966659,1263498,1.2425073960624151,40331,33777,0.19513937977798718,40331,False
65,50259,2.467159519321395,0,0,1.6068289218766363,1.2374240758194575,1.2199040802701853,1.8328542255733584,18422,14032,0.05728528510838831,1954886,1384777,1.2335882684050685,63812,54669,0.3159553683631794,63812,False
66,50391,2.4736392554194153,0,0,1.5924141271337313,1.1929271062414912,1.1734703895695884,1.6422539336579747,30279,25331,0.1398583948581003,1966749,1267925,1.261399099382134,40092,33299,0.19115663289349671,40092,False
67,50573,2.482573437009111,0,0,1.6177858938108702,1.2486755812126924,1.229684881924809,1.836389772489266,19103,14289,0.059428670541417955,1955259,1385464,1.239951991046183,62758,53632,0.3184052322232695,62758,False
68,50281,2.468239475337732,0,0,1.5812177649492094,1.1946586357210178,1.1739223347994554,1.6384444706251964,30362,25145,0.13115934914650748,1966628,1267179,1.2586141218975808,40130,33208,0.191444293905121,40130,False
69,50508,2.479382657869934,0,0,1.6300612302335322,1.2599359226096973,1.2436853662687193,1.8500355076447796,18698,14176,0.05895954419310922,1955029,1386768,1.2484676078646977,63393,54029,0.32263407817572515,63393,False
70,49883,2.448702089224003,0,0,1.5831525225154466,1.2011247905539848,1.1814002120640905,1.6497756636820609,30061,24730,0.12994178055293748,1966790,1264580,1.2575565831500681,40269,33726,0.19565415881244108,40269,False
71,50330,2.470644831919573,0,0,1.646455453450623,1.2673990732013825,1.2501849015603728,1.8638586173944915,18385,13969,0.05999679285789088,1955292,1388439,1.2555684823018118,63443,53965,0.3308901782909205,63443,False
72,50471,2.477566368206095,0,0,1.591957273012881,1.212311007697141,1.1931560241910149,1.6507245523091423,30547,25192,0.13218219839773798,1966866,1269224,1.2664714564352288,39707,33016,0.19330361817991412,39707,False
73,49914,2.450223845428841,0,0,1.6396230953502984,1.2676760982825426,1.250411855953503,1.852198692271442,18358,13977,0.058551942611791814,1955093,1388844,1.2577174311446224,63669,54016,0.32335372159388426,63669,False
74,50322,2.4702521206409047,0,0,1.5860734762802389,1.2138712168813488,1.1910635275945125,1.642550430673369,30336,25055,0.12988958267881454,1967220,1266967,1.2671357930149754,39564,32972,0.18904810058644883,39564,False
75,49817,2.445462221174992,0,0,1.6549046366111635,1.2740723832338465,1.2563845036129437,1.8697576316891822,18082,14178,0.06189227929626139,1955063,1388360,1.2635205584354383,63975,54247,0.3294917988794638,63975,False
76,49939,2.451451068174678,0,0,1.590682761283904,1.2180639006702272,1.1996009071630538,1.653963438579956,29999,25090,0.13059679023981569,1967363,1265882,1.2728631597549482,39758,32992,0.18722281128914026,39758,False
77,50273,2.467846764059064,0,0,1.665980240077495,1.290512422766782,1.2741967418054247,1.8851101882396062,18250,13823,0.05999810189548644,1955158,1390917,1.2741411077076132,63712,54219,0.3318410304743952,63712,False
78,50003,2.4545927584040212,0,0,1.5945594761231543,1.2312575269661745,1.2101705675987013,1.6560603531783433,30309,24959,0.1350187192376165,1967153,1262962,1.2693461029950779,39658,33466,0.19019465389045975,39658,False
79,49762,2.44276233113415,0,0,1.6639291417949524,1.278333464237093,1.2609905160226202,1.8781696709079485,17800,13707,0.060129005655042415,1955155,1391644,1.274295083254791,64165,54608,0.32950505288511883,64165,False
80,49927,2.4508620012566764,0,0,1.5910488009215624,1.2388478178343283,1.2161734867525396,1.6411343792543722,30565,24949,0.13199140616818517,1967996,1261840,1.27341393732328,38559,32219,0.18564345743009739,38559,False
81,49666,2.438049795790135,0,0,1.6810299180542465,1.3108121596502251,1.2954839839250183,1.895665122002304,17528,13382,0.05712034637134779,1955055,1392608,1.2792401364017174,64537,54627,0.34466943528118127,64537,False
82,50148,2.4617106503298776,0,0,1.599793662949,1.2433978688867944,1.2244492224316683,1.6778718648549587,29910,24252,0.12213189862812861,1967216,1264764,1.2768997408105562,39994,33402,0.20076202351031522,39994,False
83,49993,2.454101869305686,0,0,1.6907109055922087,1.3029428801445178,1.2857303448005026,1.904196610901665,18050,13664,0.06004457273012881,1955029,1393944,1.2865023497224841,64041,54563,0.34416398313959573,64041,False
84,50070,2.457881715362865,0,0,1.5991468347470938,1.2580859252277725,1.2356259490522568,1.6497810634621426,30784,25071,0.13295273065242433,1967841,1263979,1.2778085401612733,38495,32343,0.18838556393339617,38495,False
85,49918,2.450420201068175,0,0,1.6884569064823542,1.3149222104408838,1.2980652424337626,1.8972804743952247,18035,13850,0.05949379516179705,1955167,1392303,1.28959609644989,63918,54059,0.3393670148706671,63918,False
86,49613,2.4354480835689603,0,0,1.604775041889203,1.2614535880720494,1.2416822114881139,1.6634344892135302,30523,25050,0.12822579589485808,1968112,1269204,1.2910684364854956,38485,32504,0.18548080950884907,38485,False
87,49818,2.4455113100848256,0,0,1.7063980848779976,1.3191654558068908,1.3030394216671903,1.9166386859880615,17394,13844,0.058267554194156454,1955083,1397375,1.3024299010367577,64643,54855,0.3457006296470834,64643,False
88,49926,2.4508129123468425,0,0,1.615822173787831,1.2713985103152163,1.2490201853597236,1.6775081160330925,29911,24862,0.12629529270080636,1967287,1265154,1.2934710113624464,39922,33215,0.19605586972457847,39922,False
89,50360,2.4721174992145776,0,0,1.7171798094041262,1.3340662307571474,1.3175684299403079,1.9324080073829721,17820,13794,0.06145506073934443,1954654,1395885,1.3099784663315528,64646,54870,0.3457462823332286,64646,False
90,50141,2.461367027961043,0,0,1.62050411037805,1.275600520996963,1.2542787530107864,1.6833117342130066,30245,24865,0.12959603099801023,1966864,1266562,1.2929496871400146,40011,33720,0.19795839224002512,40011,False
91,49983,2.4536109802073516,0,0,1.734048395119908,1.3526205296366112,1.3334570373861137,1.9478585781233637,17961,13931,0.061754339459629284,1954957,1397959,1.3240951277620692,64202,54426,0.3481989278982092,64202,False
92,50454,2.4767318567389256,0,0,1.634047413341711,1.2958303879987434,1.2747480102628548,1.6875675790658708,31020,25760,0.1345471384438161,1967703,1269535,1.3083516598596712,38397,32419,0.1911486150382239,38397,False
93,50345,2.471381165567075,0,0,1.7345546654099906,1.3554482144727196,1.3393157987747408,1.9532207233741754,17854,13966,0.0604237027437428,1954175,1398678,1.3188957940622055,65091,55307,0.3552351686040423,65091,False
94,50465,2.477271834747094,0,0,1.63871167792439,1.2973410173840192,1.2760040318357944,1.6981586749921458,30150,24952,0.13303389098334903,1966460,1264015,1.3057386571892344,40510,33925,0.19993912975180647,40510,False
95,50043,2.456556314797361,0,0,1.7457978256885538,1.3648772122735364,1.3477239108807204,1.9604354840821028,17621,14017,0.06322782490313121,1954233,1399349,1.3304763587810242,65266,55379,0.35209364200439836,65266,False
96,50412,2.474670122525919,0,0,1.6506036299612525,1.3125021271860928,1.2893571970887003,1.7190892043669495,30429,24989,0.12805103937585086,1967094,1267851,1.3175132867315948,39597,33526,0.20503930385380667,39597,False
97,50472,2.4776154571159283,0,0,1.750561904387894,1.370636159545502,1.3532524675358677,1.9620537818096135,18079,14162,0.06132186616399623,1954315,1400814,1.331374358571578,64726,55123,0.3578656796523196,64726,False
98,50324,2.4703502984605716,0,0,1.6469769413027542,1.314400395329354,1.2923792740077495,1.7062342915488533,30546,24899,0.1289524753900932,1966870,1265095,1.3190712051000104,39704,33535,0.19895326081265055,39704,False
99,50423,2.4752101005340874,0,0,1.759728440150801,1.377622656822704,1.36183959053304,1.9735850939888993,17880,13817,0.060829177138967426,1954253,1400233,1.3440165527803958,64987,55267,0.35488271023143786,64987,False
100,50382,2.473197455230914,0,0,1.658463418944392,1.332000896690753,1.3086871007435334,1.711701650696408,30534,24712,0.13343789271127868,1966849,1265878,1.3167661535239292,39737,33527,0.20825937270918424,39737,False
101,50649,2.4863041941564563,0,0,1.7743171732642162,1.3937122015394283,1.3775364239710965,1.9869269687925437,17456,13449,0.06132022986700177,1953545,1401501,1.347923866373442,66119,56265,0.3650730770237722,66119,False
102,50704,2.4890040841972985,0,0,1.6560269727196566,1.3337474801026286,1.3118554626138863,1.714013247460467,30933,24856,0.13106869829301498,1966700,1264693,1.3244747486647817,39487,33594,0.20048352576185988,39487,False
103,50659,2.4867950832547914,0,0,1.7794585820504765,1.4001898104513562,1.3812869803120746,1.9899189378468949,17852,13981,0.061888679442873594,1953609,1400829,1.3561991111634726,65659,56062,0.3613707914441303,65659,False
104,51018,2.504418001885014,0,0,1.659613244842392,1.3392917452089224,1.3164529662791915,1.7123880772855797,30993,25255,0.13321502906063462,1966436,1263871,1.3220296300659755,39691,33603,0.20436858571578173,39691,False
105,51196,2.5131558278353756,0,0,1.7898934116137815,1.4099922112263064,1.3920107799245995,2.0068315399518273,18014,13907,0.06122041575034035,1952920,1402871,1.3602944352811812,66186,56609,0.3683785605822599,66186,False
106,51072,2.5070688030160224,0,0,1.6814061027332705,1.3477034571682898,1.325079851293329,1.7455352000209445,29996,24517,0.12998563331238872,1964848,1269734,1.3330561446224736,42276,35687,0.2183643247984082,42276,False
107,51187,2.512714027646874,0,0,1.7940111530003142,1.4114925319405174,1.3925021599120326,2.013054541051419,17873,14043,0.06286816682375118,1952734,1402351,1.3666200322023248,66513,56698,0.3645229539742381,66513,False
108,51592,2.532595036129438,0,0,1.6838842745313645,1.3550167229552832,1.333594322703948,1.7479518470520474,31033,25354,0.13637471855691696,1965374,1265120,1.3382271703843334,40713,34489,0.20928238559011417,40713,False
109,51417,2.5240044769085768,0,0,1.8155354945544036,1.4288600246099068,1.4086803919258561,2.043091063200335,17405,13873,0.06391523327049953,1951516,1405848,1.3708385694837157,68199,58570,0.3807816918001885,68199,False
110,51737,2.5397129280552937,0,0,1.6961871007435334,1.3719325976542047,1.3453622434286312,1.746382965493769,30890,25435,0.14392966540999058,1964856,1269480,1.3410978898313959,41374,35222,0.21115954550214683,41374,False
111,52018,2.5535069117185047,0,0,1.825137121688135,1.439244456225783,1.4210877775159703,2.0499605652424338,17770,14211,0.06501384307257305,1951135,1403146,1.378500857419625,68215,58623,0.3816224211959368,68215,False
112,51699,2.537847549481621,0,0,1.698306268981045,1.3702159584773275,1.3477695635668656,1.771369384228715,30723,25378,0.13233731935281182,1964126,1265544,1.3439295017802912,42271,35909,0.2220394478479422,42271,False
113,52199,2.562392004398366,0,0,1.8312486909624044,1.4410874175306314,1.4202737197612316,2.0582114292072466,18459,14430,0.06555202115404754,1951681,1405971,1.3970813370510002,66980,57362,0.3686153327573568,66980,False
114,51961,2.5507088438579957,0,0,1.7051106464027648,1.382944876426851,1.3581525225154467,1.7506610639857576,31745,25945,0.14707462823332285,1964705,1268387,1.3458608231228402,40670,34793,0.21217519504660176,40670,False
115,52293,2.5670063619227146,0,0,1.839975553722903,1.4580882160435649,1.4375597248402974,2.0614370614724056,17801,14224,0.06659810582259923,1950667,1405176,1.3909596227353649,68652,58904,0.3824178251649387,68652,False
116,51889,2.5471744423499842,0,0,1.7012085689601006,1.3846711697559955,1.3610232419625092,1.759053958529689,31503,26029,0.13824206068698294,1964441,1272218,1.353963111320557,41176,35365,0.20900339695256048,41176,False
117,52418,2.573142475651901,0,0,1.8390842627500261,1.4571277097078228,1.4385683383076762,2.0566216030474394,18330,14526,0.06583362786679234,1951143,1406444,1.4010104133940728,67647,58093,0.3722402214891612,67647,False
118,52583,2.5812421457744263,0,0,1.7187920528327574,1.405930758456383,1.381028609016651,1.7720291391768772,31317,26163,0.13812392004398366,1963436,1271450,1.364469610692219,42367,35740,0.21619852209655463,42367,False
119,52221,2.563471960414703,0,0,1.8609774256466645,1.4732406534715676,1.4542592810765524,2.0829376767200753,18237,14409,0.0663305712640067,1950553,1407177,1.4150725861346738,68330,58696,0.37957426824798407,68330,False
120,52780,2.5909126610116244,0,0,1.7154188265786994,1.4033557178762175,1.3803122381924808,1.7744387501309038,31971,26204,0.14054613048486753,1964090,1272564,1.3699008076761965,41059,35091,0.20497188841763536,41059,False
121,52190,2.561950204209865,0,0,1.8779998232799247,1.4932051131008484,1.4717184063776312,2.094158092470416,18216,14544,0.06818073227563094,1950366,1409286,1.4237218884176355,68538,59050,0.38609720258665825,68538,False
122,52324,2.5685281181275528,0,0,1.7242769203581527,1.4214729618284636,1.3955911613781549,1.7762645303173108,31831,26221,0.14120883076761964,1964437,1269727,1.3732215087967325,40852,34982,0.2098465807938004,40852,False
123,52231,2.5639628495130378,0,0,1.8670382697141061,1.4839426903340664,1.4644722287674101,2.0830644897371453,18590,14553,0.0668541863022306,1951155,1408762,1.426552191328935,67375,57827,0.3736318920829406,67375,False
124,52678,2.5859055922086083,0,0,1.7212374986909624,1.416910638548539,1.393207894805739,1.7760181039899465,31808,26266,0.13758541470311028,1964019,1272566,1.3757106437846893,41293,35268,0.2079414402031626,41293,False
125,52829,2.5933180175934654,0,0,1.8762828568436485,1.5032747211749922,1.482567219080532,2.089765944077914,18533,14778,0.07033246282333229,1950146,1409603,1.4214367996648862,68441,58778,0.3845135943554299,68441,False
126,52784,2.5911090166509583,0,0,1.7295662503927112,1.4276828725520998,1.4016143706147242,1.7898919389464865,31667,26125,0.1375590703214996,1963174,1268593,1.3753738938632316,42279,35925,0.2166332862079799,42279,False
127,52751,2.5894890826264527,0,0,1.8876705021468216,1.5049519255943031,1.4842519504660174,2.1048339485810033,18650,14969,0.06860126060320453,1950235,1409669,1.4424843242747931,68235,58658,0.3765849172688239,68235,False
128,52601,2.5821257461514295,0,0,1.7333591868258456,1.4353330518902503,1.4118188095612105,1.7852455100010471,31835,26148,0.13794850900617867,1963603,1275793,1.3832858807204946,41682,35309,0.2121247970991727,41682,False
129,52413,2.572897031102733,0,0,1.9033336278667923,1.5173517842182427,1.4965338320766572,2.117958686773484,17929,14239,0.06852648183055816,1950035,1409258,1.4398032516493873,69156,59893,0.39500389438684685,69156,False
130,52800,2.591894439208294,0,0,1.7463139137606032,1.447510374122945,1.4230321892344748,1.8173326395434077,30983,25276,0.13238379018745416,1962890,1274603,1.3935552806576603,43247,36966,0.22037484291548853,43247,False
131,53098,2.606522934338674,0,0,1.9205824890040841,1.5306602785632004,1.5107489985862395,2.1421395564980625,18114,14515,0.06950236935804797,1949336,1411597,1.4595158851712222,69670,59743,0.3915642344748141,69670,False
132,52934,2.598472353125982,0,0,1.752824575871819,1.4631975534087338,1.4361078385171222,1.8071056196983977,31578,26311,0.14277214891611684,1962666,1272487,1.3934114501518482,42876,36613,0.21664097680385383,42876,False
133,52987,2.6010740653471567,0,0,1.93019164310399,1.5402520879149648,1.5184711749921458,2.142508541470311,17940,14428,0.07005331055607918,1949139,1411787,1.4625888509267986,70041,60044,0.39754948162111214,70041,False
134,52892,2.596410618912975,0,0,1.7615025133521836,1.4667702442664152,1.4415966331553043,1.8221407346318985,31489,25791,0.1332989710964499,1962730,1277210,1.4034658406639438,42901,36537,0.22473770159178968,42901,False
135,53162,2.6096646245680177,0,0,1.9433379804167976,1.5625148903026496,1.541310444810975,2.1534597863650644,18573,14636,0.07002369358047963,1949639,1411305,1.469951041993926,68908,59545,0.40336324484239183,68908,False
136,53084,2.605835689601005,0,0,1.7699732956330505,1.4776238022306,1.4523480861870353,1.8379907254686354,31394,25483,0.13257163708241704,1962268,1274463,1.4088412399204102,43458,37050,0.22856041863022303,43458,False
137,53448,2.623704052780396,0,0,1.9567893234893705,1.5643051628442768,1.5424365444025552,2.172652731961462,18248,14444,0.07179874856005865,1948836,1415259,1.4755605953502984,70036,60362,0.4094299795790135,70036,False
138,52913,2.5974414860194783,0,0,1.781654492617028,1.4934263404544978,1.4658265917897162,1.8432283485181695,31854,26118,0.13672995863441198,1962613,1274829,1.4182024950256573,42653,36942,0.22672203895695883,42653,False
139,53193,2.6111863807728555,0,0,1.9657436315320975,1.57604363022306,1.5539636022096555,2.1777383430202115,18622,14988,0.07344044533459002,1949636,1415081,1.4890350102104932,68862,59456,0.4032681759870143,68862,False
140,53497,2.626109409362237,0,0,1.7972330217823855,1.5044651272384544,1.477272652895591,1.8614732236359828,31403,25870,0.13498206618494085,1961833,1278794,1.4241753063147973,43884,37711,0.23807564928264738,43884,False
141,53140,2.608584668551681,0,0,1.975283897528537,1.5789467483506126,1.558759097811289,2.1880573227563094,18406,14867,0.07076297256257201,1948889,1416018,1.4947419232380355,69825,60306,0.40977900172792964,69825,False
142,53290,2.6159480050267043,0,0,1.8092437689810452,1.5208159885851922,1.4939906992878835,1.878685758979998,30600,25302,0.13106673473662162,1961290,1278581,1.4308736516912763,45230,38667,0.2473033825531469,45230,False
143,53042,2.603773955387999,0,0,2.004328823698817,1.605445760027228,1.5810237001256675,2.219838464760708,18099,14748,0.07406321997067755,1948887,1418822,1.512785697455231,70134,60493,0.41747990627290815,70134,False
144,53367,2.619727851083883,0,0,1.816335152895591,1.533685464446539,1.5058666156142004,1.8817543067336895,31572,26349,0.1397427086605927,1962283,1276579,1.4445823842810763,43265,37158,0.23201005995392188,43265,False
145,52751,2.5894890826264527,0,0,2.007842280605299,1.6218332744266415,1.600696080741439,2.221299514347052,18927,15086,0.07266958582050476,1949929,1419970,1.5281809613572102,68264,59029,0.40699173342758405,68264,False
146,53317,2.6172734055922087,0,0,1.8220631741543618,1.5436325138757985,1.5163999502565713,1.8828324628233324,31141,25664,0.13737498690962407,1962193,1279588,1.4457737721227353,43786,37480,0.23891441512200232,43786,False
147,53433,2.6229677191328937,0,0,2.0198849355953503,1.6310258273117604,1.6063439234474814,2.2313167609173736,18262,14729,0.07199412242119593,1948632,1418292,1.53057780919468,70226,60530,0.41731300397947435,70226,False
148,53427,2.6226731856738925,0,0,1.8238112302335323,1.5448538459524557,1.5163462797151535,1.8904471345167033,31699,26344,0.1349503220232485,1961959,1282085,1.4589868703529165,43462,37301,0.22987403785736726,43462,False
149,53821,2.642014216148288,0,0,2.020762154414075,1.6354745915802702,1.6108016873494606,2.229211337574615,18849,15137,0.07460925227772541,1948721,1418940,1.5394414663839144,69550,60113,0.4067114357524348,69550,False
150,53668,2.634503612943764,0,0,1.842141520054456,1.5593962718609278,1.5307106765106293,1.9117008325479108,31501,26326,0.13236251832652635,1961132,1282412,1.4626148680490103,44487,38159,0.24716413367891926,44487,False
151,53582,2.6302819666980835,0,0,2.0402633783642266,1.6423175856110588,1.61758250209446,2.2479305751911194,18621,15065,0.07647266729500471,1948491,1419324,1.5422133534925124,70008,60757,0.4215773575767096,70008,False
152,53870,2.6444195727301287,0,0,1.8492271769295214,1.5618809888469998,1.5318762108597759,1.9268902502879883,30828,25694,0.13106526206932662,1960496,1283983,1.4664552570949838,45796,39369,0.251706657765211,45796,False
153,53911,2.646432218033302,0,0,2.0583816040946696,1.6586543748036444,1.636956913027542,2.27568986281286,18471,14952,0.07397207822808671,1947810,1420169,1.5635635930463925,70839,61208,0.4208459328201906,70839,False
154,53867,2.6442723060006283,0,0,1.8392950178029113,1.573818429940308,1.543220167033197,1.9085596332076658,31687,26483,0.13597791653576294,1961029,1282868,1.4692925960833594,44404,38050,0.23402450518378884,44404,False
155,54061,2.6537955545083256,0,0,2.056946408000838,1.6577861556183893,1.6355788236988167,2.2688866307990367,18847,15270,0.07389517226934758,1948039,1421585,1.562728427060425,70234,60748,0.42032280867106503,70234,False
156,54250,2.663073358466855,0,0,1.867201899413551,1.5931810595350298,1.5623488061577129,1.9396744750759243,30808,25998,0.1359615535658184,1959617,1282594,1.4680380471777148,46695,40013,0.26320229867001776,46695,False
157,54376,2.669258561105875,0,0,2.0714706710126713,1.6656870156560897,1.644444608074144,2.2892637645303173,18363,14826,0.07473704707299193,1946857,1424682,1.564294199654414,71900,62272,0.4324394242852655,71900,False
158,55047,2.702197219604147,0,0,1.876277457063567,1.6002459354382659,1.5701730874960729,1.9587026455649805,31054,25848,0.1331752670436695,1958751,1286095,1.4814887357314903,47315,40775,0.26161345428840715,47315,False
159,55477,2.723305450832548,0,0,2.08741458529689,1.6838972012776208,1.657336664834014,2.3025280788564246,19077,15499,0.0790954877474081,1945673,1423334,1.5742504123468426,72370,62612,0.434068685202639,72370,False
160,54687,2.6845252120640906,0,0,1.8695293682584564,1.6013021651481831,1.5712026455649806,1.9448152293433867,31415,26362,0.13854526652005444,1958371,1287006,1.4712983689391559,47334,40802,0.259685732799246,47334,False
161,55064,2.7030317310713166,0,0,2.084157208870039,1.687127906063462,1.662769170855587,2.2994927479317204,18902,15396,0.07864354251754109,1946271,1422340,1.5793075518378887,71947,62293,0.4262061145146089,71947,False
162,55262,2.7127513352183477,0,0,1.873992368310818,1.6077357576709603,1.576982046549377,1.944567493978427,32162,26921,0.14187300371766678,1958956,1287887,1.479227209655461,46002,39880,0.2528921549376898,46002,False
163,54622,2.681334432924914,0,0,2.090483133050581,1.694408282280867,1.6677783668446957,2.3056844957587184,19541,15686,0.07787219211435753,1946777,1422950,1.5877865156037283,70802,60947,0.42482442533249565,70802,False
164,55121,2.7058297989318256,0,0,1.8818870104199392,1.6128748756414284,1.5802194601528956,1.949068947010158,31735,26555,0.13981994187873076,1959112,1287166,1.4816667648444863,46273,39988,0.2604003036967221,46273,False
165,55189,2.7091678448005028,0,0,2.097456867211226,1.7094494515132475,1.6834879633993087,2.3054418329144415,19467,15608,0.07892220389569589,1946277,1423727,1.5916969381610637,71376,61976,0.4268377251544665,71376,False
166,55119,2.7057316211121583,0,0,1.8871097431668238,1.6267366020002094,1.5963824746046706,1.9611907987747408,31533,26391,0.14008813095612108,1958345,1289079,1.4841755353963766,47242,40799,0.2628460768143261,47242,False
167,55285,2.7138803801445177,0,0,2.1077612839040736,1.7076678513456907,1.6802808212901874,2.3103654505707403,19182,15631,0.08032041967745313,1945898,1425225,1.5880141245156563,72040,62384,0.4394267397109645,72040,False
168,55138,2.7066643103989945,0,0,1.9016981490208398,1.6295726319509896,1.599180706094879,1.9817651062938528,31431,26275,0.13289153314483193,1958128,1285908,1.4913130628861657,47561,40907,0.27749355298984185,47561,False
169,55676,2.7330741438894126,0,0,2.126333909309875,1.7254547269347575,1.6984321002199183,2.3386496622683004,19486,15708,0.08124149125562885,1945792,1423641,1.6056144622473556,71842,62332,0.43947795580689075,71842,False
170,55534,2.7261035186930567,0,0,1.9040838700387475,1.6354034126610115,1.604069634254896,1.9855960048172583,31415,26277,0.13463009870143472,1957325,1288952,1.493266801497539,48380,42062,0.2761869698397738,48380,False
171,55581,2.728410697455231,0,0,2.129727589276364,1.7296645918420777,1.7040041823751177,2.338193626295947,19215,15638,0.08175087051000103,1945220,1423217,1.6066088399308829,72685,63234,0.4413678788354801,72685,False
172,55722,2.735332233741753,0,0,1.896934561210598,1.64172164624568,1.6106439483191957,1.9711846462980416,31861,27055,0.14170119253324956,1957678,1286203,1.4886810791705938,47581,41486,0.26655228950675464,47581,False
173,55320,2.71559849198869,0,0,2.131108133050581,1.732821990522568,1.7068752290815792,2.342790802701854,19412,15812,0.08112809587391351,1945490,1421394,1.6150936943659024,72218,63273,0.4348863428107655,72218,False
174,55814,2.7398484134464343,0,0,1.913350547177715,1.6514589224002514,1.6202316669284742,1.9885902646874019,31317,26698,0.14054825767096032,1957303,1287461,1.4963615300031416,48500,42209,0.27644075950361297,48500,False
175,55933,2.7456899937166197,0,0,2.1400302060425176,1.7446154374803644,1.7179922308618703,2.3555223387265682,19808,16087,0.08553660723635982,1945181,1422062,1.618839669075296,72131,62976,0.43565392973086187,72131,False
176,55978,2.747898994659127,0,0,1.9136292085558697,1.6572371779767514,1.6250512160959263,1.9863356110587496,32587,27708,0.14621557231123677,1957796,1284246,1.4974733938108702,46737,40775,0.2699402424337627,46737,False
177,55316,2.715402136349356,0,0,2.1484836435752435,1.7563327966279192,1.727500589066918,2.3492720114671695,19338,15647,0.08576847052047336,1945164,1421815,1.619326631060844,72618,63242,0.4433885419939261,72618,False
178,55571,2.727919808356896,0,0,1.9284406416902293,1.6716748808775788,1.640629745261284,2.0070753482040002,31095,26069,0.1366921601738402,1957328,1286430,1.502080224369044,48697,42446,0.2896682571473453,48697,False
179,55611,2.7298833647502354,0,0,2.151259785056027,1.7537161941040946,1.7267811092784584,2.351219368520264,19398,15801,0.08300525578594618,1945336,1420421,1.616377696617447,72386,63320,0.45187683265263373,72386,False
180,56011,2.749518928683632,0,0,1.9231567114357524,1.6642600010472302,1.6312446002199184,2.0068866831605403,30953,26184,0.13420106162948997,1956451,1283532,1.4975401547282439,49716,42843,0.29141549507801867,49716,False
181,56119,2.754820530945649,0,0,1.395523909571683,0.927488807728558,0.9333202429573777,1.5719262160959262,27257,20836,0.068605842234789,1952247,1281002,1.0011360810032464,57616,48711,0.3257819863336475,57616,False
182,56011,2.749518928683632,0,0,1.3496486870352917,0.5834208752225364,0.6004499816734736,1.5719262160959262,27257,17840,0.036450479107759975,1952247,1281002,1.0011360810032464,57616,45794,0.31206212692428525,57616,False
183,56119,2.754820530945649,0,0,1.2234422452612839,0.0,0.0,1.5719262160959262,27257,0,0.0,1952247,1281002,1.0011360810032464,57616,45027,0.22230616425803748,57616,False
184,56011,2.749518928683632,0,0,1.2234422452612839,0.0,0.0,1.5719262160959262,27257,0,0.0,1952247,1281002,1.0011360810032464,57616,45027,0.22230616425803748,57616,True
185,56119,2.754820530945649,0,0,1.2234422452612839,0.0,0.0,1.5719262160959262,27257,0,0.0,1952247,1281002,1.0011360810032464,57616,45027,0.22230616425803748,57616,True
186,56011,2.749518928683632,0,0,1.2234422452612839,0.0,0.0,1.5719262160959262,27257,0,0.0,1952247,1281002,1.0011360810032464,57616,45027,0.22230616425803748,57616,True
187,56119,2.754820530945649,0,0,1.2234422452612839,0.0,0.0,1.5719262160959262,27257,0,0.0,1952247,1281002,1.0011360810032464,57616,45027,0.22230616425803748,57616,True
188,56011,2.749518928683632,0,0,1.2234422452612839,0.0,0.0,1.5719262160959262,27257,0,0.0,1952247,1281002,1.0011360810032464,57616,45027,0.22230616425803748,57616,True
189,56119,2.754820530945649,0,0,1.2234422452612839,0.0,0.0,1.5719262160959262,27257,0,0.0,1952247,1281002,1.0011360810032464,57616,45027,0.22230616425803748,57616,True
190,56011,2.749518928683632,0,0,1.2234422452612839,0.0,0.0,1.5719262160959262,27257,0,0.0,1952247,1281002,1.0011360810032464,57616,45027,0.22230616425803748,57616,True
191,56119,2.754820530945649,0,0,1.2234422452612839,0.0,0.0,1.5719262160959262,27257,0,0.0,1952247,1281002,1.0011360810032464,57616,45027,0.22230616425803748,57616,True
192,56011,2.749518928683632,0,0,1.2234422452612839,0.0,0.0,1.5719262160959262,27257,0,0.0,1952247,1281002,1.0011360810032464,57616,45027,0.22230616425803748,57616,True
193,56119,2.754820530945649,0,0,1.2234422452612839,0.0,0.0,1.5719262160959262,27257,0,0.0,1952247,1281002,1.0011360810032464,57616,45027,0.22230616425803748,57616,True
194,56011,2.749518928683632,0,0,1.2234422452612839,0.0,0.0,1.5719262160959262,27257,0,0.0,1952247,1281002,1.0011360810032464,57616,45027,0.22230616425803748,57616,True
195,56119,2.754820530945649,0,0,1.2234422452612839,0.0,0.0,1.5719262160959262,27257,0,0.0,1952247,1281002,1.0011360810032464,57616,45027,0.22230616425803748,57616,True
196,56011,2.749518928683632,0,0,1.2234422452612839,0.0,0.0,1.5719262160959262,27257,0,0.0,1952247,1281002,1.0011360810032464,57616,45027,0.22230616425803748,57616,True
197,56119,2.754820530945649,0,0,1.2234422452612839,0.0,0.0,1.5719262160959262,27257,0,0.0,1952247,1281002,1.0011360810032464,57616,45027,0.22230616425803748,57616,True
198,56011,2.749518928683632,0,0,1.2234422452612839,0.0,0.0,1.5719262160959262,27257,0,0.0,1952247,1281002,1.0011360810032464,57616,45027,0.22230616425803748,57616,True
199,56119,2.754820530945649,0,0,1.2234422452612839,0.0,0.0,1.5719262160959262,27257,0,0.0,1952247,1281002,1.0011360810032464,57616,45027,0.22230616425803748,57616,True
200,56011,2.749518928683632,0,0,1.2234422452612839,0.0,0.0,1.5719262160959262,27257,0,0.0,1952247,1281002,1.0011360810032464,57616,45027,0.22230616425803748,57616,True
201,56119,2.754820530945649,0,0,1.2234422452612839,0.0,0.0,1.5719262160959262,27257,0,0.0,1952247,1281002,1.0011360810032464,57616,45027,0.22230616425803748,57616,True
202,56011,2.749518928683632,0,0,1.2234422452612839,0.0,0.0,1.5719262160959262,27257,0,0.0,1952247,1281002,1.0011360810032464,57616,45027,0.22230616425803748,57616,True
203,56119,2.754820530945649,0,0,1.2234422452612839,0.0,0.0,1.5719262160959262,27257,0,0.0,1952247,1281002,1.0011360810032464,57616,45027,0.22230616425803748,57616,True
204,56011,2.749518928683632,0,0,1.2234422452612839,0.0,0.0,1.5719262160959262,27257,0,0.0,1952247,1281002,1.0011360810032464,57616,45027,0.22230616425803748,57616,True
205,56119,2.754820530945649,0,0,1.2234422452612839,0.0,0.0,1.5719262160959262,27257,0,0.0,1952247,1281002,1.0011360810032464,57616,45027,0.22230616425803748,57616,True
206,56011,2.749518928683632,0,0,1.2234422452612839,0.0,0.0,1.5719262160959262,27257,0,0.0,1952247,1281002,1.0011360810032464,57616,45027,0.22230616425803748,57616,True
207,56119,2.754820530945649,0,0,1.2234422452612839,0.0,0.0,1.5719262160959262,27257,0,0.0,1952247,1281002,1.0011360810032464,57616,45027,0.22230616425803748,57616,True
208,56011,2.749518928683632,0,0,1.2234422452612839,0.0,0.0,1.5719262160959262,27257,0,0.0,1952247,1281002,1.0011360810032464,57616,45027,0.22230616425803748,57616,True
209,56119,2.754820530945649,0,0,1.2234422452612839,0.0,0.0,1.5719262160959262,27257,0,0.0,1952247,1281002,1.0011360810032464,57616,45027,0.22230616425803748,57616,True
210,56011,2.749518928683632,0,0,1.2234422452612839,0.0,0.0,1.5719262160959262,27257,0,0.0,1952247,1281002,1.0011360810032464,57616,45027,0.22230616425803748,57616,True
211,56119,2.754820530945649,0,0,1.2234422452612839,0.0,0.0,1.5719262160959262,27257,0,0.0,1952247,1281002,1.0011360810032464,57616,45027,0.22230616425803748,57616,True
212,56011,2.749518928683632,0,0,1.2234422452612839,0.0,0.0,1.5719262160959262,27257,0,0.0,1952247,1281002,1.0011360810032464,57616,45027,0.22230616425803748,57616,True
213,56119,2.754820530945649,0,0,1.2234422452612839,0.0,0.0,1.5719262160959262,27257,0,0.0,1952247,1281002,1.0011360810032464,57616,45027,0.22230616425803748,57616,True
214,56011,2.749518928683632,0,0,1.2234422452612839,0.0,0.0,1.5719262160959262,27257,0,0.0,1952247,1281002,1.0011360810032464,57616,45027,0.22230616425803748,57616,True
215,56119,2.754820530945649,0,0,1.2234422452612839,0.0,0.0,1.5719262160959262,27257,0,0.0,1952247,1281002,1.0011360810032464,57616,45027,0.22230616425803748,57616,True
216,56011,2.749518928683632,0,0,1.2234422452612839,0.0,0.0,1.5719262160959262,27257,0,0.0,1952247,1281002,1.0011360810032464,57616,45027,0.22230616425803748,57616,True
217,56119,2.754820530945649,0,0,1.2234422452612839,0.0,0.0,1.5719262160959262,27257,0,0.0,1952247,1281002,1.0011360810032464,57616,45027,0.22230616425803748,57616,True
218,56011,2.749518928683632,0,0,1.2234422452612839,0.0,0.0,1.5719262160959262,27257,0,0.0,1952247,1281002,1.0011360810032464,57616,45027,0.22230616425803748,57616,True
219,56119,2.754820530945649,0,0,1.2234422452612839,0.0,0.0,1.5719262160959262,27257,0,0.0,1952247,1281002,1.0011360810032464,57616,45027,0.22230616425803748,57616,True
220,56011,2.749518928683632,0,0,1.2234422452612839,0.0,0.0,1.5719262160959262,27257,0,0.0,1952247,1281002,1.0011360810032464,57616,45027,0.22230616425803748,57616,True
221,56119,2.754820530945649,0,0,1.2234422452612839,0.0,0.0,1.5719262160959262,27257,0,0.0,1952247,1281002,1.0011360810032464,57616,45027,0.22230616425803748,57616,True
222,56011,2.749518928683632,0,0,1.2234422452612839,0.0,0.0,1.5719262160959262,27257,0,0.0,1952247,1281002,1.0011360810032464,57616,45027,0.22230616425803748,57616,True
223,56119,2.754820530945649,0,0,1.2234422452612839,0.0,0.0,1.5719262160959262,27257,0,0.0,1952247,1281002,1.0011360810032464,57616,45027,0.22230616425803748,57616,True
224,56011,2.749518928683632,0,0,1.2234422452612839,0.0,0.0,1.5719262160959262,27257,0,0.0,1952247,1281002,1.0011360810032464,57616,45027,0.22230616425803748,57616,True
225,56119,2.754820530945649,0,0,1.2234422452612839,0.0,0.0,1.5719262160959262,27257,0,0.0,1952247,1281002,1.0011360810032464,57616,45027,0.22230616425803748,57616,True
226,56011,2.749518928683632,0,0,1.2234422452612839,0.0,0.0,1.5719262160959262,27257,0,0.0,1952247,1281002,1.0011360810032464,57616,45027,0.22230616425803748,57616,True
227,56119,2.754820530945649,0,0,1.2234422452612839,0.0,0.0,1.5719262160959262,27257,0,0.0,1952247,1281002,1.0011360810032464,57616,45027,0.22230616425803748,57616,True
228,56011,2.749518928683632,0,0,1.2234422452612839,0.0,0.0,1.5719262160959262,27257,0,0.0,1952247,1281002,1.0011360810032464,57616,45027,0.22230616425803748,57616,True
229,56119,2.754820530945649,0,0,1.2234422452612839,0.0,0.0,1.5719262160959262,27257,0,0.0,1952247,1281002,1.0011360810032464,57616,45027,0.22230616425803748,57616,True
230,56011,2.749518928683632,0,0,1.2234422452612839,0.0,0.0,1.5719262160959262,27257,0,0.0,1952247,1281002,1.0011360810032464,57616,45027,0.22230616425803748,57616,True
231,56119,2.754820530945649,0,0,1.2234422452612839,0.0,0.0,1.5719262160959262,27257,0,0.0,1952247,1281002,1.0011360810032464,57616,45027,0.22230616425803748,57616,True
232,56011,2.749518928683632,0,0,1.2234422452612839,0.0,0.0,1.5719262160959262,27257,0,0.0,1952247,1281002,1.0011360810032464,57616,45027,0.22230616425803748,57616,True
233,56119,2.754820530945649,0,0,1.2234422452612839,0.0,0.0,1.5719262160959262,27257,0,0.0,1952247,1281002,1.0011360810032464,57616,45027,0.22230616425803748,57616,True
234,56011,2.749518928683632,0,0,1.2234422452612839,0.0,0.0,1.5719262160959262,27257,0,0.0,1952247,1281002,1.0011360810032464,57616,45027,0.22230616425803748,57616,True
235,56119,2.754820530945649,0,0,1.2234422452612839,0.0,0.0,1.5719262160959262,27257,0,0.0,1952247,1281002,1.0011360810032464,57616,45027,0.22230616425803748,57616,True
236,56011,2.749518928683632,0,0,1.2234422452612839,0.0,0.0,1.5719262160959262,27257,0,0.0,1952247,1281002,1.0011360810032464,57616,45027,0.22230616425803748,57616,True
237,56119,2.754820530945649,0,0,1.2234422452612839,0.0,0.0,1.5719262160959262,27257,0,0.0,1952247,1281002,1.0011360810032464,57616,45027,0.22230616425803748,57616,True
238,56011,2.749518928683632,0,0,1.2234422452612839,0.0,0.0,1.5719262160959262,27257,0,0.0,1952247,1281002,1.0011360810032464,57616,45027,0.22230616425803748,57616,True
239,56119,2.754820530945649,0,0,1.2234422452612839,0.0,0.0,1.5719262160959262,27257,0,0.0,1952247,1281002,1.0011360810032464,57616,45027,0.22230616425803748,57616,True
