frame,changed_pixels,max_channel_error,rgb_mae,legacy_ps_invocations,clear_ps_invocations,legacy_rgb_sha256,clear_rgb_sha256
0,0,0,0.0,4227720,4227720,0140b8f1b987859407e253bc00971787ee49114946f80cd5b2cc5e40c763cf53,0140b8f1b987859407e253bc00971787ee49114946f80cd5b2cc5e40c763cf53
1,0,0,0.0,4227720,4227720,0140b8f1b987859407e253bc00971787ee49114946f80cd5b2cc5e40c763cf53,0140b8f1b987859407e253bc00971787ee49114946f80cd5b2cc5e40c763cf53
2,0,0,0.0,4227720,4227720,0140b8f1b987859407e253bc00971787ee49114946f80cd5b2cc5e40c763cf53,0140b8f1b987859407e253bc00971787ee49114946f80cd5b2cc5e40c763cf53
3,0,0,0.0,4227720,4227720,0140b8f1b987859407e253bc00971787ee49114946f80cd5b2cc5e40c763cf53,0140b8f1b987859407e253bc00971787ee49114946f80cd5b2cc5e40c763cf53
4,0,0,0.0,4227720,4227720,0140b8f1b987859407e253bc00971787ee49114946f80cd5b2cc5e40c763cf53,0140b8f1b987859407e253bc00971787ee49114946f80cd5b2cc5e40c763cf53
5,0,0,0.0,4227720,4227720,0140b8f1b987859407e253bc00971787ee49114946f80cd5b2cc5e40c763cf53,0140b8f1b987859407e253bc00971787ee49114946f80cd5b2cc5e40c763cf53
6,0,0,0.0,4227720,4227720,0140b8f1b987859407e253bc00971787ee49114946f80cd5b2cc5e40c763cf53,0140b8f1b987859407e253bc00971787ee49114946f80cd5b2cc5e40c763cf53
7,0,0,0.0,4227720,4227720,0140b8f1b987859407e253bc00971787ee49114946f80cd5b2cc5e40c763cf53,0140b8f1b987859407e253bc00971787ee49114946f80cd5b2cc5e40c763cf53
8,0,0,0.0,4227720,4227720,0140b8f1b987859407e253bc00971787ee49114946f80cd5b2cc5e40c763cf53,0140b8f1b987859407e253bc00971787ee49114946f80cd5b2cc5e40c763cf53
9,0,0,0.0,4227720,4227720,0140b8f1b987859407e253bc00971787ee49114946f80cd5b2cc5e40c763cf53,0140b8f1b987859407e253bc00971787ee49114946f80cd5b2cc5e40c763cf53
10,0,0,0.0,4227720,4227720,0140b8f1b987859407e253bc00971787ee49114946f80cd5b2cc5e40c763cf53,0140b8f1b987859407e253bc00971787ee49114946f80cd5b2cc5e40c763cf53
11,0,0,0.0,4227720,4227720,0140b8f1b987859407e253bc00971787ee49114946f80cd5b2cc5e40c763cf53,0140b8f1b987859407e253bc00971787ee49114946f80cd5b2cc5e40c763cf53
12,0,0,0.0,4227720,4227720,0140b8f1b987859407e253bc00971787ee49114946f80cd5b2cc5e40c763cf53,0140b8f1b987859407e253bc00971787ee49114946f80cd5b2cc5e40c763cf53
13,0,0,0.0,4227720,4227720,0140b8f1b987859407e253bc00971787ee49114946f80cd5b2cc5e40c763cf53,0140b8f1b987859407e253bc00971787ee49114946f80cd5b2cc5e40c763cf53
14,0,0,0.0,4227720,4227720,0140b8f1b987859407e253bc00971787ee49114946f80cd5b2cc5e40c763cf53,0140b8f1b987859407e253bc00971787ee49114946f80cd5b2cc5e40c763cf53
15,0,0,0.0,4227720,4227720,0140b8f1b987859407e253bc00971787ee49114946f80cd5b2cc5e40c763cf53,0140b8f1b987859407e253bc00971787ee49114946f80cd5b2cc5e40c763cf53
16,0,0,0.0,4227720,4227720,0140b8f1b987859407e253bc00971787ee49114946f80cd5b2cc5e40c763cf53,0140b8f1b987859407e253bc00971787ee49114946f80cd5b2cc5e40c763cf53
17,0,0,0.0,4227720,4227720,0140b8f1b987859407e253bc00971787ee49114946f80cd5b2cc5e40c763cf53,0140b8f1b987859407e253bc00971787ee49114946f80cd5b2cc5e40c763cf53
18,0,0,0.0,4227720,4227720,0140b8f1b987859407e253bc00971787ee49114946f80cd5b2cc5e40c763cf53,0140b8f1b987859407e253bc00971787ee49114946f80cd5b2cc5e40c763cf53
19,0,0,0.0,4227720,4227720,0140b8f1b987859407e253bc00971787ee49114946f80cd5b2cc5e40c763cf53,0140b8f1b987859407e253bc00971787ee49114946f80cd5b2cc5e40c763cf53
20,0,0,0.0,4227720,4227720,0140b8f1b987859407e253bc00971787ee49114946f80cd5b2cc5e40c763cf53,0140b8f1b987859407e253bc00971787ee49114946f80cd5b2cc5e40c763cf53
21,0,0,0.0,4227720,4227720,0140b8f1b987859407e253bc00971787ee49114946f80cd5b2cc5e40c763cf53,0140b8f1b987859407e253bc00971787ee49114946f80cd5b2cc5e40c763cf53
22,0,0,0.0,4227720,4227720,0140b8f1b987859407e253bc00971787ee49114946f80cd5b2cc5e40c763cf53,0140b8f1b987859407e253bc00971787ee49114946f80cd5b2cc5e40c763cf53
23,0,0,0.0,4227720,4227720,0140b8f1b987859407e253bc00971787ee49114946f80cd5b2cc5e40c763cf53,0140b8f1b987859407e253bc00971787ee49114946f80cd5b2cc5e40c763cf53
24,0,0,0.0,4227720,4227720,0140b8f1b987859407e253bc00971787ee49114946f80cd5b2cc5e40c763cf53,0140b8f1b987859407e253bc00971787ee49114946f80cd5b2cc5e40c763cf53
25,0,0,0.0,4227720,4227720,0140b8f1b987859407e253bc00971787ee49114946f80cd5b2cc5e40c763cf53,0140b8f1b987859407e253bc00971787ee49114946f80cd5b2cc5e40c763cf53
26,0,0,0.0,4227720,4227720,0140b8f1b987859407e253bc00971787ee49114946f80cd5b2cc5e40c763cf53,0140b8f1b987859407e253bc00971787ee49114946f80cd5b2cc5e40c763cf53
27,0,0,0.0,4227720,4227720,0140b8f1b987859407e253bc00971787ee49114946f80cd5b2cc5e40c763cf53,0140b8f1b987859407e253bc00971787ee49114946f80cd5b2cc5e40c763cf53
28,0,0,0.0,4227720,4227720,0140b8f1b987859407e253bc00971787ee49114946f80cd5b2cc5e40c763cf53,0140b8f1b987859407e253bc00971787ee49114946f80cd5b2cc5e40c763cf53
29,0,0,0.0,4227720,4227720,0140b8f1b987859407e253bc00971787ee49114946f80cd5b2cc5e40c763cf53,0140b8f1b987859407e253bc00971787ee49114946f80cd5b2cc5e40c763cf53
30,0,0,0.0,4227720,4227720,0140b8f1b987859407e253bc00971787ee49114946f80cd5b2cc5e40c763cf53,0140b8f1b987859407e253bc00971787ee49114946f80cd5b2cc5e40c763cf53
31,0,0,0.0,4227720,4227720,0140b8f1b987859407e253bc00971787ee49114946f80cd5b2cc5e40c763cf53,0140b8f1b987859407e253bc00971787ee49114946f80cd5b2cc5e40c763cf53
32,0,0,0.0,4227720,4227720,0140b8f1b987859407e253bc00971787ee49114946f80cd5b2cc5e40c763cf53,0140b8f1b987859407e253bc00971787ee49114946f80cd5b2cc5e40c763cf53
33,0,0,0.0,4227720,4227720,0140b8f1b987859407e253bc00971787ee49114946f80cd5b2cc5e40c763cf53,0140b8f1b987859407e253bc00971787ee49114946f80cd5b2cc5e40c763cf53
34,0,0,0.0,4227720,4227720,0140b8f1b987859407e253bc00971787ee49114946f80cd5b2cc5e40c763cf53,0140b8f1b987859407e253bc00971787ee49114946f80cd5b2cc5e40c763cf53
35,0,0,0.0,4227720,4227720,0140b8f1b987859407e253bc00971787ee49114946f80cd5b2cc5e40c763cf53,0140b8f1b987859407e253bc00971787ee49114946f80cd5b2cc5e40c763cf53
36,0,0,0.0,4227720,4227720,0140b8f1b987859407e253bc00971787ee49114946f80cd5b2cc5e40c763cf53,0140b8f1b987859407e253bc00971787ee49114946f80cd5b2cc5e40c763cf53
37,0,0,0.0,4227720,4227720,0140b8f1b987859407e253bc00971787ee49114946f80cd5b2cc5e40c763cf53,0140b8f1b987859407e253bc00971787ee49114946f80cd5b2cc5e40c763cf53
38,0,0,0.0,4227720,4227720,0140b8f1b987859407e253bc00971787ee49114946f80cd5b2cc5e40c763cf53,0140b8f1b987859407e253bc00971787ee49114946f80cd5b2cc5e40c763cf53
39,0,0,0.0,4227720,4227720,0140b8f1b987859407e253bc00971787ee49114946f80cd5b2cc5e40c763cf53,0140b8f1b987859407e253bc00971787ee49114946f80cd5b2cc5e40c763cf53
40,0,0,0.0,4227720,4227720,0140b8f1b987859407e253bc00971787ee49114946f80cd5b2cc5e40c763cf53,0140b8f1b987859407e253bc00971787ee49114946f80cd5b2cc5e40c763cf53
41,0,0,0.0,4227720,4227720,0140b8f1b987859407e253bc00971787ee49114946f80cd5b2cc5e40c763cf53,0140b8f1b987859407e253bc00971787ee49114946f80cd5b2cc5e40c763cf53
42,0,0,0.0,4227720,4227720,0140b8f1b987859407e253bc00971787ee49114946f80cd5b2cc5e40c763cf53,0140b8f1b987859407e253bc00971787ee49114946f80cd5b2cc5e40c763cf53
43,0,0,0.0,4227720,4227720,0140b8f1b987859407e253bc00971787ee49114946f80cd5b2cc5e40c763cf53,0140b8f1b987859407e253bc00971787ee49114946f80cd5b2cc5e40c763cf53
44,0,0,0.0,4227720,4227720,0140b8f1b987859407e253bc00971787ee49114946f80cd5b2cc5e40c763cf53,0140b8f1b987859407e253bc00971787ee49114946f80cd5b2cc5e40c763cf53
45,0,0,0.0,4227720,4227720,0140b8f1b987859407e253bc00971787ee49114946f80cd5b2cc5e40c763cf53,0140b8f1b987859407e253bc00971787ee49114946f80cd5b2cc5e40c763cf53
46,0,0,0.0,4227720,4227720,0140b8f1b987859407e253bc00971787ee49114946f80cd5b2cc5e40c763cf53,0140b8f1b987859407e253bc00971787ee49114946f80cd5b2cc5e40c763cf53
47,0,0,0.0,4227720,4227720,0140b8f1b987859407e253bc00971787ee49114946f80cd5b2cc5e40c763cf53,0140b8f1b987859407e253bc00971787ee49114946f80cd5b2cc5e40c763cf53
48,0,0,0.0,4227720,4227720,0140b8f1b987859407e253bc00971787ee49114946f80cd5b2cc5e40c763cf53,0140b8f1b987859407e253bc00971787ee49114946f80cd5b2cc5e40c763cf53
49,0,0,0.0,4227720,4227720,0140b8f1b987859407e253bc00971787ee49114946f80cd5b2cc5e40c763cf53,0140b8f1b987859407e253bc00971787ee49114946f80cd5b2cc5e40c763cf53
50,0,0,0.0,4227720,4227720,0140b8f1b987859407e253bc00971787ee49114946f80cd5b2cc5e40c763cf53,0140b8f1b987859407e253bc00971787ee49114946f80cd5b2cc5e40c763cf53
51,0,0,0.0,4227720,4227720,0140b8f1b987859407e253bc00971787ee49114946f80cd5b2cc5e40c763cf53,0140b8f1b987859407e253bc00971787ee49114946f80cd5b2cc5e40c763cf53
52,0,0,0.0,4227720,4227720,0140b8f1b987859407e253bc00971787ee49114946f80cd5b2cc5e40c763cf53,0140b8f1b987859407e253bc00971787ee49114946f80cd5b2cc5e40c763cf53
53,0,0,0.0,4227720,4227720,0140b8f1b987859407e253bc00971787ee49114946f80cd5b2cc5e40c763cf53,0140b8f1b987859407e253bc00971787ee49114946f80cd5b2cc5e40c763cf53
54,0,0,0.0,4227720,4227720,0140b8f1b987859407e253bc00971787ee49114946f80cd5b2cc5e40c763cf53,0140b8f1b987859407e253bc00971787ee49114946f80cd5b2cc5e40c763cf53
55,0,0,0.0,4227720,4227720,0140b8f1b987859407e253bc00971787ee49114946f80cd5b2cc5e40c763cf53,0140b8f1b987859407e253bc00971787ee49114946f80cd5b2cc5e40c763cf53
56,0,0,0.0,4227720,4227720,0140b8f1b987859407e253bc00971787ee49114946f80cd5b2cc5e40c763cf53,0140b8f1b987859407e253bc00971787ee49114946f80cd5b2cc5e40c763cf53
57,0,0,0.0,4227720,4227720,0140b8f1b987859407e253bc00971787ee49114946f80cd5b2cc5e40c763cf53,0140b8f1b987859407e253bc00971787ee49114946f80cd5b2cc5e40c763cf53
58,0,0,0.0,4227720,4227720,0140b8f1b987859407e253bc00971787ee49114946f80cd5b2cc5e40c763cf53,0140b8f1b987859407e253bc00971787ee49114946f80cd5b2cc5e40c763cf53
59,0,0,0.0,4227720,4227720,0140b8f1b987859407e253bc00971787ee49114946f80cd5b2cc5e40c763cf53,0140b8f1b987859407e253bc00971787ee49114946f80cd5b2cc5e40c763cf53
60,0,0,0.0,4227720,4227720,0140b8f1b987859407e253bc00971787ee49114946f80cd5b2cc5e40c763cf53,0140b8f1b987859407e253bc00971787ee49114946f80cd5b2cc5e40c763cf53
61,0,0,0.0,4298540,4251345,9db1e96cc6655ea8cbf37c3a879e1443c30b530970b699321b6c040c594c55d8,9db1e96cc6655ea8cbf37c3a879e1443c30b530970b699321b6c040c594c55d8
62,0,0,0.0,4351700,4266082,d01df498cb0155221c79feca40e721b04a6a00a079cedfaf7e035c23bd5a3257,d01df498cb0155221c79feca40e721b04a6a00a079cedfaf7e035c23bd5a3257
63,0,0,0.0,4387576,4271565,485cd8e2ece2d5d7347e98e1eceb2fbe69f280c84bb9d96088cb4cb961c3695c,485cd8e2ece2d5d7347e98e1eceb2fbe69f280c84bb9d96088cb4cb961c3695c
64,0,0,0.0,4413086,4272675,c9a9a3923b5244817f652e72c3df0c208fb148fac95dd9aa0af9e0abe4e94fe7,c9a9a3923b5244817f652e72c3df0c208fb148fac95dd9aa0af9e0abe4e94fe7
65,0,0,0.0,4435785,4276476,568eb3af695af0c455060831ba4106a3ba8ed9c207e3d8a6d9fb5743ea3ecbd5,568eb3af695af0c455060831ba4106a3ba8ed9c207e3d8a6d9fb5743ea3ecbd5
66,0,0,0.0,4456107,4278779,f433856f24ee92b4639285b2fe1ae11666824f7f07535ab30ed4b1c76969301b,f433856f24ee92b4639285b2fe1ae11666824f7f07535ab30ed4b1c76969301b
67,0,0,0.0,4475144,4282009,041f94111bd512344a4f3106d34edbde97935f6c43419553c29cdc1658d79e77,041f94111bd512344a4f3106d34edbde97935f6c43419553c29cdc1658d79e77
68,0,0,0.0,4491747,4284458,5466d58a2abdffbfae005f1cbd4763966d369fefe3193ad1febffdbb6541508c,5466d58a2abdffbfae005f1cbd4763966d369fefe3193ad1febffdbb6541508c
69,0,0,0.0,4507770,4286646,9aa217c3e1310208f675dadc65c2913bcc96d95fc1aa99bb679c4b9e2d21085d,9aa217c3e1310208f675dadc65c2913bcc96d95fc1aa99bb679c4b9e2d21085d
70,0,0,0.0,4523400,4289623,79997682995205199ed7a58c6ba6eecdc20edd28a423c486a2b0ee4decffff18,79997682995205199ed7a58c6ba6eecdc20edd28a423c486a2b0ee4decffff18
71,0,0,0.0,4540613,4295525,3b167d5cf0b800bd90e9ad2785648f318069e2fcb81b384e93f4a9b7caac7821,3b167d5cf0b800bd90e9ad2785648f318069e2fcb81b384e93f4a9b7caac7821
72,0,0,0.0,4558293,4301023,5ee560b72f0fe8ebef84b1664c4578a3f4dda5aa3124f069551a94fa7640d559,5ee560b72f0fe8ebef84b1664c4578a3f4dda5aa3124f069551a94fa7640d559
73,0,0,0.0,4576567,4306709,f75bfebd5a70387b6bde954147a2c13220597f1abdba7679da567b5ceda2849f,f75bfebd5a70387b6bde954147a2c13220597f1abdba7679da567b5ceda2849f
74,0,0,0.0,4594801,4312811,6d527630da3816fceb0dc2d10520b135fd49efea27a94e773d47517bec7a037f,6d527630da3816fceb0dc2d10520b135fd49efea27a94e773d47517bec7a037f
75,0,0,0.0,4614116,4319369,0f64f29de41627ef1301f7342396491fce2f9db13b95c726e01dc20fbfd06db6,0f64f29de41627ef1301f7342396491fce2f9db13b95c726e01dc20fbfd06db6
76,0,0,0.0,4634328,4325602,bc16942858cf52ac2707183099913b8f271be9bfeed44b5617af441caac26286,bc16942858cf52ac2707183099913b8f271be9bfeed44b5617af441caac26286
77,0,0,0.0,4655042,4333662,d5f035047a9e3ccd153eafb6f550f3626816aea55e3ad28efc45fa0e63eec0a1,d5f035047a9e3ccd153eafb6f550f3626816aea55e3ad28efc45fa0e63eec0a1
78,0,0,0.0,4678510,4342715,642673fed012df069f53482b740114fde1deb5c6b8d5fbf89ea9e61a665a24a4,642673fed012df069f53482b740114fde1deb5c6b8d5fbf89ea9e61a665a24a4
79,0,0,0.0,4701074,4350087,8267f2d1b621b18e605d8084e2defae6ea7c7a21ea59311a6f23dbdbb7309a4d,8267f2d1b621b18e605d8084e2defae6ea7c7a21ea59311a6f23dbdbb7309a4d
80,0,0,0.0,4725776,4359196,93f65af0725e2575beb466fe5aed379707367edd2b9a42ca9831839f5e74e6b1,93f65af0725e2575beb466fe5aed379707367edd2b9a42ca9831839f5e74e6b1
81,0,0,0.0,4753326,4369762,f3b1f4e5fecde09933c8fd19bdbf3f74761fc5351c76396d47017c418dcd8d5d,f3b1f4e5fecde09933c8fd19bdbf3f74761fc5351c76396d47017c418dcd8d5d
82,0,0,0.0,4782740,4381597,0d388044a749036c922f9b2caee208313ee1d335e072add8c42d56678f77642a,0d388044a749036c922f9b2caee208313ee1d335e072add8c42d56678f77642a
83,0,0,0.0,4812829,4392349,cc000c76ceb71067e55144ccf339cc3e4fb1ae964d4b333645209a0a07c747e0,cc000c76ceb71067e55144ccf339cc3e4fb1ae964d4b333645209a0a07c747e0
84,0,0,0.0,4844818,4406864,8c0fdf0076c1487db294abb58ad8ce6a4cc0b85562a9959857b522a45b5f62f3,8c0fdf0076c1487db294abb58ad8ce6a4cc0b85562a9959857b522a45b5f62f3
85,0,0,0.0,4881062,4422227,5e53da7f1be06d9aead6169dbbe849a6b2b98d4d65044d01c3b21166e60b19a1,5e53da7f1be06d9aead6169dbbe849a6b2b98d4d65044d01c3b21166e60b19a1
86,0,0,0.0,4922420,4442043,8a049b20cd40c218d194c3fae37aebbdb77b46130fc41ae3678b83d8cba64668,8a049b20cd40c218d194c3fae37aebbdb77b46130fc41ae3678b83d8cba64668
87,0,0,0.0,4958273,4454469,267d3c7b3e917b3b96f21d9431d50984bd1327ac89b8c6e645e3a85bec34d52a,267d3c7b3e917b3b96f21d9431d50984bd1327ac89b8c6e645e3a85bec34d52a
88,0,0,0.0,4990836,4462616,fd1be3590b264f62da8f14086086964924a838958c371d6cca8ef0e780d310f3,fd1be3590b264f62da8f14086086964924a838958c371d6cca8ef0e780d310f3
89,0,0,0.0,5024018,4471972,0841f11a612d102215ef75a0ccc9efb4ab23cad98ec9a956106271df368ceb51,0841f11a612d102215ef75a0ccc9efb4ab23cad98ec9a956106271df368ceb51
90,0,0,0.0,5056348,4480744,8b5a01736dd9ff40631120a8c2dfdfe43123c717b0afe1ade3f7c5d9e72fad36,8b5a01736dd9ff40631120a8c2dfdfe43123c717b0afe1ade3f7c5d9e72fad36
91,0,0,0.0,5089257,4490269,c81147d010e68e49beb5c2b83a4649920c621ce5d00329eb486f6e0456a1d32d,c81147d010e68e49beb5c2b83a4649920c621ce5d00329eb486f6e0456a1d32d
92,0,0,0.0,5124000,4501931,d3d050ad63acb45801ae4ab4da135ff6cefc459edb6e3e54a7a3f5d4b039048c,d3d050ad63acb45801ae4ab4da135ff6cefc459edb6e3e54a7a3f5d4b039048c
93,0,0,0.0,5159892,4514737,c58bbfb4bffcba4eebf441292e5561907ac7ff8346c23796a21f7d8f102cc9d8,c58bbfb4bffcba4eebf441292e5561907ac7ff8346c23796a21f7d8f102cc9d8
94,0,0,0.0,5199258,4526283,be0ae69b8bdc4bee880a2638e98b270714ad9808be0bae2f99151126376d1456,be0ae69b8bdc4bee880a2638e98b270714ad9808be0bae2f99151126376d1456
95,0,0,0.0,5237114,4536176,9d0b3d668b6c0c70864dd49784e5f20ad282865d16a4eae0d6560631d56568e0,9d0b3d668b6c0c70864dd49784e5f20ad282865d16a4eae0d6560631d56568e0
96,0,0,0.0,5274571,4543713,87d5746d6c284326fb2f239dd67cdb166be08c6b7725b9d1c8e976ce2221b485,87d5746d6c284326fb2f239dd67cdb166be08c6b7725b9d1c8e976ce2221b485
97,0,0,0.0,5309061,4552679,ddc7ee338ad6985217e5fc91982e8f146df7cc001e1d1ca4eb70fb449868010a,ddc7ee338ad6985217e5fc91982e8f146df7cc001e1d1ca4eb70fb449868010a
98,0,0,0.0,5341231,4554414,bed76228cb5f17b3246db66028f374138fee5271ed4382d94e9b8500df178ea5,bed76228cb5f17b3246db66028f374138fee5271ed4382d94e9b8500df178ea5
99,0,0,0.0,5371275,4558372,66642a3740c2d6bd09ab008a689c1ab7905fe8e06c7797816477223d2748e785,66642a3740c2d6bd09ab008a689c1ab7905fe8e06c7797816477223d2748e785
100,0,0,0.0,5398412,4561259,53eccc7692692a028d407e4fc53b5bb3d6bfb1c9b806f22213c47b0ece22c75e,53eccc7692692a028d407e4fc53b5bb3d6bfb1c9b806f22213c47b0ece22c75e
101,0,0,0.0,5424017,4566535,5244b0ef5cd530b9039318eacc66560df655e851cd934106774b78de06371e34,5244b0ef5cd530b9039318eacc66560df655e851cd934106774b78de06371e34
102,0,0,0.0,5448548,4569632,ed4f01dee928988fb29c469a1cd50216d21a1cf1491d877d1de35fd48f8c792a,ed4f01dee928988fb29c469a1cd50216d21a1cf1491d877d1de35fd48f8c792a
103,0,0,0.0,5471213,4572523,839c748f06cb4a296704fd9fd1867a7927239ddda2f339dfb674794dc3d58268,839c748f06cb4a296704fd9fd1867a7927239ddda2f339dfb674794dc3d58268
104,0,0,0.0,5492976,4576603,18c47ee1551d88c73420a754c707c2be6d03f8de5cdd7273ae3de669a880d5f3,18c47ee1551d88c73420a754c707c2be6d03f8de5cdd7273ae3de669a880d5f3
105,0,0,0.0,5514563,4580570,dd9cdfbecdc213069c0d3b1397ebb3cb7ab1d7b45caf8f105609397e3ffcb23f,dd9cdfbecdc213069c0d3b1397ebb3cb7ab1d7b45caf8f105609397e3ffcb23f
106,0,0,0.0,5534515,4583833,f306615ed0d5a47e33f5523032f906938ddf9cd756c6d6014ff7dab74f9c4f88,f306615ed0d5a47e33f5523032f906938ddf9cd756c6d6014ff7dab74f9c4f88
107,0,0,0.0,5554500,4588379,6a06db3482ba4820711b6acf9d686fdf16d4cc981b3dce82a5e52cfc4aaa73b3,6a06db3482ba4820711b6acf9d686fdf16d4cc981b3dce82a5e52cfc4aaa73b3
108,0,0,0.0,5573777,4592684,ecc188aa0cd3b1f6f47eb8bc959c89633ba7cfef63f14996c5476f0b79358bc8,ecc188aa0cd3b1f6f47eb8bc959c89633ba7cfef63f14996c5476f0b79358bc8
109,0,0,0.0,5591776,4597090,7d9e522160f0cc8a4ce3c7e42bf468194f8086fa4ca497cc6d965740ad6c1c6b,7d9e522160f0cc8a4ce3c7e42bf468194f8086fa4ca497cc6d965740ad6c1c6b
110,0,0,0.0,5610492,4600373,c86ed5ebe9472e38e2a4b0990f54d89b7f978bf5523c464fa9134c51287a546d,c86ed5ebe9472e38e2a4b0990f54d89b7f978bf5523c464fa9134c51287a546d
111,0,0,0.0,5628000,4603052,cfadb442f49f81bba390ae4201a093ca068c95a8347cc8d3d9fa223641249d9f,cfadb442f49f81bba390ae4201a093ca068c95a8347cc8d3d9fa223641249d9f
112,0,0,0.0,5645714,4605680,b2377e957b78bec66d4063de4ad7ce670cb67e3c1bf6110cb098ae641b166d33,b2377e957b78bec66d4063de4ad7ce670cb67e3c1bf6110cb098ae641b166d33
113,0,0,0.0,5662776,4610021,dabdc040424195d9f6ca4e1c6b1edc3f2c491cabab5bd58048b5ea5b55809c18,dabdc040424195d9f6ca4e1c6b1edc3f2c491cabab5bd58048b5ea5b55809c18
114,0,0,0.0,5679272,4614909,9d00090ecf70cee3c92ebca3597fe88d40f7adafc747b497a6a36a87b5fadbbc,9d00090ecf70cee3c92ebca3597fe88d40f7adafc747b497a6a36a87b5fadbbc
115,0,0,0.0,5696373,4619241,0116334e1457647bfbd209d2fcf349655acda0e7e518c381997e08046750bff1,0116334e1457647bfbd209d2fcf349655acda0e7e518c381997e08046750bff1
116,0,0,0.0,5712735,4623321,28e59b7ef53a834b51d6df6091bb2f16b17785ddf3d2a7887ee529da75919dc4,28e59b7ef53a834b51d6df6091bb2f16b17785ddf3d2a7887ee529da75919dc4
117,0,0,0.0,5729108,4627318,ac8b9fbcd4e43c1c65d6bced07b3f212eb2bfcea0de1098987ee0781d5cdc415,ac8b9fbcd4e43c1c65d6bced07b3f212eb2bfcea0de1098987ee0781d5cdc415
118,0,0,0.0,5745753,4631654,ae03d9c7dc273ba40cc73e0b45f28b6a021f61b09c3b8475b6d31c7205fb5f6c,ae03d9c7dc273ba40cc73e0b45f28b6a021f61b09c3b8475b6d31c7205fb5f6c
119,0,0,0.0,5761857,4636975,610912153b7b00b7e70663bdb9ca98b7c350f27d8ac5d39aab6d0ad1835ca68b,610912153b7b00b7e70663bdb9ca98b7c350f27d8ac5d39aab6d0ad1835ca68b
120,0,0,0.0,5777377,4639980,91e0ac40414d88af4e2e9e4f58464c68fd56437e87ce4b4a080521727ea73d90,91e0ac40414d88af4e2e9e4f58464c68fd56437e87ce4b4a080521727ea73d90
121,0,0,0.0,5792734,4644529,5ac41de2270b3676548260f37082dd90a04e71d6b3e61d83ce3a979db35a050f,5ac41de2270b3676548260f37082dd90a04e71d6b3e61d83ce3a979db35a050f
122,0,0,0.0,5805062,4644409,fb1d54fdf4e1af0da265621ce643548f6c74a5a5d20acda783c71d4038f75b5e,fb1d54fdf4e1af0da265621ce643548f6c74a5a5d20acda783c71d4038f75b5e
123,0,0,0.0,5816633,4644616,75e1c7b26560d8ca2156dff945eb56494a1e7a8f47aa65733c40066e28ef5e14,75e1c7b26560d8ca2156dff945eb56494a1e7a8f47aa65733c40066e28ef5e14
124,0,0,0.0,5827410,4642306,54138bf123adb0dd2d0d000082a60cf0eccb755c1949f94607b6f2208d65b34e,54138bf123adb0dd2d0d000082a60cf0eccb755c1949f94607b6f2208d65b34e
125,0,0,0.0,5837077,4644052,d92af11c68eebccdbfe5a631deadef7cb0044f4cf52db312ed8a038e33e93de2,d92af11c68eebccdbfe5a631deadef7cb0044f4cf52db312ed8a038e33e93de2
126,0,0,0.0,5846476,4643646,56525d6c54e6fc174ef626f54dd32b04020aee743e70e84b170b074f3c8f800c,56525d6c54e6fc174ef626f54dd32b04020aee743e70e84b170b074f3c8f800c
127,0,0,0.0,5855326,4644470,2467f7fc3336178355eb5f5aad5345aadf80fb6f61d175ce67663a1b66247f1b,2467f7fc3336178355eb5f5aad5345aadf80fb6f61d175ce67663a1b66247f1b
128,0,0,0.0,5863677,4645135,6bc452ae0f5f2deb68817f620eb9277ceec7994079611409dea64c9dca5befda,6bc452ae0f5f2deb68817f620eb9277ceec7994079611409dea64c9dca5befda
129,0,0,0.0,5871297,4643969,85a5ca582403989db301fa79bfae63427d27e0d386f3a1c37830643d38f2dec9,85a5ca582403989db301fa79bfae63427d27e0d386f3a1c37830643d38f2dec9
130,0,0,0.0,5878659,4644329,47ca98f325cacb23b5d7626460720f3dcc180c2bb551201d941773c40269f9a3,47ca98f325cacb23b5d7626460720f3dcc180c2bb551201d941773c40269f9a3
131,0,0,0.0,5885911,4643470,99dd565cee3982f84bcbe0c6d1dc09c2597749a53407f0c5038a593955c7942c,99dd565cee3982f84bcbe0c6d1dc09c2597749a53407f0c5038a593955c7942c
132,0,0,0.0,5892443,4642016,d2c0b7f80acf7ccf5fb99edf192ceb477a76279c8741ba17b0041d36fcce782a,d2c0b7f80acf7ccf5fb99edf192ceb477a76279c8741ba17b0041d36fcce782a
133,0,0,0.0,5898443,4642506,b22d0dbd5eba02fb7bbe8edb6c9619788edec6971d70f0a0ee5a58071a54e2ad,b22d0dbd5eba02fb7bbe8edb6c9619788edec6971d70f0a0ee5a58071a54e2ad
134,0,0,0.0,5904629,4640153,577eb8d248b0c9255cef55a6f0a4f96256a402adac13fd3c0410a8a152ce14d8,577eb8d248b0c9255cef55a6f0a4f96256a402adac13fd3c0410a8a152ce14d8
135,0,0,0.0,5910375,4640004,6682b7ba8b46542c30f4277363375e1077a32c274f01ccf8fcd50bb87000fcda,6682b7ba8b46542c30f4277363375e1077a32c274f01ccf8fcd50bb87000fcda
136,0,0,0.0,5915556,4639489,0ae32f5db9999c16572b1c9427c561900a6f38eba5373fc4fe3a248344e9b90a,0ae32f5db9999c16572b1c9427c561900a6f38eba5373fc4fe3a248344e9b90a
137,0,0,0.0,5920761,4639800,81106aa2a5af3ec925d815b68c81ffc55e5cc9c7bea430692875fe1523ceeaaa,81106aa2a5af3ec925d815b68c81ffc55e5cc9c7bea430692875fe1523ceeaaa
138,0,0,0.0,5925992,4639701,cbdc6c5f2f274ef1f39454ffecdb149c20c19df3ecaa5fcfcd6a3410103ac4b6,cbdc6c5f2f274ef1f39454ffecdb149c20c19df3ecaa5fcfcd6a3410103ac4b6
139,0,0,0.0,5930791,4639190,60e049b54c0efa58dec807101fe257aa9eb54cc2afb67ac482006b7a8f7eaa39,60e049b54c0efa58dec807101fe257aa9eb54cc2afb67ac482006b7a8f7eaa39
140,0,0,0.0,5935420,4639793,55324ff5969b6e4238bf79a6b2a5b90628396c693c78bdc8ce9424cd020826ab,55324ff5969b6e4238bf79a6b2a5b90628396c693c78bdc8ce9424cd020826ab
141,0,0,0.0,5939884,4639141,48e5c4b50b4bac0714692fc88d3b5cbb7544a8406feb776ee29d58237586ab75,48e5c4b50b4bac0714692fc88d3b5cbb7544a8406feb776ee29d58237586ab75
142,0,0,0.0,5944280,4639133,aebf13a7dfdba8f44c8429fb253a5ea3d6320425385e1704298bffba9741a25c,aebf13a7dfdba8f44c8429fb253a5ea3d6320425385e1704298bffba9741a25c
143,0,0,0.0,5948416,4636568,1f172316b825454e046dc813ed90546ca6f91ff0791be83fdc2926d42c168e4f,1f172316b825454e046dc813ed90546ca6f91ff0791be83fdc2926d42c168e4f
144,0,0,0.0,5952223,4637391,80e765e83070b14f5497e1151534da26c41d4b75983c3fad7be6eb2a5420f22e,80e765e83070b14f5497e1151534da26c41d4b75983c3fad7be6eb2a5420f22e
145,0,0,0.0,5956247,4636461,41e677539c5fa16d991b7117a23d83c9ffd53cf62b94b998d0a785ce2155b9e1,41e677539c5fa16d991b7117a23d83c9ffd53cf62b94b998d0a785ce2155b9e1
146,0,0,0.0,5959988,4634837,29557820ed5b881be13bc5b0ee3b162c377cbe73e22ef05cf575679a64f82431,29557820ed5b881be13bc5b0ee3b162c377cbe73e22ef05cf575679a64f82431
147,0,0,0.0,5963360,4633737,dc9cd079a5313bfeb0c35c89d20405451fcd2481fb96bfc6fd228c1a0f502aad,dc9cd079a5313bfeb0c35c89d20405451fcd2481fb96bfc6fd228c1a0f502aad
148,0,0,0.0,5966906,4632633,233b913d6b98accdf8661bb268d1389d83484d87d197f8b2cf385a7561e4e1b2,233b913d6b98accdf8661bb268d1389d83484d87d197f8b2cf385a7561e4e1b2
149,0,0,0.0,5970491,4630839,3b9d933d90e092a8120aa6f48a4199858ea4aa13b5f3abe4c09c3da79827084b,3b9d933d90e092a8120aa6f48a4199858ea4aa13b5f3abe4c09c3da79827084b
150,0,0,0.0,5973831,4629789,a168397504a439f74114e8d57cc465a2d2e4126991af837ec8e6a21bd04ebe5b,a168397504a439f74114e8d57cc465a2d2e4126991af837ec8e6a21bd04ebe5b
151,0,0,0.0,5977068,4628862,50d31616cdd1e50c4406063b1f9b1fa8b000acbcd50608ccc0b648695e990452,50d31616cdd1e50c4406063b1f9b1fa8b000acbcd50608ccc0b648695e990452
152,0,0,0.0,5979962,4627464,2c128d3ca7cd59f7ff09bdbbefd0ce36afe697fac32aa1d26f7e473518594f0e,2c128d3ca7cd59f7ff09bdbbefd0ce36afe697fac32aa1d26f7e473518594f0e
153,0,0,0.0,5983023,4627435,cbaaec93e81d858a9bc4239bef40678e763930ec8aa423a926a23e44d9013e22,cbaaec93e81d858a9bc4239bef40678e763930ec8aa423a926a23e44d9013e22
154,0,0,0.0,5985862,4627406,c4524688d283c09e2696e70cf49e398d71734e7c349a1eef609dfb60f900f8dd,c4524688d283c09e2696e70cf49e398d71734e7c349a1eef609dfb60f900f8dd
155,0,0,0.0,5988559,4626775,b624bfab5c6f06226aff942d256aa80b92bdde684b683b6625995a9722c4dac0,b624bfab5c6f06226aff942d256aa80b92bdde684b683b6625995a9722c4dac0
156,0,0,0.0,5991087,4624121,fc57d2591fe9847f222c47106fae2053331911b1c832d047819ff41b24d12f2c,fc57d2591fe9847f222c47106fae2053331911b1c832d047819ff41b24d12f2c
157,0,0,0.0,5993661,4623989,f4c2a4d594fe73f6e39a5e768029c571368f90fe680fcc94c3b362e7cbd8c270,f4c2a4d594fe73f6e39a5e768029c571368f90fe680fcc94c3b362e7cbd8c270
158,0,0,0.0,5996052,4623065,c273147e163bfffc072f7e827eb28f726c62d9f84c15f909e05499c00e3e4c62,c273147e163bfffc072f7e827eb28f726c62d9f84c15f909e05499c00e3e4c62
159,0,0,0.0,5998386,4620738,74886e2af31fd492a690cb9552e0f41ac1a999af695c4b01af41cc32ef8b9b41,74886e2af31fd492a690cb9552e0f41ac1a999af695c4b01af41cc32ef8b9b41
160,0,0,0.0,6000595,4618204,80344a002345950f9ec1a40a7c245b247b0512fddd86c422937c15d43c1d2072,80344a002345950f9ec1a40a7c245b247b0512fddd86c422937c15d43c1d2072
161,0,0,0.0,6002846,4615778,7e9548e4fe0391ae93cb35b195c20f326d0048837e8cf9005d323d10d96e03d8,7e9548e4fe0391ae93cb35b195c20f326d0048837e8cf9005d323d10d96e03d8
162,0,0,0.0,6005010,4613710,e7183a130bf423c05db85a6088264ee09a707b6eaafdc5fea8a79827afc4aeaf,e7183a130bf423c05db85a6088264ee09a707b6eaafdc5fea8a79827afc4aeaf
163,0,0,0.0,6006974,4612169,99bdec70b4367b20a181e0b3c7e4ff3c601c9e9d45520f027d13475a75b62cc7,99bdec70b4367b20a181e0b3c7e4ff3c601c9e9d45520f027d13475a75b62cc7
164,0,0,0.0,6009083,4608699,6b019767d293cc1f8f0decd21f90de7523445966385a353929e8e5b96ff4d8ba,6b019767d293cc1f8f0decd21f90de7523445966385a353929e8e5b96ff4d8ba
165,0,0,0.0,6011164,4606540,afa5c091e5bcd0edf00e1baa284a53d89e3cc4cc44a4ed49953017b165cd8efa,afa5c091e5bcd0edf00e1baa284a53d89e3cc4cc44a4ed49953017b165cd8efa
166,0,0,0.0,6013202,4604155,9b6805feafc44ccca766b98bec6fb06a73684dc0c01d271bcee015eb595f435c,9b6805feafc44ccca766b98bec6fb06a73684dc0c01d271bcee015eb595f435c
167,0,0,0.0,6015092,4601220,70f2b16ee85f6c2eeea460fb2435a2befa162811d7a4d5d14d88f128d2710779,70f2b16ee85f6c2eeea460fb2435a2befa162811d7a4d5d14d88f128d2710779
168,0,0,0.0,6017204,4597192,be129a1232a0a2cc75602e073f20df68db82371883b1c54ab0c5fe1c5748947c,be129a1232a0a2cc75602e073f20df68db82371883b1c54ab0c5fe1c5748947c
169,0,0,0.0,6018921,4595230,4ac97ad03130eee82feeec479f123d81808192849b1a5952093d417401eb7157,4ac97ad03130eee82feeec479f123d81808192849b1a5952093d417401eb7157
170,0,0,0.0,6020923,4591604,7099af878e18bb8b0cc9abeafb1957907e4d5c3741bdb6713658ca9b56551c0d,7099af878e18bb8b0cc9abeafb1957907e4d5c3741bdb6713658ca9b56551c0d
171,0,0,0.0,6022793,4589715,44fda42cfa56ce178ff6087dd1973cc23682917a54053a73bea0c248033564c4,44fda42cfa56ce178ff6087dd1973cc23682917a54053a73bea0c248033564c4
172,0,0,0.0,6024673,4586717,248db1dfddd90d1b5001572ccb4ea465ed4f142ba0fa30b0f20560eb1ecfea42,248db1dfddd90d1b5001572ccb4ea465ed4f142ba0fa30b0f20560eb1ecfea42
173,0,0,0.0,6026405,4581144,1faefe9f5c0371610f107a98c24512bedbffb4e33cf2e4da4bb7455235459930,1faefe9f5c0371610f107a98c24512bedbffb4e33cf2e4da4bb7455235459930
174,0,0,0.0,6028246,4579355,52034cfd9f11845cd3d0700995a215da2eb6cf74cf6c7526c6b828c21e5a8ebc,52034cfd9f11845cd3d0700995a215da2eb6cf74cf6c7526c6b828c21e5a8ebc
175,0,0,0.0,6030040,4574800,271164fc246be8a874a19142626f443b2551045ff243d5dc5a35303795c1cc60,271164fc246be8a874a19142626f443b2551045ff243d5dc5a35303795c1cc60
176,0,0,0.0,6031699,4572543,f9b9508542de749db7f63476403b3e2ffe8031b0d49e06b8a937c23d73554d72,f9b9508542de749db7f63476403b3e2ffe8031b0d49e06b8a937c23d73554d72
177,0,0,0.0,6033203,4568152,23646967e06e2983bf3ee3d7ec65ead6b5d6906d667514ae5d8b9405f827a858,23646967e06e2983bf3ee3d7ec65ead6b5d6906d667514ae5d8b9405f827a858
178,0,0,0.0,6034904,4564162,9711e6eae0db6ff7e0b77155f1f6e2849d6e23cf0625db07e5ef9ed89f5dc981,9711e6eae0db6ff7e0b77155f1f6e2849d6e23cf0625db07e5ef9ed89f5dc981
179,0,0,0.0,6036569,4560049,78443c9feecaa40cf3a183cf904554f7339a47916661509822ff358f99d3f522,78443c9feecaa40cf3a183cf904554f7339a47916661509822ff358f99d3f522
180,0,0,0.0,6038090,4555358,50ebe8eb83a1c5384da67c443072c8c3d805f946944883e758076a19c8a8c638,50ebe8eb83a1c5384da67c443072c8c3d805f946944883e758076a19c8a8c638
181,0,0,0.0,6038090,4555358,50ebe8eb83a1c5384da67c443072c8c3d805f946944883e758076a19c8a8c638,50ebe8eb83a1c5384da67c443072c8c3d805f946944883e758076a19c8a8c638
182,0,0,0.0,6038090,4555358,50ebe8eb83a1c5384da67c443072c8c3d805f946944883e758076a19c8a8c638,50ebe8eb83a1c5384da67c443072c8c3d805f946944883e758076a19c8a8c638
183,0,0,0.0,6038090,4555358,50ebe8eb83a1c5384da67c443072c8c3d805f946944883e758076a19c8a8c638,50ebe8eb83a1c5384da67c443072c8c3d805f946944883e758076a19c8a8c638
184,0,0,0.0,6038090,4555358,50ebe8eb83a1c5384da67c443072c8c3d805f946944883e758076a19c8a8c638,50ebe8eb83a1c5384da67c443072c8c3d805f946944883e758076a19c8a8c638
185,0,0,0.0,6038090,4555358,50ebe8eb83a1c5384da67c443072c8c3d805f946944883e758076a19c8a8c638,50ebe8eb83a1c5384da67c443072c8c3d805f946944883e758076a19c8a8c638
186,0,0,0.0,6038090,4555358,50ebe8eb83a1c5384da67c443072c8c3d805f946944883e758076a19c8a8c638,50ebe8eb83a1c5384da67c443072c8c3d805f946944883e758076a19c8a8c638
187,0,0,0.0,6038090,4555358,50ebe8eb83a1c5384da67c443072c8c3d805f946944883e758076a19c8a8c638,50ebe8eb83a1c5384da67c443072c8c3d805f946944883e758076a19c8a8c638
188,0,0,0.0,6038090,4555358,50ebe8eb83a1c5384da67c443072c8c3d805f946944883e758076a19c8a8c638,50ebe8eb83a1c5384da67c443072c8c3d805f946944883e758076a19c8a8c638
189,0,0,0.0,6038090,4555358,50ebe8eb83a1c5384da67c443072c8c3d805f946944883e758076a19c8a8c638,50ebe8eb83a1c5384da67c443072c8c3d805f946944883e758076a19c8a8c638
190,0,0,0.0,6038090,4555358,50ebe8eb83a1c5384da67c443072c8c3d805f946944883e758076a19c8a8c638,50ebe8eb83a1c5384da67c443072c8c3d805f946944883e758076a19c8a8c638
191,0,0,0.0,6038090,4555358,50ebe8eb83a1c5384da67c443072c8c3d805f946944883e758076a19c8a8c638,50ebe8eb83a1c5384da67c443072c8c3d805f946944883e758076a19c8a8c638
192,0,0,0.0,6038090,4555358,50ebe8eb83a1c5384da67c443072c8c3d805f946944883e758076a19c8a8c638,50ebe8eb83a1c5384da67c443072c8c3d805f946944883e758076a19c8a8c638
193,0,0,0.0,6038090,4555358,50ebe8eb83a1c5384da67c443072c8c3d805f946944883e758076a19c8a8c638,50ebe8eb83a1c5384da67c443072c8c3d805f946944883e758076a19c8a8c638
194,0,0,0.0,6038090,4555358,50ebe8eb83a1c5384da67c443072c8c3d805f946944883e758076a19c8a8c638,50ebe8eb83a1c5384da67c443072c8c3d805f946944883e758076a19c8a8c638
195,0,0,0.0,6038090,4555358,50ebe8eb83a1c5384da67c443072c8c3d805f946944883e758076a19c8a8c638,50ebe8eb83a1c5384da67c443072c8c3d805f946944883e758076a19c8a8c638
196,0,0,0.0,6038090,4555358,50ebe8eb83a1c5384da67c443072c8c3d805f946944883e758076a19c8a8c638,50ebe8eb83a1c5384da67c443072c8c3d805f946944883e758076a19c8a8c638
197,0,0,0.0,6038090,4555358,50ebe8eb83a1c5384da67c443072c8c3d805f946944883e758076a19c8a8c638,50ebe8eb83a1c5384da67c443072c8c3d805f946944883e758076a19c8a8c638
198,0,0,0.0,6038090,4555358,50ebe8eb83a1c5384da67c443072c8c3d805f946944883e758076a19c8a8c638,50ebe8eb83a1c5384da67c443072c8c3d805f946944883e758076a19c8a8c638
199,0,0,0.0,6038090,4555358,50ebe8eb83a1c5384da67c443072c8c3d805f946944883e758076a19c8a8c638,50ebe8eb83a1c5384da67c443072c8c3d805f946944883e758076a19c8a8c638
200,0,0,0.0,6038090,4555358,50ebe8eb83a1c5384da67c443072c8c3d805f946944883e758076a19c8a8c638,50ebe8eb83a1c5384da67c443072c8c3d805f946944883e758076a19c8a8c638
201,0,0,0.0,6038090,4555358,50ebe8eb83a1c5384da67c443072c8c3d805f946944883e758076a19c8a8c638,50ebe8eb83a1c5384da67c443072c8c3d805f946944883e758076a19c8a8c638
202,0,0,0.0,6038090,4555358,50ebe8eb83a1c5384da67c443072c8c3d805f946944883e758076a19c8a8c638,50ebe8eb83a1c5384da67c443072c8c3d805f946944883e758076a19c8a8c638
203,0,0,0.0,6038090,4555358,50ebe8eb83a1c5384da67c443072c8c3d805f946944883e758076a19c8a8c638,50ebe8eb83a1c5384da67c443072c8c3d805f946944883e758076a19c8a8c638
204,0,0,0.0,6038090,4555358,50ebe8eb83a1c5384da67c443072c8c3d805f946944883e758076a19c8a8c638,50ebe8eb83a1c5384da67c443072c8c3d805f946944883e758076a19c8a8c638
205,0,0,0.0,6038090,4555358,50ebe8eb83a1c5384da67c443072c8c3d805f946944883e758076a19c8a8c638,50ebe8eb83a1c5384da67c443072c8c3d805f946944883e758076a19c8a8c638
206,0,0,0.0,6038090,4555358,50ebe8eb83a1c5384da67c443072c8c3d805f946944883e758076a19c8a8c638,50ebe8eb83a1c5384da67c443072c8c3d805f946944883e758076a19c8a8c638
207,0,0,0.0,6038090,4555358,50ebe8eb83a1c5384da67c443072c8c3d805f946944883e758076a19c8a8c638,50ebe8eb83a1c5384da67c443072c8c3d805f946944883e758076a19c8a8c638
208,0,0,0.0,6038090,4555358,50ebe8eb83a1c5384da67c443072c8c3d805f946944883e758076a19c8a8c638,50ebe8eb83a1c5384da67c443072c8c3d805f946944883e758076a19c8a8c638
209,0,0,0.0,6038090,4555358,50ebe8eb83a1c5384da67c443072c8c3d805f946944883e758076a19c8a8c638,50ebe8eb83a1c5384da67c443072c8c3d805f946944883e758076a19c8a8c638
210,0,0,0.0,6038090,4555358,50ebe8eb83a1c5384da67c443072c8c3d805f946944883e758076a19c8a8c638,50ebe8eb83a1c5384da67c443072c8c3d805f946944883e758076a19c8a8c638
211,0,0,0.0,6038090,4555358,50ebe8eb83a1c5384da67c443072c8c3d805f946944883e758076a19c8a8c638,50ebe8eb83a1c5384da67c443072c8c3d805f946944883e758076a19c8a8c638
212,0,0,0.0,6038090,4555358,50ebe8eb83a1c5384da67c443072c8c3d805f946944883e758076a19c8a8c638,50ebe8eb83a1c5384da67c443072c8c3d805f946944883e758076a19c8a8c638
213,0,0,0.0,6038090,4555358,50ebe8eb83a1c5384da67c443072c8c3d805f946944883e758076a19c8a8c638,50ebe8eb83a1c5384da67c443072c8c3d805f946944883e758076a19c8a8c638
214,0,0,0.0,6038090,4555358,50ebe8eb83a1c5384da67c443072c8c3d805f946944883e758076a19c8a8c638,50ebe8eb83a1c5384da67c443072c8c3d805f946944883e758076a19c8a8c638
215,0,0,0.0,6038090,4555358,50ebe8eb83a1c5384da67c443072c8c3d805f946944883e758076a19c8a8c638,50ebe8eb83a1c5384da67c443072c8c3d805f946944883e758076a19c8a8c638
216,0,0,0.0,6038090,4555358,50ebe8eb83a1c5384da67c443072c8c3d805f946944883e758076a19c8a8c638,50ebe8eb83a1c5384da67c443072c8c3d805f946944883e758076a19c8a8c638
217,0,0,0.0,6038090,4555358,50ebe8eb83a1c5384da67c443072c8c3d805f946944883e758076a19c8a8c638,50ebe8eb83a1c5384da67c443072c8c3d805f946944883e758076a19c8a8c638
218,0,0,0.0,6038090,4555358,50ebe8eb83a1c5384da67c443072c8c3d805f946944883e758076a19c8a8c638,50ebe8eb83a1c5384da67c443072c8c3d805f946944883e758076a19c8a8c638
219,0,0,0.0,6038090,4555358,50ebe8eb83a1c5384da67c443072c8c3d805f946944883e758076a19c8a8c638,50ebe8eb83a1c5384da67c443072c8c3d805f946944883e758076a19c8a8c638
220,0,0,0.0,6038090,4555358,50ebe8eb83a1c5384da67c443072c8c3d805f946944883e758076a19c8a8c638,50ebe8eb83a1c5384da67c443072c8c3d805f946944883e758076a19c8a8c638
221,0,0,0.0,6038090,4555358,50ebe8eb83a1c5384da67c443072c8c3d805f946944883e758076a19c8a8c638,50ebe8eb83a1c5384da67c443072c8c3d805f946944883e758076a19c8a8c638
222,0,0,0.0,6038090,4555358,50ebe8eb83a1c5384da67c443072c8c3d805f946944883e758076a19c8a8c638,50ebe8eb83a1c5384da67c443072c8c3d805f946944883e758076a19c8a8c638
223,0,0,0.0,6038090,4555358,50ebe8eb83a1c5384da67c443072c8c3d805f946944883e758076a19c8a8c638,50ebe8eb83a1c5384da67c443072c8c3d805f946944883e758076a19c8a8c638
224,0,0,0.0,6038090,4555358,50ebe8eb83a1c5384da67c443072c8c3d805f946944883e758076a19c8a8c638,50ebe8eb83a1c5384da67c443072c8c3d805f946944883e758076a19c8a8c638
225,0,0,0.0,6038090,4555358,50ebe8eb83a1c5384da67c443072c8c3d805f946944883e758076a19c8a8c638,50ebe8eb83a1c5384da67c443072c8c3d805f946944883e758076a19c8a8c638
226,0,0,0.0,6038090,4555358,50ebe8eb83a1c5384da67c443072c8c3d805f946944883e758076a19c8a8c638,50ebe8eb83a1c5384da67c443072c8c3d805f946944883e758076a19c8a8c638
227,0,0,0.0,6038090,4555358,50ebe8eb83a1c5384da67c443072c8c3d805f946944883e758076a19c8a8c638,50ebe8eb83a1c5384da67c443072c8c3d805f946944883e758076a19c8a8c638
228,0,0,0.0,6038090,4555358,50ebe8eb83a1c5384da67c443072c8c3d805f946944883e758076a19c8a8c638,50ebe8eb83a1c5384da67c443072c8c3d805f946944883e758076a19c8a8c638
229,0,0,0.0,6038090,4555358,50ebe8eb83a1c5384da67c443072c8c3d805f946944883e758076a19c8a8c638,50ebe8eb83a1c5384da67c443072c8c3d805f946944883e758076a19c8a8c638
230,0,0,0.0,6038090,4555358,50ebe8eb83a1c5384da67c443072c8c3d805f946944883e758076a19c8a8c638,50ebe8eb83a1c5384da67c443072c8c3d805f946944883e758076a19c8a8c638
231,0,0,0.0,6038090,4555358,50ebe8eb83a1c5384da67c443072c8c3d805f946944883e758076a19c8a8c638,50ebe8eb83a1c5384da67c443072c8c3d805f946944883e758076a19c8a8c638
232,0,0,0.0,6038090,4555358,50ebe8eb83a1c5384da67c443072c8c3d805f946944883e758076a19c8a8c638,50ebe8eb83a1c5384da67c443072c8c3d805f946944883e758076a19c8a8c638
233,0,0,0.0,6038090,4555358,50ebe8eb83a1c5384da67c443072c8c3d805f946944883e758076a19c8a8c638,50ebe8eb83a1c5384da67c443072c8c3d805f946944883e758076a19c8a8c638
234,0,0,0.0,6038090,4555358,50ebe8eb83a1c5384da67c443072c8c3d805f946944883e758076a19c8a8c638,50ebe8eb83a1c5384da67c443072c8c3d805f946944883e758076a19c8a8c638
235,0,0,0.0,6038090,4555358,50ebe8eb83a1c5384da67c443072c8c3d805f946944883e758076a19c8a8c638,50ebe8eb83a1c5384da67c443072c8c3d805f946944883e758076a19c8a8c638
236,0,0,0.0,6038090,4555358,50ebe8eb83a1c5384da67c443072c8c3d805f946944883e758076a19c8a8c638,50ebe8eb83a1c5384da67c443072c8c3d805f946944883e758076a19c8a8c638
237,0,0,0.0,6038090,4555358,50ebe8eb83a1c5384da67c443072c8c3d805f946944883e758076a19c8a8c638,50ebe8eb83a1c5384da67c443072c8c3d805f946944883e758076a19c8a8c638
238,0,0,0.0,6038090,4555358,50ebe8eb83a1c5384da67c443072c8c3d805f946944883e758076a19c8a8c638,50ebe8eb83a1c5384da67c443072c8c3d805f946944883e758076a19c8a8c638
239,0,0,0.0,6038090,4555358,50ebe8eb83a1c5384da67c443072c8c3d805f946944883e758076a19c8a8c638,50ebe8eb83a1c5384da67c443072c8c3d805f946944883e758076a19c8a8c638
