mode,repeat,metric,samples,mean_ms,p95_ms,p99_ms,median_ms,std_ms
O-T2X-R,0,SF_CameraVelocity,4800,0.023677227,0.024576,0.024576,0.023552,0.000481079
O-T2X-R,0,SF_Resolve,4800,0.03333568,0.037888,0.037888,0.03584,0.003723987
O-T2X-R,0,SF_Spatial,4800,0.1498176,0.155648,0.15872,0.150528,0.00692598
O-T2X-R,0,SMAA,4800,0.20684544,0.216064,0.218112,0.207872,0.008398715
O-T2X-R,0,WallFrame,4800,2.904100604,2.969,3.0294,2.8988,0.040089688
O-T2X-R,0,WholeFrame,4800,2.486923727,2.51904,2.540544,2.486272,0.022508751
ABL-SpatialFirstEdge-T2X-R,0,SF_CameraVelocity,4800,0.02365632,0.024576,0.024576,0.023552,0.000499347
ABL-SpatialFirstEdge-T2X-R,0,SF_Resolve,4800,0.027835093,0.029696,0.03072,0.027648,0.001551359
ABL-SpatialFirstEdge-T2X-R,0,SF_Spatial,4800,0.150672853,0.154624,0.157696,0.150528,0.002713035
ABL-SpatialFirstEdge-T2X-R,0,SMAA,4800,0.2021792,0.206848,0.208896,0.202752,0.003164358
ABL-SpatialFirstEdge-T2X-R,0,WallFrame,4800,2.916988062,3.0287,3.1706,2.9031,0.063287203
ABL-SpatialFirstEdge-T2X-R,0,WholeFrame,4800,2.494153747,2.533376,2.742272,2.485248,0.049940118
ABL-SpatialFirstEdge-T2X-R,1,SF_CameraVelocity,4800,0.023671467,0.024576,0.024576,0.023552,0.00049572
ABL-SpatialFirstEdge-T2X-R,1,SF_Resolve,4800,0.02786304,0.029696,0.029696,0.027648,0.001503403
ABL-SpatialFirstEdge-T2X-R,1,SF_Spatial,4800,0.151282347,0.156672,0.15872,0.151552,0.003004985
ABL-SpatialFirstEdge-T2X-R,1,SMAA,4800,0.202841813,0.208896,0.211968,0.202752,0.003622516
ABL-SpatialFirstEdge-T2X-R,1,WallFrame,4800,2.912089417,2.9987,3.1542,2.902,0.053291586
ABL-SpatialFirstEdge-T2X-R,1,WholeFrame,4800,2.492303927,2.522112,2.72896,2.487296,0.040234671
O-T2X-R,1,SF_CameraVelocity,4800,0.023749973,0.024576,0.024576,0.023552,0.000494378
O-T2X-R,1,SF_Resolve,4800,0.033416107,0.037888,0.037888,0.03584,0.003726902
O-T2X-R,1,SF_Spatial,4800,0.150966613,0.155648,0.157696,0.150528,0.002785846
O-T2X-R,1,SMAA,4800,0.20814528,0.21504,0.217088,0.208896,0.004713189
O-T2X-R,1,WallFrame,4800,2.907496104,2.9698,3.022,2.9038,0.034717595
O-T2X-R,1,WholeFrame,4800,2.495026087,2.525184,2.548736,2.494464,0.019855947
O-T2X-R,2,SF_CameraVelocity,4800,0.023725653,0.024576,0.024576,0.023552,0.000463674
O-T2X-R,2,SF_Resolve,4800,0.033418027,0.037888,0.037888,0.03584,0.003699291
O-T2X-R,2,SF_Spatial,4800,0.151440427,0.156672,0.157696,0.151552,0.002946199
O-T2X-R,2,SMAA,4800,0.208599467,0.217088,0.219136,0.208896,0.005322143
O-T2X-R,2,WallFrame,4800,2.909052833,2.9744,3.0463,2.904,0.037960323
O-T2X-R,2,WholeFrame,4800,2.4945986,2.525184,2.56,2.494464,0.02110942
ABL-SpatialFirstEdge-T2X-R,2,SF_CameraVelocity,4800,0.023726293,0.024576,0.024576,0.023552,0.00050213
ABL-SpatialFirstEdge-T2X-R,2,SF_Resolve,4800,0.02786944,0.029696,0.029696,0.028672,0.001532852
ABL-SpatialFirstEdge-T2X-R,2,SF_Spatial,4800,0.151186133,0.155648,0.15872,0.151552,0.002848011
ABL-SpatialFirstEdge-T2X-R,2,SMAA,4800,0.202804267,0.207872,0.20992,0.202752,0.003154656
ABL-SpatialFirstEdge-T2X-R,2,WallFrame,4800,2.908258604,2.9746,3.0352,2.9031,0.036905113
ABL-SpatialFirstEdge-T2X-R,2,WholeFrame,4800,2.49030972,2.51904,2.540544,2.489344,0.018184924
ABL-SpatialFirstEdge-T2X-R,3,SF_CameraVelocity,4800,0.023692373,0.024576,0.024576,0.023552,0.000475272
ABL-SpatialFirstEdge-T2X-R,3,SF_Resolve,4800,0.02785408,0.029696,0.029696,0.027648,0.001500732
ABL-SpatialFirstEdge-T2X-R,3,SF_Spatial,4800,0.15122816,0.156672,0.157696,0.151552,0.002926477
ABL-SpatialFirstEdge-T2X-R,3,SMAA,4800,0.202790187,0.208896,0.210944,0.202752,0.003550759
ABL-SpatialFirstEdge-T2X-R,3,WallFrame,4800,2.92374825,3.1101,3.1833,2.9065,0.068438567
ABL-SpatialFirstEdge-T2X-R,3,WholeFrame,4800,2.50156904,2.649088,2.74944,2.489344,0.056295801
O-T2X-R,3,SF_CameraVelocity,4800,0.023745707,0.024576,0.024576,0.023552,0.000489861
O-T2X-R,3,SF_Resolve,4800,0.033419307,0.037888,0.037888,0.03584,0.003734047
O-T2X-R,3,SF_Spatial,4800,0.15098752,0.155648,0.157696,0.150528,0.002787964
O-T2X-R,3,SMAA,4800,0.208170027,0.21504,0.217088,0.208896,0.004805588
O-T2X-R,3,WallFrame,4800,2.910540708,2.9721,3.0274,2.9066,0.035210774
O-T2X-R,3,WholeFrame,4800,2.497717833,2.527232,2.555904,2.497536,0.020699138
