frame,selected_count,selected_percent,selective_rgb_step,full_rgb_step,one_x_rgb_step,off_rgb_step,spatial_current_rgb_step,prior_raw_selective_rgb_step,both_selected_pixels,both_selected_changed_pixels,both_selected_contribution,both_nonselected_pixels,both_nonselected_changed_pixels,both_nonselected_contribution,selection_changed_pixels,selection_changed_changed_pixels,selection_changed_contribution,lag2_selective_equal
0,50815,2.4944529531888153,,,,,,,,,,,,,,,,
1,50490,2.478499057492931,1.2837080453450622,0.7441626741020002,0.0,0.0,1.4918176968792545,1.243046228662687,25123,20958,0.0637553670541418,1960938,1291831,1.002143876322128,51059,45596,0.21780880196879254,
2,50815,2.4944529531888153,1.1850520996963032,0.0,0.0,0.0,1.4918176968792545,1.1585327979369568,25123,0,0.0,1960938,1291831,1.002143876322128,51059,43290,0.1829082233741753,False
3,50490,2.478499057492931,1.1850520996963032,0.0,0.0,0.0,1.4918176968792545,1.1585327979369568,25123,0,0.0,1960938,1291831,1.002143876322128,51059,43290,0.1829082233741753,True
4,50815,2.4944529531888153,1.1850520996963032,0.0,0.0,0.0,1.4918176968792545,1.1585327979369568,25123,0,0.0,1960938,1291831,1.002143876322128,51059,43290,0.1829082233741753,True
5,50490,2.478499057492931,1.1850520996963032,0.0,0.0,0.0,1.4918176968792545,1.1585327979369568,25123,0,0.0,1960938,1291831,1.002143876322128,51059,43290,0.1829082233741753,True
6,50815,2.4944529531888153,1.1850520996963032,0.0,0.0,0.0,1.4918176968792545,1.1585327979369568,25123,0,0.0,1960938,1291831,1.002143876322128,51059,43290,0.1829082233741753,True
7,50490,2.478499057492931,1.1850520996963032,0.0,0.0,0.0,1.4918176968792545,1.1585327979369568,25123,0,0.0,1960938,1291831,1.002143876322128,51059,43290,0.1829082233741753,True
8,50815,2.4944529531888153,1.1850520996963032,0.0,0.0,0.0,1.4918176968792545,1.1585327979369568,25123,0,0.0,1960938,1291831,1.002143876322128,51059,43290,0.1829082233741753,True
9,50490,2.478499057492931,1.1850520996963032,0.0,0.0,0.0,1.4918176968792545,1.1585327979369568,25123,0,0.0,1960938,1291831,1.002143876322128,51059,43290,0.1829082233741753,True
10,50815,2.4944529531888153,1.1850520996963032,0.0,0.0,0.0,1.4918176968792545,1.1585327979369568,25123,0,0.0,1960938,1291831,1.002143876322128,51059,43290,0.1829082233741753,True
11,50490,2.478499057492931,1.1850520996963032,0.0,0.0,0.0,1.4918176968792545,1.1585327979369568,25123,0,0.0,1960938,1291831,1.002143876322128,51059,43290,0.1829082233741753,True
12,50815,2.4944529531888153,1.1850520996963032,0.0,0.0,0.0,1.4918176968792545,1.1585327979369568,25123,0,0.0,1960938,1291831,1.002143876322128,51059,43290,0.1829082233741753,True
13,50490,2.478499057492931,1.1850520996963032,0.0,0.0,0.0,1.4918176968792545,1.1585327979369568,25123,0,0.0,1960938,1291831,1.002143876322128,51059,43290,0.1829082233741753,True
14,50815,2.4944529531888153,1.1850520996963032,0.0,0.0,0.0,1.4918176968792545,1.1585327979369568,25123,0,0.0,1960938,1291831,1.002143876322128,51059,43290,0.1829082233741753,True
15,50490,2.478499057492931,1.1850520996963032,0.0,0.0,0.0,1.4918176968792545,1.1585327979369568,25123,0,0.0,1960938,1291831,1.002143876322128,51059,43290,0.1829082233741753,True
16,50815,2.4944529531888153,1.1850520996963032,0.0,0.0,0.0,1.4918176968792545,1.1585327979369568,25123,0,0.0,1960938,1291831,1.002143876322128,51059,43290,0.1829082233741753,True
17,50490,2.478499057492931,1.1850520996963032,0.0,0.0,0.0,1.4918176968792545,1.1585327979369568,25123,0,0.0,1960938,1291831,1.002143876322128,51059,43290,0.1829082233741753,True
18,50815,2.4944529531888153,1.1850520996963032,0.0,0.0,0.0,1.4918176968792545,1.1585327979369568,25123,0,0.0,1960938,1291831,1.002143876322128,51059,43290,0.1829082233741753,True
19,50490,2.478499057492931,1.1850520996963032,0.0,0.0,0.0,1.4918176968792545,1.1585327979369568,25123,0,0.0,1960938,1291831,1.002143876322128,51059,43290,0.1829082233741753,True
20,50815,2.4944529531888153,1.1850520996963032,0.0,0.0,0.0,1.4918176968792545,1.1585327979369568,25123,0,0.0,1960938,1291831,1.002143876322128,51059,43290,0.1829082233741753,True
21,50490,2.478499057492931,1.1850520996963032,0.0,0.0,0.0,1.4918176968792545,1.1585327979369568,25123,0,0.0,1960938,1291831,1.002143876322128,51059,43290,0.1829082233741753,True
22,50815,2.4944529531888153,1.1850520996963032,0.0,0.0,0.0,1.4918176968792545,1.1585327979369568,25123,0,0.0,1960938,1291831,1.002143876322128,51059,43290,0.1829082233741753,True
23,50490,2.478499057492931,1.1850520996963032,0.0,0.0,0.0,1.4918176968792545,1.1585327979369568,25123,0,0.0,1960938,1291831,1.002143876322128,51059,43290,0.1829082233741753,True
24,50815,2.4944529531888153,1.1850520996963032,0.0,0.0,0.0,1.4918176968792545,1.1585327979369568,25123,0,0.0,1960938,1291831,1.002143876322128,51059,43290,0.1829082233741753,True
25,50490,2.478499057492931,1.1850520996963032,0.0,0.0,0.0,1.4918176968792545,1.1585327979369568,25123,0,0.0,1960938,1291831,1.002143876322128,51059,43290,0.1829082233741753,True
26,50815,2.4944529531888153,1.1850520996963032,0.0,0.0,0.0,1.4918176968792545,1.1585327979369568,25123,0,0.0,1960938,1291831,1.002143876322128,51059,43290,0.1829082233741753,True
27,50490,2.478499057492931,1.1850520996963032,0.0,0.0,0.0,1.4918176968792545,1.1585327979369568,25123,0,0.0,1960938,1291831,1.002143876322128,51059,43290,0.1829082233741753,True
28,50815,2.4944529531888153,1.1850520996963032,0.0,0.0,0.0,1.4918176968792545,1.1585327979369568,25123,0,0.0,1960938,1291831,1.002143876322128,51059,43290,0.1829082233741753,True
29,50490,2.478499057492931,1.1850520996963032,0.0,0.0,0.0,1.4918176968792545,1.1585327979369568,25123,0,0.0,1960938,1291831,1.002143876322128,51059,43290,0.1829082233741753,True
30,50815,2.4944529531888153,1.1850520996963032,0.0,0.0,0.0,1.4918176968792545,1.1585327979369568,25123,0,0.0,1960938,1291831,1.002143876322128,51059,43290,0.1829082233741753,True
31,50490,2.478499057492931,1.1850520996963032,0.0,0.0,0.0,1.4918176968792545,1.1585327979369568,25123,0,0.0,1960938,1291831,1.002143876322128,51059,43290,0.1829082233741753,True
32,50815,2.4944529531888153,1.1850520996963032,0.0,0.0,0.0,1.4918176968792545,1.1585327979369568,25123,0,0.0,1960938,1291831,1.002143876322128,51059,43290,0.1829082233741753,True
33,50490,2.478499057492931,1.1850520996963032,0.0,0.0,0.0,1.4918176968792545,1.1585327979369568,25123,0,0.0,1960938,1291831,1.002143876322128,51059,43290,0.1829082233741753,True
34,50815,2.4944529531888153,1.1850520996963032,0.0,0.0,0.0,1.4918176968792545,1.1585327979369568,25123,0,0.0,1960938,1291831,1.002143876322128,51059,43290,0.1829082233741753,True
35,50490,2.478499057492931,1.1850520996963032,0.0,0.0,0.0,1.4918176968792545,1.1585327979369568,25123,0,0.0,1960938,1291831,1.002143876322128,51059,43290,0.1829082233741753,True
36,50815,2.4944529531888153,1.1850520996963032,0.0,0.0,0.0,1.4918176968792545,1.1585327979369568,25123,0,0.0,1960938,1291831,1.002143876322128,51059,43290,0.1829082233741753,True
37,50490,2.478499057492931,1.1850520996963032,0.0,0.0,0.0,1.4918176968792545,1.1585327979369568,25123,0,0.0,1960938,1291831,1.002143876322128,51059,43290,0.1829082233741753,True
38,50815,2.4944529531888153,1.1850520996963032,0.0,0.0,0.0,1.4918176968792545,1.1585327979369568,25123,0,0.0,1960938,1291831,1.002143876322128,51059,43290,0.1829082233741753,True
39,50490,2.478499057492931,1.1850520996963032,0.0,0.0,0.0,1.4918176968792545,1.1585327979369568,25123,0,0.0,1960938,1291831,1.002143876322128,51059,43290,0.1829082233741753,True
40,50815,2.4944529531888153,1.1850520996963032,0.0,0.0,0.0,1.4918176968792545,1.1585327979369568,25123,0,0.0,1960938,1291831,1.002143876322128,51059,43290,0.1829082233741753,True
41,50490,2.478499057492931,1.1850520996963032,0.0,0.0,0.0,1.4918176968792545,1.1585327979369568,25123,0,0.0,1960938,1291831,1.002143876322128,51059,43290,0.1829082233741753,True
42,50815,2.4944529531888153,1.1850520996963032,0.0,0.0,0.0,1.4918176968792545,1.1585327979369568,25123,0,0.0,1960938,1291831,1.002143876322128,51059,43290,0.1829082233741753,True
43,50490,2.478499057492931,1.1850520996963032,0.0,0.0,0.0,1.4918176968792545,1.1585327979369568,25123,0,0.0,1960938,1291831,1.002143876322128,51059,43290,0.1829082233741753,True
44,50815,2.4944529531888153,1.1850520996963032,0.0,0.0,0.0,1.4918176968792545,1.1585327979369568,25123,0,0.0,1960938,1291831,1.002143876322128,51059,43290,0.1829082233741753,True
45,50490,2.478499057492931,1.1850520996963032,0.0,0.0,0.0,1.4918176968792545,1.1585327979369568,25123,0,0.0,1960938,1291831,1.002143876322128,51059,43290,0.1829082233741753,True
46,50815,2.4944529531888153,1.1850520996963032,0.0,0.0,0.0,1.4918176968792545,1.1585327979369568,25123,0,0.0,1960938,1291831,1.002143876322128,51059,43290,0.1829082233741753,True
47,50490,2.478499057492931,1.1850520996963032,0.0,0.0,0.0,1.4918176968792545,1.1585327979369568,25123,0,0.0,1960938,1291831,1.002143876322128,51059,43290,0.1829082233741753,True
48,50815,2.4944529531888153,1.1850520996963032,0.0,0.0,0.0,1.4918176968792545,1.1585327979369568,25123,0,0.0,1960938,1291831,1.002143876322128,51059,43290,0.1829082233741753,True
49,50490,2.478499057492931,1.1850520996963032,0.0,0.0,0.0,1.4918176968792545,1.1585327979369568,25123,0,0.0,1960938,1291831,1.002143876322128,51059,43290,0.1829082233741753,True
50,50815,2.4944529531888153,1.1850520996963032,0.0,0.0,0.0,1.4918176968792545,1.1585327979369568,25123,0,0.0,1960938,1291831,1.002143876322128,51059,43290,0.1829082233741753,True
51,50490,2.478499057492931,1.1850520996963032,0.0,0.0,0.0,1.4918176968792545,1.1585327979369568,25123,0,0.0,1960938,1291831,1.002143876322128,51059,43290,0.1829082233741753,True
52,50815,2.4944529531888153,1.1850520996963032,0.0,0.0,0.0,1.4918176968792545,1.1585327979369568,25123,0,0.0,1960938,1291831,1.002143876322128,51059,43290,0.1829082233741753,True
53,50490,2.478499057492931,1.1850520996963032,0.0,0.0,0.0,1.4918176968792545,1.1585327979369568,25123,0,0.0,1960938,1291831,1.002143876322128,51059,43290,0.1829082233741753,True
54,50815,2.4944529531888153,1.1850520996963032,0.0,0.0,0.0,1.4918176968792545,1.1585327979369568,25123,0,0.0,1960938,1291831,1.002143876322128,51059,43290,0.1829082233741753,True
55,50490,2.478499057492931,1.1850520996963032,0.0,0.0,0.0,1.4918176968792545,1.1585327979369568,25123,0,0.0,1960938,1291831,1.002143876322128,51059,43290,0.1829082233741753,True
56,50815,2.4944529531888153,1.1850520996963032,0.0,0.0,0.0,1.4918176968792545,1.1585327979369568,25123,0,0.0,1960938,1291831,1.002143876322128,51059,43290,0.1829082233741753,True
57,50490,2.478499057492931,1.1850520996963032,0.0,0.0,0.0,1.4918176968792545,1.1585327979369568,25123,0,0.0,1960938,1291831,1.002143876322128,51059,43290,0.1829082233741753,True
58,50815,2.4944529531888153,1.1850520996963032,0.0,0.0,0.0,1.4918176968792545,1.1585327979369568,25123,0,0.0,1960938,1291831,1.002143876322128,51059,43290,0.1829082233741753,True
59,50490,2.478499057492931,1.1850520996963032,0.0,0.0,0.0,1.4918176968792545,1.1585327979369568,25123,0,0.0,1960938,1291831,1.002143876322128,51059,43290,0.1829082233741753,True
60,50815,2.4944529531888153,1.1850520996963032,0.0,0.0,0.0,1.4918176968792545,1.1585327979369568,25123,0,0.0,1960938,1291831,1.002143876322128,51059,43290,0.1829082233741753,True
61,50468,2.4774191014765945,1.6643753599853388,1.2598632710231439,1.2445180778091947,1.2493562807623835,1.8577822285056027,1.647650932034768,18494,16711,0.051602916535762905,1954331,1382965,1.256696054560687,64295,58234,0.35607638888888893,False
62,50241,2.466275918944392,1.5838626754110379,1.2136244632945858,1.2929748861137291,1.3032120510001046,1.6902630511048278,1.5865573293014976,29110,26973,0.08449755864488427,1965521,1272769,1.2843172387160957,42489,37473,0.2150478780500576,False
63,50194,2.463968740182218,1.6195362407058331,1.2170354880092156,1.2579780932558382,1.2630720494292595,1.8610178421824275,1.5993759163263168,18445,15689,0.04959648916116872,1955130,1384867,1.2576595062310187,63545,58094,0.31228024531364534,False
64,50397,2.4739337888784165,1.575658609540266,1.1637026782909206,1.2829550214682166,1.2891421876636298,1.6708837312807623,1.5798781285998533,30130,27759,0.11898824484239187,1966659,1267886,1.2750605429887947,40331,35777,0.1816098217090795,False
65,50259,2.467159519321395,1.625458981306943,1.2199040802701853,1.2681635511571892,1.2752215546130485,1.8637347497120118,1.6068289218766363,18422,15728,0.050223027280343495,1954886,1387578,1.2632554783223373,63812,58327,0.3119804757042622,False
66,50391,2.4736392554194153,1.5880959393653786,1.1734703895695884,1.2847326945229867,1.2932383299298356,1.679556596240444,1.5924141271337313,30279,27975,0.11790141637867839,1966749,1272304,1.292752022463085,40092,35329,0.17744250052361502,False
67,50573,2.482573437009111,1.6342714224002513,1.229684881924809,1.2806736961985548,1.2898559404126086,1.864830741438894,1.6177858938108702,19103,16087,0.051829380039794745,1955259,1388207,1.2691371478688869,62758,57359,0.31330489449156984,False
68,50281,2.468239475337732,1.5778676104827731,1.1739223347994554,1.2771803657451042,1.2825292569902607,1.6765058841239922,1.5812177649492094,30362,27673,0.11023978296156667,1966628,1271502,1.2894324667504449,40130,35409,0.1781953607707613,False
69,50508,2.479382657869934,1.6488917360456592,1.2436853662687193,1.3038480796418472,1.3120721083359514,1.8808502526442559,1.6300612302335322,18698,15792,0.05213553120745627,1955029,1389573,1.2784957848989422,63393,57922,0.3182604199392607,False
70,49883,2.448702089224003,1.5800499397842707,1.1814002120640905,1.28956664310399,1.297511192271442,1.6859541902293433,1.5831525225154466,30061,27400,0.10894514477955808,1966790,1269093,1.2893737236883442,40269,35771,0.1817310713163682,False
71,50330,2.470644831919573,1.6656891428421825,1.2501849015603728,1.2962234265368102,1.3045934129228192,1.8943677021154048,1.646455453450623,18385,15625,0.05294484370091109,1955292,1391213,1.286518876322128,63443,57626,0.32622542281914335,False
72,50471,2.477566368206095,1.5885308671065033,1.1931560241910149,1.3126986464551262,1.321680117027961,1.6895851332600271,1.591957273012881,30547,27645,0.1106202220127762,1966866,1273664,1.2988014124515657,39707,35052,0.17910923264216147,False
73,49914,2.450223845428841,1.6580950884909416,1.250411855953503,1.2913880052885118,1.3000724879568542,1.883994397319091,1.6396230953502984,18358,15773,0.05194032097601843,1955093,1391564,1.2881082115928368,63669,57881,0.3180465559220861,False
74,50322,2.4702521206409047,1.5812410003665305,1.1910635275945125,1.3121989213530212,1.3198813357419625,1.684027450518379,1.5860734762802389,30336,27577,0.1070985836213216,1967220,1271440,1.2988601555136663,39564,34951,0.17528226123154256,False
75,49817,2.445462221174992,1.6736750903235942,1.2563845036129437,1.3121607956330505,1.3197779217719132,1.9048714197821761,1.6549046366111635,18082,15593,0.05456821394910462,1955063,1391163,1.2939659912032673,63975,58174,0.32514088517122214,False
76,49939,2.451451068174678,1.5900267698188293,1.1996009071630538,1.3110998206618494,1.3179874856005864,1.6945452403393026,1.590682761283904,29999,27531,0.11027970860823123,1967363,1270512,1.3051265184836107,39758,35194,0.17462054272698713,False
77,50273,2.467846764059064,1.6865149492093412,1.2741967418054247,1.314657130327783,1.3246930306838411,1.918568371033616,1.665980240077495,18250,15567,0.05318096135721018,1955158,1393876,1.3064349015603727,63712,58150,0.32689908629175835,False
78,50003,2.4545927584040212,1.5925307951094356,1.2101705675987013,1.3406318724473767,1.348823993350089,1.694797720965546,1.5945594761231543,30309,27543,0.11286162163577337,1967153,1267651,1.3036882134254895,39658,35360,0.1759809600481726,False
79,49762,2.44276233113415,1.6802068606660383,1.2609905160226202,1.31474647214368,1.3215446316368207,1.9098914153314483,1.6639291417949524,17800,15308,0.05237312153105038,1955155,1394451,1.3039048591475546,64165,58566,0.3239288799874332,False
80,49927,2.4508620012566764,1.5881111569274269,1.2161734867525396,1.3343594551785527,1.3393159624044402,1.6836813737040528,1.5910488009215624,30565,27825,0.11083555869724578,1967996,1266489,1.3044173473662162,38559,34216,0.1728582508639648,False
81,49666,2.438049795790135,1.7033391912765734,1.2954839839250183,1.3345497565190072,1.342775912399204,1.9333421693371033,1.6810299180542465,17528,14994,0.05046683553251649,1955055,1395550,1.3106328214996332,64537,58599,0.3422395342444235,False
82,50148,2.4617106503298776,1.5987009438161064,1.2244492224316683,1.349939620640905,1.3581521952560478,1.7145674612524873,1.599793662949,29910,27194,0.10260874829825113,1967216,1269461,1.309423925280134,39994,35422,0.1866682702377212,False
83,49993,2.454101869305686,1.707555437742172,1.2857303448005026,1.348138548539114,1.357991183631794,1.9349184142318567,1.6907109055922087,18050,15405,0.05294042569902608,1955029,1396749,1.3178109291548854,64041,58386,0.3368040828882606,False
84,50070,2.457881715362865,1.5974378861660907,1.2356259490522568,1.349360862393968,1.3542522449994765,1.6928639451775056,1.5991468347470938,30784,27661,0.11095189941355117,1967841,1268598,1.311240542203372,38495,34251,0.17524544454916746,False
85,49918,2.450420201068175,1.708315170436695,1.2980652424337626,1.3562077835375432,1.3654206265053932,1.9333019164310399,1.6884569064823542,18035,15481,0.05286221070269138,1955167,1395060,1.3210558697245784,63918,58038,0.3343970900094251,False
86,49613,2.4354480835689603,1.6056013718714002,1.2416822114881139,1.357101692585611,1.3634029086815374,1.7049465258142213,1.604775041889203,30523,27684,0.1088288040632527,1968112,1273871,1.3243022829615667,38485,34279,0.17247028484658078,False
87,49818,2.4455113100848256,1.7258852366739972,1.3030394216671903,1.3768031992878835,1.3870172923866373,1.94895342444235,1.7063980848779976,17394,15296,0.051216750445072776,1955083,1400235,1.3348868336998638,64643,58784,0.3397816525290606,False
88,49926,2.4508129123468425,1.6134878324955493,1.2490201853597236,1.3739702783013927,1.3823862446329458,1.7166640485914755,1.615822173787831,29911,27303,0.10481300397947428,1967287,1269826,1.3271018234893708,39922,35427,0.18157300502670437,False
89,50360,2.4721174992145776,1.737072762854749,1.3175684299403079,1.3663160082207562,1.374613506649911,1.9668276782909204,1.7171798094041262,17820,15276,0.0539855285893811,1954654,1398736,1.3428717994030788,64646,58906,0.3402154348622893,False
90,50141,2.461367027961043,1.6183242355220442,1.2542787530107864,1.3861907987747408,1.3915161273431773,1.7216910802178238,1.62050411037805,30245,27450,0.10903366844695779,1966864,1271487,1.3271743114462247,40011,35540,0.18211625562886163,False
91,49983,2.4536109802073516,1.751613225206828,1.3334570373861137,1.3817521795475967,1.3924092182427479,1.9814751544664362,1.734048395119908,17961,15416,0.05368150460781234,1954957,1400794,1.3553007841135196,64202,58259,0.34263093648549586,False
92,50454,2.4767318567389256,1.6315517331657765,1.2747480102628548,1.3777205073829721,1.3872247748455335,1.7275189155932558,1.634047413341711,31020,28496,0.11420027620693267,1967703,1274193,1.3411962312807626,38397,34239,0.17615522567808148,False
93,50345,2.471381165567075,1.7557692559430307,1.3393157987747408,1.3985518771599121,1.4063370510001048,1.9890440098439628,1.7345546654099906,17854,15562,0.05424979055398472,1954175,1401441,1.3521360220965544,65091,59180,0.3493834432924914,False
94,50465,2.477271834747094,1.638330747984082,1.2760040318357944,1.3999798735469682,1.409052485862394,1.7395280264949209,1.63871167792439,30150,27496,0.11273579039690021,1966460,1268755,1.3398903026494922,40510,35880,0.18570465493768978,False
95,50043,2.456556314797361,1.766952200492198,1.3477239108807204,1.3922609697350508,1.4022672531155094,1.9982902332704995,1.7457978256885538,17621,15409,0.0553642724369044,1954233,1402219,1.363897070373861,65266,59368,0.3476908576814326,False
96,50412,2.474670122525919,1.6480855325164938,1.2893571970887003,1.4193595206304326,1.4285216383914545,1.7594465061786575,1.6506036299612525,30429,27644,0.10682712194994241,1967094,1272524,1.3519555385380668,39597,35336,0.18930287202848464,False
97,50472,2.4776154571159283,1.7695830387998743,1.3532524675358677,1.4103155435124097,1.4190394609383181,1.9971348439627186,1.750561904387894,18079,15582,0.05458899492093412,1954315,1403720,1.3634081448319195,64726,58812,0.35158589904702064,False
98,50324,2.4703502984605716,1.6443276128390407,1.2923792740077495,1.4286620326735784,1.4411959040213635,1.745255884123992,1.6469769413027542,30546,27505,0.10866828332809719,1966870,1269945,1.3526139844486333,39704,35438,0.1830453450623102,False
99,50423,2.4752101005340874,1.7794594001989736,1.36183959053304,1.4092998939679549,1.4202966279191538,2.009217588229134,1.759728440150801,17880,15556,0.054759497067755784,1954253,1403054,1.3755255785946174,64987,59183,0.3491743245366007,False
100,50382,2.473197455230914,1.6557897096554612,1.3086871007435334,1.4315478060529898,1.4389446866163995,1.7537881911718505,1.658463418944392,30534,27636,0.11174844879044926,1966849,1270610,1.3510758652738506,39737,35371,0.19296539559116135,False
101,50649,2.4863041941564563,1.7946561812755262,1.3775364239710965,1.4282829026599644,1.4373957678814535,2.022348707979893,1.7743171732642162,17456,15002,0.05402332704995288,1953545,1404241,1.3803006204838204,66119,60104,0.36033223374175305,False
102,50704,2.4890040841972985,1.6534931668237511,1.3118554626138863,1.4394637200230391,1.4486436734213006,1.7530243677348414,1.6560269727196566,30933,27635,0.10995408550633573,1966700,1269589,1.3585390158655357,39487,35264,0.18500006545187977,False
103,50659,2.4867950832547914,1.796614992407582,1.3812869803120746,1.4276845088490941,1.4375413983139596,2.022250039271128,1.7794585820504765,17852,15475,0.054928035658184104,1953609,1403508,1.3874334027123258,65659,59899,0.3542535540370719,False
104,51018,2.504418001885014,1.6555719185255,1.3164529662791915,1.4378084419834538,1.4446327822285057,1.7505637043145879,1.659613244842392,30993,28006,0.11232557074039166,1966436,1268833,1.3548076041993926,39691,35409,0.18843874358571577,False
105,51196,2.5131558278353756,1.806510662111216,1.3920107799245995,1.4429023981568752,1.4537701919049115,2.0377717889307783,1.7898934116137815,18014,15372,0.05396965650853493,1952920,1405634,1.3911171981359305,66186,60422,0.36142380746675046,False
106,51072,2.5070688030160224,1.6764626858833385,1.325079851293329,1.4683108178866897,1.4809075230390616,1.782915423080951,1.6814061027332705,29996,27022,0.10882062257828044,1964848,1274524,1.3657079602576185,42276,37615,0.20193410304743953,False
107,51187,2.512714027646874,1.8126752474081056,1.3925021599120326,1.4515456461409573,1.4612943763744894,2.0488829000418893,1.7940111530003142,17873,15562,0.055699058801968786,1952734,1405180,1.397292746622683,66513,60670,0.3596834419834538,False
108,51592,2.532595036129438,1.6798990732013823,1.333594322703948,1.4580152371976123,1.4693794834537648,1.7834061485495862,1.6838842745313645,31033,28075,0.1166879385275945,1965374,1269967,1.3705392907634306,40713,36479,0.1926718439103571,False
109,51417,2.5240044769085768,1.8306736961985548,1.4086803919258561,1.4907894478479422,1.5043607314902083,2.0735487681956224,1.8155354945544036,17405,15275,0.05592077704471672,1951516,1408647,1.4020095363388838,68199,62566,0.37274338281495445,False
110,51737,2.5397129280552937,1.6884701604880092,1.3453622434286312,1.4474462312807623,1.4540951604880092,1.7849622669913079,1.6961871007435334,30890,28088,0.12057594381610641,1964856,1274322,1.3735018064718818,41374,37231,0.19439241020002093,False
111,52018,2.5535069117185047,1.8452259398889936,1.4210877775159703,1.481366177086606,1.4915485260236674,2.085964989789507,1.825137121688135,17770,15576,0.05739213530212587,1951135,1405885,1.411248232799246,68215,62565,0.37658557178762175,False
112,51699,2.537847549481621,1.6948167020106817,1.3477695635668656,1.4985705309456487,1.513262350769714,1.8071601083883129,1.698306268981045,30723,27984,0.11196771258770552,1964126,1270305,1.3777764687401821,42271,38023,0.20507252068279402,False
113,52199,2.562392004398366,1.8476144426117918,1.4202737197612316,1.4649470821551995,1.4731914009320348,2.0909939849722483,1.8312486909624044,18459,15896,0.05728103073620275,1951681,1408752,1.4287337024819353,66980,61324,0.36159970939365377,False
114,51961,2.5507088438579957,1.6989198803539638,1.3581525225154467,1.4943141952036862,1.5041316499109854,1.7868734618808253,1.7051106464027648,31745,28715,0.12485338778929733,1964705,1273278,1.3790506532097604,40670,36543,0.19501583935490627,False
115,52293,2.5670063619227146,1.8570285501099593,1.4375597248402974,1.5148336867734842,1.5266524963346948,2.093771271860928,1.839975553722903,17801,15549,0.05831926117918107,1950667,1408011,1.4217727314378468,68652,62710,0.3769365574929312,False
116,51889,2.5471744423499842,1.6946344185255,1.3610232419625092,1.495535690910043,1.5069359357000733,1.796649191014766,1.7012085689601006,31503,28733,0.11573970441931092,1964441,1277009,1.3863439561734212,41176,37080,0.19255075793276782,False
117,52418,2.573142475651901,1.8579366949418787,1.4385683383076762,1.4985062244737668,1.5092089158550634,2.0927945661849408,1.8390842627500261,18330,15946,0.05859023196146193,1951143,1409344,1.4330615444025552,67647,61897,0.3662849185778615,False
118,52583,2.5812421457744263,1.7135095952455754,1.381028609016651,1.5106174403078856,1.5227800358676302,1.8086576473976332,1.7187920528327574,31317,28749,0.11686285867630117,1963436,1276204,1.3982419625091633,42367,37788,0.19840477406011103,False
119,52221,2.563471960414703,1.880222896376584,1.4542592810765524,1.5208032254686354,1.5351815307885643,2.1181334432924914,1.8609774256466645,18237,16014,0.058626394125039276,1950553,1409947,1.4463286404335534,68330,62629,0.37526786181799143,False
120,52780,2.5909126610116244,1.7101268784689496,1.3803122381924808,1.5042576447795581,1.5151401652005445,1.8121295423604566,1.7154188265786994,31971,28884,0.11816976908576814,1964090,1277423,1.4029486071839985,41059,36905,0.18900850219918316,False
121,52190,2.561950204209865,1.8940649871714315,1.4717184063776312,1.544709360927846,1.5585969407791391,2.127666509582155,1.8779998232799247,18216,15883,0.05954550214682165,1950366,1412027,1.455000850874437,68538,62898,0.3795186341501728,False
122,52324,2.5685281181275528,1.717672498429155,1.3955911613781549,1.5064627186092785,1.517407091056655,1.8119894753377317,1.7242769203581527,31831,29133,0.1198023025971306,1964437,1274526,1.4061302230600066,40852,36779,0.19173997277201804,False
123,52231,2.5639628495130378,1.883124705466541,1.4644722287674101,1.5484105010995917,1.5610744580584355,2.1182618926065557,1.8670382697141061,18590,16023,0.05896052597130589,1951155,1411586,1.4563831945753483,67375,61803,0.3677809849198869,False
124,52678,2.5859055922086083,1.717578738611373,1.393207894805739,1.522383233846476,1.5351897122735365,1.8109271913289349,1.7212374986909624,31808,29015,0.11815422426432086,1964019,1277389,1.4077758469473245,41293,37172,0.19164866739972772,False
125,52829,2.5933180175934654,1.89239972772018,1.482567219080532,1.5443451212168813,1.5563745222012777,2.1220171942088175,1.8762828568436485,18533,16198,0.0621517959995811,1950146,1412389,1.452981987642685,68441,62608,0.3772659440779139,False
126,52784,2.5911090166509583,1.7233578123363702,1.4016143706147242,1.5297159715677033,1.5407295593779453,1.8227409283694627,1.7295662503927112,31667,28915,0.11695170960309981,1963174,1273116,1.4077657019059588,42279,37923,0.19864040082731174,False
127,52751,2.5894890826264527,1.9036775774950256,1.4842519504660174,1.5629339459629281,1.573513260550843,2.1367916470311026,1.8876705021468216,18650,16305,0.06050862655775473,1950235,1412590,1.4726728584144937,68235,62618,0.3704960925227773,False
128,52601,2.5821257461514295,1.7292468452193948,1.4118188095612105,1.5322235967116975,1.541873821866164,1.8187351096973505,1.7333591868258456,31835,28902,0.11833012619122422,1963603,1280651,1.4150989305162842,41682,37443,0.19581778851188605,False
129,52413,2.572897031102733,1.920902712325898,1.4965338320766572,1.56218452193947,1.5749538564247565,2.1509636153000313,1.9033336278667923,17929,15604,0.060006937899256464,1950035,1411903,1.4715004516179704,69156,63637,0.38939532280867106,False
130,52800,2.591894439208294,1.7431102078751701,1.4230321892344748,1.5657729212482983,1.57676000104723,1.8538524976437323,1.7463139137606032,30983,28039,0.11265593910357104,1962890,1279232,1.4264302872028487,43247,38913,0.20402398156875065,False
131,53098,2.606522934338674,1.9373762959472196,1.5107489985862395,1.5627739161168708,1.5757396062414912,2.1760385577023773,1.9205824890040841,18114,15941,0.06158678264739763,1949336,1414381,1.4901494920934129,69670,63628,0.38564002120640906,False
132,52934,2.598472353125982,1.7474553945439313,1.4361078385171222,1.5830602353649597,1.5963900015708452,1.840668361870353,1.752824575871819,31578,28936,0.12213386218452194,1962666,1277243,1.4266289336579747,42876,38462,0.19869259870143471,False
133,52987,2.6010740653471567,1.9448533550633573,1.5184711749921458,1.5815245706356686,1.5943294127657346,2.17264733218138,1.93019164310399,17940,15761,0.06140384464341815,1949139,1414556,1.4934652843229657,70041,64049,0.38998422609697353,False
134,52892,2.596410618912975,1.7562571997067755,1.4415966331553043,1.5802757487695047,1.5916722300764479,1.8565145892240025,1.7615025133521836,31489,28578,0.11319313540684889,1962730,1281750,1.4358206683945962,42901,38501,0.20724339590533042,False
135,53162,2.6096646245680177,1.9577928644360667,1.541310444810975,1.588447252330087,1.6026365653471568,2.1850017017488743,1.9433379804167976,18573,15913,0.061355410252382454,1949639,1414106,1.5010334851816942,68908,63264,0.39540396900198976,False
136,53084,2.605835689601005,1.7640623363703005,1.4523480861870353,1.5854574104618284,1.5986534912032673,1.8696131466645722,1.7699732956330505,31394,28382,0.11255694313540687,1962268,1279182,1.4413986412189759,43458,39014,0.21010675201591789,False
137,53448,2.623704052780396,1.9703162634830873,1.5424365444025552,1.6155291129961253,1.6302510406848885,2.2016619868572627,1.9567893234893705,18248,15956,0.06332289375850875,1948836,1417838,1.5047197350507906,70036,64102,0.40227363467378785,False
138,52913,2.5974414860194783,1.7722300764477956,1.4658265917897162,1.5976247512828567,1.6102679272698712,1.8732967784584773,1.781654492617028,31854,28724,0.11519318122316474,1962613,1279269,1.4492448489370613,42653,38686,0.20779204628756937,False
139,53193,2.6111863807728555,1.9797524609906796,1.5539636022096555,1.6110720036129438,1.6265214289454393,2.2076473976332602,1.9657436315320975,18622,16369,0.06420420331971935,1949636,1417806,1.5188098884699968,68862,63236,0.3967383692009635,False
140,53497,2.626109409362237,1.7893830505812127,1.477272652895591,1.6330612171431564,1.6467612773588858,1.8921006126295947,1.7972330217823855,31403,28608,0.11462587705518903,1961833,1283403,1.4557427479317202,43884,39615,0.2190144255943031,False
141,53140,2.608584668551681,1.989501518483611,1.558759097811289,1.6109116465074877,1.626285965807938,2.220300064142842,1.975283897528537,18406,16250,0.0626462849513038,1948889,1418798,1.52637972562572,69825,63843,0.4004755079065871,False
142,53290,2.6159480050267043,1.802664218766363,1.4939906992878835,1.647586134673788,1.659904832966803,1.907610253691486,1.8092437689810452,30600,27958,0.11273006335741964,1961290,1283178,1.463341383914546,45230,40637,0.22659277149439735,False
143,53042,2.603773955387999,2.017955577809195,1.5810237001256675,1.6368544808356895,1.6518712692428525,2.2501086501204313,2.004328823698817,18099,16020,0.06451640878626035,1948887,1421441,1.5429213792020107,70134,64390,0.4105177898209237,False
144,53367,2.619727851083883,1.8080528720284847,1.5058666156142004,1.634636807519112,1.6473253089328725,1.911533275735679,1.816335152895591,31572,28821,0.11917232825426745,1962283,1281108,1.476319509896324,43265,39106,0.212561033877893,False
145,52751,2.5894890826264527,2.0231519661744684,1.600696080741439,1.6548733833385696,1.6699494056969315,2.253913695151325,2.007842280605299,18927,16435,0.06345903366844695,1949929,1422677,1.5594263797256256,68264,62771,0.40026655278039586,False
146,53317,2.6172734055922087,1.8157675214682165,1.5163999502565713,1.6486440006806995,1.6619942205990157,1.9122691184940832,1.8220631741543618,31141,28326,0.11866622159388417,1962193,1284026,1.4789879830348724,43786,39393,0.21811331683945967,False
147,53433,2.6229677191328937,2.0310040645617344,1.6063439234474814,1.6646535304743952,1.6789058409257513,2.259527993768981,2.0198849355953503,18262,15977,0.06315877316996545,1948632,1420970,1.560719054351241,70226,64234,0.4071262370405278,False
148,53427,2.6226731856738925,1.8156850520996963,1.5163462797151535,1.6674877604984815,1.6813812310189549,1.9183880511048277,1.8238112302335323,31699,28919,0.11502660618912974,1961959,1286726,1.4909159336056128,43462,39115,0.20974251230495342,False
149,53821,2.642014216148288,2.032253540946696,1.6108016873494606,1.6656950335113625,1.6809682296575557,2.258480927322233,2.020762154414075,18849,16394,0.06556920227248927,1948721,1421806,1.5697262147868887,69550,63940,0.39695812388731805,False
150,53668,2.634503612943764,1.833726699130799,1.5307106765106293,1.6708262972562573,1.687374986909624,1.93713739658603,1.842141520054456,31501,28863,0.11462669520368625,1961132,1286850,1.4940173709288929,44487,40230,0.22508263299821973,False
151,53582,2.6302819666980835,2.049007749502566,1.61758250209446,1.6756730089538172,1.689259182898733,2.273534205152372,2.0402633783642266,18621,16417,0.06675748114985862,1948491,1422018,1.5724275774950258,70008,64436,0.4098226908576814,False
152,53870,2.6444195727301287,1.83921876636297,1.5318762108597759,1.703868533354278,1.722307473295633,1.9504512907110692,1.8492271769295214,30828,28120,0.11180064666457219,1960496,1288538,1.4983344132893497,45796,41321,0.22908370640904807,False
153,53911,2.646432218033302,2.072371452508116,1.636956913027542,1.6691441839459629,1.6836121583411876,2.3068914284218245,2.0583816040946696,18471,16246,0.06494642763640172,1947810,1422812,1.5961532293957483,70839,65160,0.4112717954759661,False
154,53867,2.6442723060006283,1.8318169769085768,1.543220167033197,1.7073132657869934,1.7236567637972562,1.9348925607393443,1.8392950178029113,31687,28944,0.11780569300450308,1961029,1287409,1.5022590716305373,44404,40095,0.21175221227353647,False
155,54061,2.6537955545083256,2.0686645852968897,1.6355788236988167,1.675703116818515,1.6890436825845638,2.297877722798199,2.056946408000838,18847,16586,0.06502496989213531,1948039,1424310,1.5922244803120744,70234,64601,0.41141513509267985,False
156,54250,2.663073358466855,1.8551936066603834,1.5623488061577129,1.7055930267567285,1.7201195805843543,1.9615715650853494,1.867201899413551,30808,28498,0.11697510865012042,1959617,1287081,1.4992077049952874,46695,41993,0.2390107930149754,False
157,54376,2.669258561105875,2.0852440373337524,1.644444608074144,1.7112534689496282,1.7295659231333125,2.319082004660174,2.0714706710126713,18363,16163,0.06574183160540371,1946857,1427484,1.5963463124410933,71900,66085,0.42315589328725517,False
158,55047,2.702197219604147,1.8665791247774637,1.5701730874960729,1.7248206618494084,1.7393391978217614,1.9802161875589066,1.876277457063567,31054,28377,0.11470736464551261,1958751,1290747,1.5139759398889938,47315,42869,0.23789582024295736,False
159,55477,2.723305450832548,2.0982604526652007,1.657336664834014,1.7154996596502252,1.7326788145355534,2.3309739566970364,2.08741458529689,19077,16774,0.06900608047963139,1945673,1425963,1.6046195936747305,72370,66609,0.4246347785108388,False
160,54687,2.6845252120640906,1.860245837260446,1.5712026455649806,1.7105559155408943,1.7238220297936957,1.9687594905225678,1.8695293682584564,31415,28972,0.12024672086082312,1958371,1291587,1.5029369894753377,47334,42814,0.23706212692428527,False
161,55064,2.7030317310713166,2.096591756990261,1.662769170855587,1.7329528942821237,1.750911253796209,2.32970222667295,2.084157208870039,18902,16738,0.06940451879777987,1946271,1425023,1.6104243572625407,71947,66250,0.4167628809299403,False
162,55262,2.7127513352183477,1.8631528825007855,1.576982046549377,1.704808095088491,1.7220572834851817,1.9632194797884595,1.873992368310818,32162,29484,0.12393133443292491,1958956,1292345,1.5098902699235524,46002,41783,0.2293312781443083,False
163,54622,2.681334432924914,2.0989197167242644,1.6677783668446957,1.7351440595873913,1.7515428644360667,2.3305706094879044,2.090483133050581,19541,17053,0.06772960519426119,1946777,1425602,1.6170821224735572,70802,65058,0.4141079890564457,False
164,55121,2.7058297989318256,1.8693680293748036,1.5802194601528956,1.7302485862393968,1.7473159820400042,1.9697962482982512,1.8818870104199392,31735,29024,0.12006934626662477,1959112,1291709,1.5125186537857367,46273,42044,0.23678002932244216,False
165,55189,2.7091678448005028,2.105903268666876,1.6834879633993087,1.7477870719447062,1.7633168394596292,2.3325416928474185,2.097456867211226,19467,16986,0.06876799926693895,1946277,1426353,1.6200628010786469,71376,65794,0.41707246832129025,False
166,55119,2.7057316211121583,1.8758009673787832,1.5963824746046706,1.729720225939889,1.7464768889412503,1.9810488990993822,1.8871097431668238,31533,28926,0.121418636768248,1958345,1293527,1.51437503272594,47242,42790,0.24000729788459527,False
167,55285,2.7138803801445177,2.1145299900513144,1.6802808212901874,1.7573990077495025,1.7745653995182742,2.337698482825427,2.1077612839040736,19182,16950,0.07033311734213006,1945898,1427769,1.6172464066918002,72040,66242,0.42695046601738396,False
168,55138,2.7066643103989945,1.889169841082836,1.599180706094879,1.7411803591999162,1.757434515394282,1.9974264320871296,1.9016981490208398,31431,28745,0.11608479945544034,1958128,1290195,1.5206052335323068,47561,43078,0.25247980809508846,False
169,55676,2.7330741438894126,2.1331932663106086,1.6984321002199183,1.7579275316787097,1.775511506440465,2.3635905919468008,2.126333909309875,19486,17107,0.07101250785422557,1945792,1426334,1.6343254202010684,71842,66094,0.42785533825531474,False
170,55534,2.7261035186930567,1.8913587155723113,1.604069634254896,1.756441937637449,1.7751253403497749,1.99703715703215,1.9040838700387475,31415,28875,0.11841537726463504,1957325,1293289,1.52206071970887,48380,44113,0.2508826185988062,False
171,55581,2.728410697455231,2.1368327180856634,1.7040041823751177,1.7535154204628758,1.770083418420777,2.362778825007854,2.129727589276364,19215,16970,0.07180938449052257,1945220,1425971,1.6366613977903444,72685,67009,0.42836193580479637,False
172,55722,2.735332233741753,1.8835329615666563,1.6106439483191957,1.7604597012776206,1.7782598308723427,1.9850175738297204,1.896934561210598,31861,29551,0.12464214184731386,1957678,1290480,1.516997689548644,47581,43447,0.24189313017069847,False
173,55320,2.71559849198869,2.1384827599748664,1.7068752290815792,1.758119960205257,1.7761530984919887,2.3683283262645305,2.131108133050581,19412,17060,0.07094263797256257,1945490,1424104,1.6439730272803437,72218,67105,0.4235670947219604,False
174,55814,2.7398484134464343,1.900795403969002,1.6202316669284742,1.7538763875798513,1.7717224971201173,2.0028707194470625,1.913350547177715,31317,28927,0.12344109985338779,1957303,1291808,1.526248003717667,48500,44313,0.2511063003979474,False
175,55933,2.7456899937166197,2.1449264975390094,1.7179922308618703,1.7933445256047753,1.813362328516075,2.3781328542255733,2.1400302060425176,19808,17345,0.07418921483925017,1945181,1424848,1.647174769609383,72131,66677,0.423562513090376,False
176,55978,2.747898994659127,1.8971436799664887,1.6250512160959263,1.7671335021991832,1.7843457102837994,1.9980115718923448,1.9136292085558697,32587,30030,0.127604657555765,1957796,1288484,1.525078705885433,46737,42769,0.2444603165252906,False
177,55316,2.715402136349356,2.1525673499842917,1.727500589066918,1.7906726162425386,1.8108445583307153,2.3728628324955494,2.1484836435752435,19338,16928,0.07487007801864068,1945164,1424530,1.64651239658603,72618,67189,0.4311848753796209,False
178,55571,2.727919808356896,1.9133011310084826,1.640629745261284,1.7797565517331657,1.8009830872342654,2.017023870300555,1.9284406416902293,31095,28524,0.12008227301288092,1957328,1290594,1.5293937846894965,48697,44491,0.2638250733061054,False
179,55611,2.7298833647502354,2.1572551772436905,1.7267811092784584,1.7824206068698294,1.799765027751597,2.3772353453241175,2.151259785056027,19398,17069,0.07248746596502252,1945336,1423144,1.6459684914650752,72386,67042,0.4387992198135931,False
180,56011,2.749518928683632,1.9056823685726254,1.6312446002199184,1.7977361831081788,1.8140443371033617,2.0186161509058542,1.9231567114357524,30953,28434,0.11635642475651901,1956451,1287723,1.5255836671379202,49716,44996,0.26374227667818617,False
181,56119,2.754820530945649,1.4274235194784795,0.9333202429573777,0.0,0.0,1.6176440268614514,1.395523909571683,27257,24447,0.07346482615980732,1952247,1284671,1.0405983283589906,57616,51686,0.3133603649596816,False
182,56011,2.749518928683632,1.3834503285684365,0.6004499816734736,0.0,0.0,1.6176440268614514,1.3496486870352917,27257,22959,0.04405107864697874,1952247,1284671,1.0405983283589906,57616,49545,0.29880092156246724,False
183,56119,2.754820530945649,1.2555861543093518,0.0,0.0,0.0,1.6176440268614514,1.2234422452612839,27257,0,0.0,1952247,1284671,1.0405983283589906,57616,49057,0.21498782595036128,False
184,56011,2.749518928683632,1.2555861543093518,0.0,0.0,0.0,1.6176440268614514,1.2234422452612839,27257,0,0.0,1952247,1284671,1.0405983283589906,57616,49057,0.21498782595036128,True
185,56119,2.754820530945649,1.2555861543093518,0.0,0.0,0.0,1.6176440268614514,1.2234422452612839,27257,0,0.0,1952247,1284671,1.0405983283589906,57616,49057,0.21498782595036128,True
186,56011,2.749518928683632,1.2555861543093518,0.0,0.0,0.0,1.6176440268614514,1.2234422452612839,27257,0,0.0,1952247,1284671,1.0405983283589906,57616,49057,0.21498782595036128,True
187,56119,2.754820530945649,1.2555861543093518,0.0,0.0,0.0,1.6176440268614514,1.2234422452612839,27257,0,0.0,1952247,1284671,1.0405983283589906,57616,49057,0.21498782595036128,True
188,56011,2.749518928683632,1.2555861543093518,0.0,0.0,0.0,1.6176440268614514,1.2234422452612839,27257,0,0.0,1952247,1284671,1.0405983283589906,57616,49057,0.21498782595036128,True
189,56119,2.754820530945649,1.2555861543093518,0.0,0.0,0.0,1.6176440268614514,1.2234422452612839,27257,0,0.0,1952247,1284671,1.0405983283589906,57616,49057,0.21498782595036128,True
190,56011,2.749518928683632,1.2555861543093518,0.0,0.0,0.0,1.6176440268614514,1.2234422452612839,27257,0,0.0,1952247,1284671,1.0405983283589906,57616,49057,0.21498782595036128,True
191,56119,2.754820530945649,1.2555861543093518,0.0,0.0,0.0,1.6176440268614514,1.2234422452612839,27257,0,0.0,1952247,1284671,1.0405983283589906,57616,49057,0.21498782595036128,True
192,56011,2.749518928683632,1.2555861543093518,0.0,0.0,0.0,1.6176440268614514,1.2234422452612839,27257,0,0.0,1952247,1284671,1.0405983283589906,57616,49057,0.21498782595036128,True
193,56119,2.754820530945649,1.2555861543093518,0.0,0.0,0.0,1.6176440268614514,1.2234422452612839,27257,0,0.0,1952247,1284671,1.0405983283589906,57616,49057,0.21498782595036128,True
194,56011,2.749518928683632,1.2555861543093518,0.0,0.0,0.0,1.6176440268614514,1.2234422452612839,27257,0,0.0,1952247,1284671,1.0405983283589906,57616,49057,0.21498782595036128,True
195,56119,2.754820530945649,1.2555861543093518,0.0,0.0,0.0,1.6176440268614514,1.2234422452612839,27257,0,0.0,1952247,1284671,1.0405983283589906,57616,49057,0.21498782595036128,True
196,56011,2.749518928683632,1.2555861543093518,0.0,0.0,0.0,1.6176440268614514,1.2234422452612839,27257,0,0.0,1952247,1284671,1.0405983283589906,57616,49057,0.21498782595036128,True
197,56119,2.754820530945649,1.2555861543093518,0.0,0.0,0.0,1.6176440268614514,1.2234422452612839,27257,0,0.0,1952247,1284671,1.0405983283589906,57616,49057,0.21498782595036128,True
198,56011,2.749518928683632,1.2555861543093518,0.0,0.0,0.0,1.6176440268614514,1.2234422452612839,27257,0,0.0,1952247,1284671,1.0405983283589906,57616,49057,0.21498782595036128,True
199,56119,2.754820530945649,1.2555861543093518,0.0,0.0,0.0,1.6176440268614514,1.2234422452612839,27257,0,0.0,1952247,1284671,1.0405983283589906,57616,49057,0.21498782595036128,True
200,56011,2.749518928683632,1.2555861543093518,0.0,0.0,0.0,1.6176440268614514,1.2234422452612839,27257,0,0.0,1952247,1284671,1.0405983283589906,57616,49057,0.21498782595036128,True
201,56119,2.754820530945649,1.2555861543093518,0.0,0.0,0.0,1.6176440268614514,1.2234422452612839,27257,0,0.0,1952247,1284671,1.0405983283589906,57616,49057,0.21498782595036128,True
202,56011,2.749518928683632,1.2555861543093518,0.0,0.0,0.0,1.6176440268614514,1.2234422452612839,27257,0,0.0,1952247,1284671,1.0405983283589906,57616,49057,0.21498782595036128,True
203,56119,2.754820530945649,1.2555861543093518,0.0,0.0,0.0,1.6176440268614514,1.2234422452612839,27257,0,0.0,1952247,1284671,1.0405983283589906,57616,49057,0.21498782595036128,True
204,56011,2.749518928683632,1.2555861543093518,0.0,0.0,0.0,1.6176440268614514,1.2234422452612839,27257,0,0.0,1952247,1284671,1.0405983283589906,57616,49057,0.21498782595036128,True
205,56119,2.754820530945649,1.2555861543093518,0.0,0.0,0.0,1.6176440268614514,1.2234422452612839,27257,0,0.0,1952247,1284671,1.0405983283589906,57616,49057,0.21498782595036128,True
206,56011,2.749518928683632,1.2555861543093518,0.0,0.0,0.0,1.6176440268614514,1.2234422452612839,27257,0,0.0,1952247,1284671,1.0405983283589906,57616,49057,0.21498782595036128,True
207,56119,2.754820530945649,1.2555861543093518,0.0,0.0,0.0,1.6176440268614514,1.2234422452612839,27257,0,0.0,1952247,1284671,1.0405983283589906,57616,49057,0.21498782595036128,True
208,56011,2.749518928683632,1.2555861543093518,0.0,0.0,0.0,1.6176440268614514,1.2234422452612839,27257,0,0.0,1952247,1284671,1.0405983283589906,57616,49057,0.21498782595036128,True
209,56119,2.754820530945649,1.2555861543093518,0.0,0.0,0.0,1.6176440268614514,1.2234422452612839,27257,0,0.0,1952247,1284671,1.0405983283589906,57616,49057,0.21498782595036128,True
210,56011,2.749518928683632,1.2555861543093518,0.0,0.0,0.0,1.6176440268614514,1.2234422452612839,27257,0,0.0,1952247,1284671,1.0405983283589906,57616,49057,0.21498782595036128,True
211,56119,2.754820530945649,1.2555861543093518,0.0,0.0,0.0,1.6176440268614514,1.2234422452612839,27257,0,0.0,1952247,1284671,1.0405983283589906,57616,49057,0.21498782595036128,True
212,56011,2.749518928683632,1.2555861543093518,0.0,0.0,0.0,1.6176440268614514,1.2234422452612839,27257,0,0.0,1952247,1284671,1.0405983283589906,57616,49057,0.21498782595036128,True
213,56119,2.754820530945649,1.2555861543093518,0.0,0.0,0.0,1.6176440268614514,1.2234422452612839,27257,0,0.0,1952247,1284671,1.0405983283589906,57616,49057,0.21498782595036128,True
214,56011,2.749518928683632,1.2555861543093518,0.0,0.0,0.0,1.6176440268614514,1.2234422452612839,27257,0,0.0,1952247,1284671,1.0405983283589906,57616,49057,0.21498782595036128,True
215,56119,2.754820530945649,1.2555861543093518,0.0,0.0,0.0,1.6176440268614514,1.2234422452612839,27257,0,0.0,1952247,1284671,1.0405983283589906,57616,49057,0.21498782595036128,True
216,56011,2.749518928683632,1.2555861543093518,0.0,0.0,0.0,1.6176440268614514,1.2234422452612839,27257,0,0.0,1952247,1284671,1.0405983283589906,57616,49057,0.21498782595036128,True
217,56119,2.754820530945649,1.2555861543093518,0.0,0.0,0.0,1.6176440268614514,1.2234422452612839,27257,0,0.0,1952247,1284671,1.0405983283589906,57616,49057,0.21498782595036128,True
218,56011,2.749518928683632,1.2555861543093518,0.0,0.0,0.0,1.6176440268614514,1.2234422452612839,27257,0,0.0,1952247,1284671,1.0405983283589906,57616,49057,0.21498782595036128,True
219,56119,2.754820530945649,1.2555861543093518,0.0,0.0,0.0,1.6176440268614514,1.2234422452612839,27257,0,0.0,1952247,1284671,1.0405983283589906,57616,49057,0.21498782595036128,True
220,56011,2.749518928683632,1.2555861543093518,0.0,0.0,0.0,1.6176440268614514,1.2234422452612839,27257,0,0.0,1952247,1284671,1.0405983283589906,57616,49057,0.21498782595036128,True
221,56119,2.754820530945649,1.2555861543093518,0.0,0.0,0.0,1.6176440268614514,1.2234422452612839,27257,0,0.0,1952247,1284671,1.0405983283589906,57616,49057,0.21498782595036128,True
222,56011,2.749518928683632,1.2555861543093518,0.0,0.0,0.0,1.6176440268614514,1.2234422452612839,27257,0,0.0,1952247,1284671,1.0405983283589906,57616,49057,0.21498782595036128,True
223,56119,2.754820530945649,1.2555861543093518,0.0,0.0,0.0,1.6176440268614514,1.2234422452612839,27257,0,0.0,1952247,1284671,1.0405983283589906,57616,49057,0.21498782595036128,True
224,56011,2.749518928683632,1.2555861543093518,0.0,0.0,0.0,1.6176440268614514,1.2234422452612839,27257,0,0.0,1952247,1284671,1.0405983283589906,57616,49057,0.21498782595036128,True
225,56119,2.754820530945649,1.2555861543093518,0.0,0.0,0.0,1.6176440268614514,1.2234422452612839,27257,0,0.0,1952247,1284671,1.0405983283589906,57616,49057,0.21498782595036128,True
226,56011,2.749518928683632,1.2555861543093518,0.0,0.0,0.0,1.6176440268614514,1.2234422452612839,27257,0,0.0,1952247,1284671,1.0405983283589906,57616,49057,0.21498782595036128,True
227,56119,2.754820530945649,1.2555861543093518,0.0,0.0,0.0,1.6176440268614514,1.2234422452612839,27257,0,0.0,1952247,1284671,1.0405983283589906,57616,49057,0.21498782595036128,True
228,56011,2.749518928683632,1.2555861543093518,0.0,0.0,0.0,1.6176440268614514,1.2234422452612839,27257,0,0.0,1952247,1284671,1.0405983283589906,57616,49057,0.21498782595036128,True
229,56119,2.754820530945649,1.2555861543093518,0.0,0.0,0.0,1.6176440268614514,1.2234422452612839,27257,0,0.0,1952247,1284671,1.0405983283589906,57616,49057,0.21498782595036128,True
230,56011,2.749518928683632,1.2555861543093518,0.0,0.0,0.0,1.6176440268614514,1.2234422452612839,27257,0,0.0,1952247,1284671,1.0405983283589906,57616,49057,0.21498782595036128,True
231,56119,2.754820530945649,1.2555861543093518,0.0,0.0,0.0,1.6176440268614514,1.2234422452612839,27257,0,0.0,1952247,1284671,1.0405983283589906,57616,49057,0.21498782595036128,True
232,56011,2.749518928683632,1.2555861543093518,0.0,0.0,0.0,1.6176440268614514,1.2234422452612839,27257,0,0.0,1952247,1284671,1.0405983283589906,57616,49057,0.21498782595036128,True
233,56119,2.754820530945649,1.2555861543093518,0.0,0.0,0.0,1.6176440268614514,1.2234422452612839,27257,0,0.0,1952247,1284671,1.0405983283589906,57616,49057,0.21498782595036128,True
234,56011,2.749518928683632,1.2555861543093518,0.0,0.0,0.0,1.6176440268614514,1.2234422452612839,27257,0,0.0,1952247,1284671,1.0405983283589906,57616,49057,0.21498782595036128,True
235,56119,2.754820530945649,1.2555861543093518,0.0,0.0,0.0,1.6176440268614514,1.2234422452612839,27257,0,0.0,1952247,1284671,1.0405983283589906,57616,49057,0.21498782595036128,True
236,56011,2.749518928683632,1.2555861543093518,0.0,0.0,0.0,1.6176440268614514,1.2234422452612839,27257,0,0.0,1952247,1284671,1.0405983283589906,57616,49057,0.21498782595036128,True
237,56119,2.754820530945649,1.2555861543093518,0.0,0.0,0.0,1.6176440268614514,1.2234422452612839,27257,0,0.0,1952247,1284671,1.0405983283589906,57616,49057,0.21498782595036128,True
238,56011,2.749518928683632,1.2555861543093518,0.0,0.0,0.0,1.6176440268614514,1.2234422452612839,27257,0,0.0,1952247,1284671,1.0405983283589906,57616,49057,0.21498782595036128,True
239,56119,2.754820530945649,1.2555861543093518,0.0,0.0,0.0,1.6176440268614514,1.2234422452612839,27257,0,0.0,1952247,1284671,1.0405983283589906,57616,49057,0.21498782595036128,True
