frame,selected_count,selected_percent,ABL-FirstEdge-TemporalOnly-Full-PatternOff-R_step,ABL-FirstEdge-TemporalOnly-PatternOff-R_step,DIAG-TemporalOnly-EdgeDetect-R_step,ABL-FirstEdge-TemporalOnly-R_step,AA-Off_step,O-1X_step,O-T2X-R_step,mask_switch_pixels
0,50111,2.459894360666038,,,,,,,,
1,50111,2.459894360666038,0.0,0.0,0.7247187205466541,1.243046228662687,0.0,0.0,0.7441626741020002,0
2,50111,2.459894360666038,0.0,0.0,0.0,1.1585327979369568,0.0,0.0,0.0,0
3,50111,2.459894360666038,0.0,0.0,0.0,1.1585327979369568,0.0,0.0,0.0,0
4,50111,2.459894360666038,0.0,0.0,0.0,1.1585327979369568,0.0,0.0,0.0,0
5,50111,2.459894360666038,0.0,0.0,0.0,1.1585327979369568,0.0,0.0,0.0,0
6,50111,2.459894360666038,0.0,0.0,0.0,1.1585327979369568,0.0,0.0,0.0,0
7,50111,2.459894360666038,0.0,0.0,0.0,1.1585327979369568,0.0,0.0,0.0,0
8,50111,2.459894360666038,0.0,0.0,0.0,1.1585327979369568,0.0,0.0,0.0,0
9,50111,2.459894360666038,0.0,0.0,0.0,1.1585327979369568,0.0,0.0,0.0,0
10,50111,2.459894360666038,0.0,0.0,0.0,1.1585327979369568,0.0,0.0,0.0,0
11,50111,2.459894360666038,0.0,0.0,0.0,1.1585327979369568,0.0,0.0,0.0,0
12,50111,2.459894360666038,0.0,0.0,0.0,1.1585327979369568,0.0,0.0,0.0,0
13,50111,2.459894360666038,0.0,0.0,0.0,1.1585327979369568,0.0,0.0,0.0,0
14,50111,2.459894360666038,0.0,0.0,0.0,1.1585327979369568,0.0,0.0,0.0,0
15,50111,2.459894360666038,0.0,0.0,0.0,1.1585327979369568,0.0,0.0,0.0,0
16,50111,2.459894360666038,0.0,0.0,0.0,1.1585327979369568,0.0,0.0,0.0,0
17,50111,2.459894360666038,0.0,0.0,0.0,1.1585327979369568,0.0,0.0,0.0,0
18,50111,2.459894360666038,0.0,0.0,0.0,1.1585327979369568,0.0,0.0,0.0,0
19,50111,2.459894360666038,0.0,0.0,0.0,1.1585327979369568,0.0,0.0,0.0,0
20,50111,2.459894360666038,0.0,0.0,0.0,1.1585327979369568,0.0,0.0,0.0,0
21,50111,2.459894360666038,0.0,0.0,0.0,1.1585327979369568,0.0,0.0,0.0,0
22,50111,2.459894360666038,0.0,0.0,0.0,1.1585327979369568,0.0,0.0,0.0,0
23,50111,2.459894360666038,0.0,0.0,0.0,1.1585327979369568,0.0,0.0,0.0,0
24,50111,2.459894360666038,0.0,0.0,0.0,1.1585327979369568,0.0,0.0,0.0,0
25,50111,2.459894360666038,0.0,0.0,0.0,1.1585327979369568,0.0,0.0,0.0,0
26,50111,2.459894360666038,0.0,0.0,0.0,1.1585327979369568,0.0,0.0,0.0,0
27,50111,2.459894360666038,0.0,0.0,0.0,1.1585327979369568,0.0,0.0,0.0,0
28,50111,2.459894360666038,0.0,0.0,0.0,1.1585327979369568,0.0,0.0,0.0,0
29,50111,2.459894360666038,0.0,0.0,0.0,1.1585327979369568,0.0,0.0,0.0,0
30,50111,2.459894360666038,0.0,0.0,0.0,1.1585327979369568,0.0,0.0,0.0,0
31,50111,2.459894360666038,0.0,0.0,0.0,1.1585327979369568,0.0,0.0,0.0,0
32,50111,2.459894360666038,0.0,0.0,0.0,1.1585327979369568,0.0,0.0,0.0,0
33,50111,2.459894360666038,0.0,0.0,0.0,1.1585327979369568,0.0,0.0,0.0,0
34,50111,2.459894360666038,0.0,0.0,0.0,1.1585327979369568,0.0,0.0,0.0,0
35,50111,2.459894360666038,0.0,0.0,0.0,1.1585327979369568,0.0,0.0,0.0,0
36,50111,2.459894360666038,0.0,0.0,0.0,1.1585327979369568,0.0,0.0,0.0,0
37,50111,2.459894360666038,0.0,0.0,0.0,1.1585327979369568,0.0,0.0,0.0,0
38,50111,2.459894360666038,0.0,0.0,0.0,1.1585327979369568,0.0,0.0,0.0,0
39,50111,2.459894360666038,0.0,0.0,0.0,1.1585327979369568,0.0,0.0,0.0,0
40,50111,2.459894360666038,0.0,0.0,0.0,1.1585327979369568,0.0,0.0,0.0,0
41,50111,2.459894360666038,0.0,0.0,0.0,1.1585327979369568,0.0,0.0,0.0,0
42,50111,2.459894360666038,0.0,0.0,0.0,1.1585327979369568,0.0,0.0,0.0,0
43,50111,2.459894360666038,0.0,0.0,0.0,1.1585327979369568,0.0,0.0,0.0,0
44,50111,2.459894360666038,0.0,0.0,0.0,1.1585327979369568,0.0,0.0,0.0,0
45,50111,2.459894360666038,0.0,0.0,0.0,1.1585327979369568,0.0,0.0,0.0,0
46,50111,2.459894360666038,0.0,0.0,0.0,1.1585327979369568,0.0,0.0,0.0,0
47,50111,2.459894360666038,0.0,0.0,0.0,1.1585327979369568,0.0,0.0,0.0,0
48,50111,2.459894360666038,0.0,0.0,0.0,1.1585327979369568,0.0,0.0,0.0,0
49,50111,2.459894360666038,0.0,0.0,0.0,1.1585327979369568,0.0,0.0,0.0,0
50,50111,2.459894360666038,0.0,0.0,0.0,1.1585327979369568,0.0,0.0,0.0,0
51,50111,2.459894360666038,0.0,0.0,0.0,1.1585327979369568,0.0,0.0,0.0,0
52,50111,2.459894360666038,0.0,0.0,0.0,1.1585327979369568,0.0,0.0,0.0,0
53,50111,2.459894360666038,0.0,0.0,0.0,1.1585327979369568,0.0,0.0,0.0,0
54,50111,2.459894360666038,0.0,0.0,0.0,1.1585327979369568,0.0,0.0,0.0,0
55,50111,2.459894360666038,0.0,0.0,0.0,1.1585327979369568,0.0,0.0,0.0,0
56,50111,2.459894360666038,0.0,0.0,0.0,1.1585327979369568,0.0,0.0,0.0,0
57,50111,2.459894360666038,0.0,0.0,0.0,1.1585327979369568,0.0,0.0,0.0,0
58,50111,2.459894360666038,0.0,0.0,0.0,1.1585327979369568,0.0,0.0,0.0,0
59,50111,2.459894360666038,0.0,0.0,0.0,1.1585327979369568,0.0,0.0,0.0,0
60,50111,2.459894360666038,0.0,0.0,0.0,1.1585327979369568,0.0,0.0,0.0,0
61,50416,2.4748664781652527,1.180005268876322,1.2134107629071107,1.2640584092575138,1.647650932034768,1.2493562807623835,1.2445180778091947,1.2598632710231439,36319
62,50346,2.4714302544769087,1.1787798460571788,1.2525645682794009,1.2350448999895276,1.5865573293014976,1.3032120510001046,1.2929748861137291,1.2136244632945858,39058
63,50648,2.4862551052466224,1.2075218936537857,1.2582220651377107,1.2334964721436799,1.5993759163263168,1.2630720494292595,1.2579780932558382,1.2170354880092156,35906
64,50362,2.4722156770342445,1.199149452822285,1.2639937755262332,1.1850599539218767,1.5798781285998533,1.2891421876636298,1.2829550214682166,1.1637026782909206,36104
65,50689,2.4882677505497957,1.2068672112263064,1.263119338412399,1.2374240758194575,1.6068289218766363,1.2752215546130485,1.2681635511571892,1.2199040802701853,37371
66,50071,2.457930804272699,1.2114468792543722,1.2738156482354173,1.1929271062414912,1.5924141271337313,1.2932383299298356,1.2847326945229867,1.1734703895695884,37316
67,50218,2.4651468740182216,1.2205317637972564,1.27312202193947,1.2486755812126924,1.6177858938108702,1.2898559404126086,1.2806736961985548,1.229684881924809,36661
68,50082,2.4584707822808674,1.209091102471463,1.2680598099277411,1.1946586357210178,1.5812177649492094,1.2825292569902607,1.2771803657451042,1.1739223347994554,36406
69,49794,2.4443331762488216,1.2269458843857997,1.2926967156246727,1.2599359226096973,1.6300612302335322,1.3120721083359514,1.3038480796418472,1.2436853662687193,38084
70,49892,2.449143889412504,1.2282653942821238,1.2769565203162634,1.2011247905539848,1.5831525225154466,1.297511192271442,1.28956664310399,1.1814002120640905,36130
71,50137,2.461170672321709,1.2241322717038434,1.2862146887108599,1.2673990732013825,1.646455453450623,1.3045934129228192,1.2962234265368102,1.2501849015603728,37309
72,49857,2.447425777568332,1.2435274636087548,1.3042807165671797,1.212311007697141,1.591957273012881,1.321680117027961,1.3126986464551262,1.1931560241910149,38420
73,50077,2.4582253377316996,1.2281983061053514,1.2811611490732013,1.2676760982825426,1.6396230953502984,1.3000724879568542,1.2913880052885118,1.250411855953503,37498
74,50430,2.4755537229029216,1.2432507657869933,1.304369403864279,1.2138712168813488,1.5860734762802389,1.3198813357419625,1.3121989213530212,1.1910635275945125,37261
75,49984,2.453660069117185,1.2326665423080951,1.292422144989004,1.2740723832338465,1.6549046366111635,1.3197779217719132,1.3121607956330505,1.2563845036129437,38002
76,50268,2.4676013195098965,1.2471274806262436,1.308609049376898,1.2180639006702272,1.590682761283904,1.3179874856005864,1.3110998206618494,1.1996009071630538,37456
77,49901,2.4495856896010055,1.2407027241072364,1.2958235155513667,1.290512422766782,1.665980240077495,1.3246930306838411,1.314657130327783,1.2741967418054247,37865
78,49498,2.4298028589381087,1.2657192507068804,1.3318367761022096,1.2312575269661745,1.5945594761231543,1.348823993350089,1.3406318724473767,1.2101705675987013,38197
79,49474,2.4286247251021047,1.2546276115300032,1.3081374685830978,1.278333464237093,1.6639291417949524,1.3215446316368207,1.31474647214368,1.2609905160226202,37992
80,49714,2.4404060634621425,1.261660906901246,1.3214253455859253,1.2388478178343283,1.5910488009215624,1.3393159624044402,1.3343594551785527,1.2161734867525396,36896
81,49883,2.448702089224003,1.2651251112681956,1.3253025513142738,1.3108121596502251,1.6810299180542465,1.342775912399204,1.3345497565190072,1.2954839839250183,38027
82,49739,2.44163328620798,1.274898549586344,1.334333438056341,1.2433978688867944,1.599793662949,1.3581521952560478,1.349939620640905,1.2244492224316683,39288
83,50193,2.4639196512723847,1.2809850835165986,1.3397304364331344,1.3029428801445178,1.6907109055922087,1.357991183631794,1.348138548539114,1.2857303448005026,38206
84,50120,2.4603361608545398,1.274445458948581,1.3371000890145566,1.2580859252277725,1.5991468347470938,1.3542522449994765,1.349360862393968,1.2356259490522568,37241
85,50010,2.454936380772856,1.2876106136768248,1.3507649688449053,1.3149222104408838,1.6884569064823542,1.3654206265053932,1.3562077835375432,1.2980652424337626,38946
86,50152,2.4619070059692114,1.2848154911509058,1.3386593164205676,1.2614535880720494,1.604775041889203,1.3634029086815374,1.357101692585611,1.2416822114881139,38660
87,50332,2.4707430097392398,1.2990738559011414,1.3675191774007749,1.3191654558068908,1.7063980848779976,1.3870172923866373,1.3768031992878835,1.3030394216671903,39440
88,50173,2.4629378730757145,1.3098904335532517,1.3670097981464027,1.2713985103152163,1.615822173787831,1.3823862446329458,1.3739702783013927,1.2490201853597236,38891
89,50112,2.459943449575872,1.2935729526652004,1.3557635289035501,1.3340662307571474,1.7171798094041262,1.374613506649911,1.3663160082207562,1.3175684299403079,38225
90,49971,2.4530219132893496,1.3142953450623103,1.3703898968478374,1.275600520996963,1.62050411037805,1.3915161273431773,1.3861907987747408,1.2542787530107864,39483
91,50232,2.4658341187558905,1.3116638522358361,1.370707829353859,1.3526205296366112,1.734048395119908,1.3924092182427479,1.3817521795475967,1.3334570373861137,39099
92,50168,2.4626924285265472,1.3158799350717352,1.376834288930778,1.2958303879987434,1.634047413341711,1.3872247748455335,1.3777205073829721,1.2747480102628548,37076
93,50031,2.455967247879359,1.317771494397319,1.3811089511990784,1.3554482144727196,1.7345546654099906,1.4063370510001048,1.3985518771599121,1.3393157987747408,40499
94,50385,2.4733447219604145,1.3316121125248717,1.39144462116452,1.2973410173840192,1.63871167792439,1.409052485862394,1.3999798735469682,1.2760040318357944,39676
95,50127,2.4606797832233744,1.3267938723950152,1.3868184823018117,1.3648772122735364,1.7457978256885538,1.4022672531155094,1.3922609697350508,1.3477239108807204,38808
96,49991,2.4540036914860197,1.3376037412294481,1.4033450819457536,1.3125021271860928,1.6506036299612525,1.4285216383914545,1.4193595206304326,1.2893571970887003,39712
97,50393,2.4737374332390827,1.3464732890878626,1.4040328175725207,1.370636159545502,1.750561904387894,1.4190394609383181,1.4103155435124097,1.3532524675358677,39562
98,50537,2.4808062362551055,1.3543561498586238,1.4177914572206514,1.314400395329354,1.6469769413027542,1.4411959040213635,1.4286620326735784,1.2923792740077495,40988
99,50511,2.4795299245994347,1.3486300921562466,1.4042180463922924,1.377622656822704,1.759728440150801,1.4202966279191538,1.4092998939679549,1.36183959053304,38138
100,50610,2.48438972667295,1.3539711291758298,1.4178868533354279,1.332000896690753,1.658463418944392,1.4389446866163995,1.4315478060529898,1.3086871007435334,41887
101,50507,2.4793335689601004,1.358855802963661,1.4157894478479423,1.3937122015394283,1.7743171732642162,1.4373957678814535,1.4282829026599644,1.3775364239710965,39857
102,50779,2.49268575243481,1.3622707547910775,1.4297848596711697,1.3337474801026286,1.6560269727196566,1.4486436734213006,1.4394637200230391,1.3118554626138863,40904
103,50696,2.4886113729186303,1.3680473740705834,1.4262787661011624,1.4001898104513562,1.7794585820504765,1.4375413983139596,1.4276845088490941,1.3812869803120746,39403
104,51097,2.50829602576186,1.3589302544769086,1.4168653131217928,1.3392917452089224,1.659613244842392,1.4446327822285057,1.4378084419834538,1.3164529662791915,40869
105,51288,2.5176720075400563,1.374216377369358,1.441348734160645,1.4099922112263064,1.7898934116137815,1.4537701919049115,1.4429023981568752,1.3920107799245995,39915
106,51468,2.5265080113100846,1.3925145957691905,1.4540837064090482,1.3477034571682898,1.6814061027332705,1.4809075230390616,1.4683108178866897,1.325079851293329,43294
107,51179,2.512321316368206,1.3831075243480992,1.4431252618075192,1.4114925319405174,1.7940111530003142,1.4612943763744894,1.4515456461409573,1.3925021599120326,40143
108,51311,2.5188010524662268,1.3856410029846058,1.443784525866583,1.3550167229552832,1.6838842745313645,1.4693794834537648,1.4580152371976123,1.333594322703948,40812
109,51634,2.534656770342444,1.4149654086815373,1.4806861320557125,1.4288600246099068,1.8155354945544036,1.5043607314902083,1.4907894478479422,1.4086803919258561,44127
110,51994,2.552328777882501,1.3875075269661745,1.4444576984500994,1.3719325976542047,1.6961871007435334,1.4540951604880092,1.4474462312807623,1.3453622434286312,39154
111,52107,2.5578758246936855,1.3999856005864488,1.46631486281286,1.439244456225783,1.825137121688135,1.4915485260236674,1.481366177086606,1.4210877775159703,41941
112,51991,2.5521815111530004,1.4275712770970783,1.4840159964394177,1.3702159584773275,1.698306268981045,1.513262350769714,1.4985705309456487,1.3477695635668656,44560
113,52234,2.5641101162425386,1.4018377251544665,1.4626723020735155,1.4410874175306314,1.8312486909624044,1.4731914009320348,1.4649470821551995,1.4202737197612316,39577
114,52231,2.5639628495130378,1.413772057283485,1.4784275513142737,1.382944876426851,1.7051106464027648,1.5041316499109854,1.4943141952036862,1.3581525225154467,42711
115,52106,2.5578267357838516,1.4397467994030788,1.5019411391245157,1.4580882160435649,1.839975553722903,1.5266524963346948,1.5148336867734842,1.4375597248402974,44971
116,52207,2.5627847156770343,1.4293759490522568,1.488097902921772,1.3846711697559955,1.7012085689601006,1.5069359357000733,1.495535690910043,1.3610232419625092,41143
117,51931,2.549236176562991,1.4318323581003247,1.4927782032149963,1.4571277097078228,1.8390842627500261,1.5092089158550634,1.4985062244737668,1.4385683383076762,42152
118,52206,2.562735626767201,1.4414122224840298,1.5012214957063568,1.405930758456383,1.7187920528327574,1.5227800358676302,1.5106174403078856,1.381028609016651,43997
119,52327,2.568675384857053,1.4505061066603833,1.5107350900617866,1.4732406534715676,1.8609774256466645,1.5351815307885643,1.5208032254686354,1.4542592810765524,43253
120,52065,2.5558140904806783,1.4365192035815268,1.499079582940622,1.4033557178762175,1.7154188265786994,1.5151401652005445,1.5042576447795581,1.3803122381924808,42106
121,52418,2.573142475651901,1.4685853885223583,1.5304356149858624,1.4932051131008484,1.8779998232799247,1.5585969407791391,1.544709360927846,1.4717184063776312,45667
122,52837,2.593710728872133,1.4560857157817573,1.5066054037071945,1.4214729618284636,1.7242769203581527,1.517407091056655,1.5064627186092785,1.3955911613781549,41525
123,52891,2.5963615300031417,1.454608466855168,1.5287611922714421,1.4839426903340664,1.8670382697141061,1.5610744580584355,1.5484105010995917,1.4644722287674101,44478
124,52388,2.571669808356896,1.4714246910671274,1.5223737433239082,1.416910638548539,1.7212374986909624,1.5351897122735365,1.522383233846476,1.393207894805739,43735
125,52464,2.5754005655042413,1.4611772175096869,1.5255733584668552,1.5032747211749922,1.8762828568436485,1.5563745222012777,1.5443451212168813,1.482567219080532,43982
126,52959,2.599699575871819,1.4741235993297728,1.5285744907843752,1.4276828725520998,1.7295662503927112,1.5407295593779453,1.5297159715677033,1.4016143706147242,43455
127,52785,2.5911581055607917,1.4791887566760917,1.5438669952351032,1.5049519255943031,1.8876705021468216,1.573513260550843,1.5629339459629281,1.4842519504660174,44862
128,52637,2.583892946905435,1.4728567781966697,1.5289603296156666,1.4353330518902503,1.7333591868258456,1.541873821866164,1.5322235967116975,1.4118188095612105,42834
129,52701,2.5870346371347783,1.4876925921562467,1.5525956579222955,1.5173517842182427,1.9033336278667923,1.5749538564247565,1.56218452193947,1.4965338320766572,44890
130,52642,2.5841383914546023,1.4952238127029007,1.5530530029322442,1.447510374122945,1.7463139137606032,1.57676000104723,1.5657729212482983,1.4230321892344748,43611
131,52848,2.5942507068803016,1.4957412098125458,1.5524151743638077,1.5306602785632004,1.9205824890040841,1.5757396062414912,1.5627739161168708,1.5107489985862395,44698
132,53082,2.6057375117813386,1.5118955518902504,1.5755195242957378,1.4631975534087338,1.752824575871819,1.5963900015708452,1.5830602353649597,1.4361078385171222,45348
133,52938,2.5986687087653157,1.5190950950361295,1.5724946656717982,1.5402520879149648,1.93019164310399,1.5943294127657346,1.5815245706356686,1.5184711749921458,45652
134,52969,2.600190464970154,1.509194843700911,1.5742464852340559,1.4667702442664152,1.7615025133521836,1.5916722300764479,1.5802757487695047,1.4415966331553043,43637
135,53165,2.609811891297518,1.5251271402764688,1.5825302387684574,1.5625148903026496,1.9433379804167976,1.6026365653471568,1.588447252330087,1.541310444810975,44808
136,53168,2.6099591580270185,1.5174718884176353,1.575798676562991,1.4776238022306,1.7699732956330505,1.5986534912032673,1.5854574104618284,1.4523480861870353,44713
137,52828,2.593268928683632,1.5433836331029427,1.607051294638182,1.5643051628442768,1.9567893234893705,1.6302510406848885,1.6155291129961253,1.5424365444025552,46972
138,52944,2.5989632422243165,1.5374818371033616,1.5908753534401507,1.4934263404544978,1.781654492617028,1.6102679272698712,1.5976247512828567,1.4658265917897162,44384
139,53295,2.6161934495758716,1.5418476411142528,1.6060706618494083,1.57604363022306,1.9657436315320975,1.6265214289454393,1.6110720036129438,1.5539636022096555,45201
140,53282,2.615555293748036,1.5637062781443083,1.619457862079799,1.5044651272384544,1.7972330217823855,1.6467612773588858,1.6330612171431564,1.477272652895591,46085
141,53232,2.613100848256362,1.5499775827311761,1.6098735796942087,1.5789467483506126,1.975283897528537,1.626285965807938,1.6109116465074877,1.558759097811289,44538
142,53656,2.633914546025762,1.5706873756414284,1.629757697141062,1.5208159885851922,1.8092437689810452,1.659904832966803,1.647586134673788,1.4939906992878835,47320
143,53385,2.620611451460886,1.5793379869619855,1.6377336632108075,1.605445760027228,2.004328823698817,1.6518712692428525,1.6368544808356895,1.5810237001256675,45517
144,53163,2.609713713477851,1.5650745496910672,1.6275923853283065,1.533685464446539,1.816335152895591,1.6473253089328725,1.634636807519112,1.5058666156142004,44686
145,53329,2.6178624725102106,1.5878056602785633,1.6401162752644256,1.6218332744266415,2.007842280605299,1.6699494056969315,1.6548733833385696,1.600696080741439,46750
146,53675,2.634847235312598,1.589553061838936,1.6503935294271652,1.5436325138757985,1.8220631741543618,1.6619942205990157,1.6486440006806995,1.5163999502565713,45374
147,53309,2.6168806943135405,1.5967347693475757,1.6529198083568961,1.6310258273117604,2.0198849355953503,1.6789058409257513,1.6646535304743952,1.6063439234474814,47128
148,53525,2.627483898837575,1.5960290344538695,1.6598441263483088,1.5448538459524557,1.8238112302335323,1.6813812310189549,1.6674877604984815,1.5163462797151535,46376
149,53231,2.6130517593465283,1.6007757684050685,1.660368232275631,1.6354745915802702,2.020762154414075,1.6809682296575557,1.6656950335113625,1.6108016873494606,46536
150,53653,2.6337672792962614,1.6071853073620275,1.661898333595141,1.5593962718609278,1.842141520054456,1.687374986909624,1.6708262972562573,1.5307106765106293,47140
151,53391,2.6209059849198866,1.6096981686564038,1.6702468844905225,1.6423175856110588,2.0402633783642266,1.689259182898733,1.6756730089538172,1.61758250209446,45822
152,53929,2.6473158184103047,1.6321566721646246,1.6931463700387475,1.5618809888469998,1.8492271769295214,1.722307473295633,1.703868533354278,1.5318762108597759,48940
153,53509,2.6266984762802386,1.6190170436694942,1.6703247722274583,1.6586543748036444,2.0583816040946696,1.6836121583411876,1.6691441839459629,1.636956913027542,46238
154,54323,2.6666568488847,1.6269884281076552,1.6924700884909414,1.573818429940308,1.8392950178029113,1.7236567637972562,1.7073132657869934,1.543220167033197,48250
155,54375,2.6692094721960413,1.6196900526233113,1.6704586213216044,1.6577861556183893,2.056946408000838,1.6890436825845638,1.675703116818515,1.6355788236988167,47018
156,54358,2.668374960728872,1.6333557506021572,1.696159447324327,1.5931810595350298,1.867201899413551,1.7201195805843543,1.7055930267567285,1.5623488061577129,48057
157,53740,2.638038014451775,1.647651586553566,1.7103420515237198,1.6656870156560897,2.0714706710126713,1.7295659231333125,1.7112534689496282,1.644444608074144,48302
158,54546,2.677603675777568,1.6532539402031627,1.7135511571892346,1.6002459354382659,1.876277457063567,1.7393391978217614,1.7248206618494084,1.5701730874960729,48406
159,55033,2.701509974866478,1.6552201146716934,1.7037716645722065,1.6838972012776208,2.08741458529689,1.7326788145355534,1.7154996596502252,1.657336664834014,48349
160,54540,2.6773091423185673,1.6521808566342024,1.7059202861556184,1.6013021651481831,1.8695293682584564,1.7238220297936957,1.7105559155408943,1.5712026455649806,48175
161,54190,2.6601280238768457,1.656616203267358,1.7260190857681432,1.687127906063462,2.084157208870039,1.750911253796209,1.7329528942821237,1.662769170855587,49068
162,54343,2.6676386270813697,1.6585727235836214,1.7025524596816421,1.6077357576709603,1.873992368310818,1.7220572834851817,1.704808095088491,1.576982046549377,47641
163,55054,2.7025408419729815,1.6627982969420882,1.7254926890250288,1.694408282280867,2.090483133050581,1.7515428644360667,1.7351440595873913,1.6677783668446957,48737
164,55485,2.7236981621112157,1.663933068907739,1.723251453031731,1.6128748756414284,1.8818870104199392,1.7473159820400042,1.7302485862393968,1.5802194601528956,48283
165,55615,2.7300797203895697,1.685356123677872,1.740811865116766,1.7094494515132475,2.097456867211226,1.7633168394596292,1.7477870719447062,1.6834879633993087,50466
166,55663,2.732435988061577,1.6707875170174888,1.7226604225573359,1.6267366020002094,1.8871097431668238,1.7464768889412503,1.729720225939889,1.5963824746046706,49032
167,55307,2.7149603361608547,1.6905788564247566,1.7535844721960414,1.7076678513456907,2.1077612839040736,1.7745653995182742,1.7573990077495025,1.6802808212901874,50938
168,55762,2.737295790135093,1.685192493978427,1.7342321512723846,1.6295726319509896,1.9016981490208398,1.757434515394282,1.7411803591999162,1.599180706094879,48505
169,54990,2.699399151743638,1.6932075675463398,1.7507657869934024,1.7254547269347575,2.126333909309875,1.775511506440465,1.7579275316787097,1.6984321002199183,50380
170,55506,2.7247290292177193,1.6946907071421091,1.749978237249974,1.6354034126610115,1.9040838700387475,1.7751253403497749,1.756441937637449,1.604069634254896,50040
171,55520,2.7254162739553878,1.6891200976542047,1.7462298080950884,1.7296645918420777,2.129727589276364,1.770083418420777,1.7535154204628758,1.7040041823751177,49868
172,55888,2.7434809927741126,1.700508233846476,1.7580029649701538,1.64172164624568,1.896934561210598,1.7782598308723427,1.7604597012776206,1.6106439483191957,50736
173,55584,2.728557964184731,1.7000245444549167,1.7504506361922714,1.732821990522568,2.131108133050581,1.7761530984919887,1.758119960205257,1.7068752290815792,49496
174,55896,2.7438737040527803,1.692923670017803,1.750942179809404,1.6514589224002514,1.913350547177715,1.7717224971201173,1.7538763875798513,1.6202316669284742,50002
175,55435,2.7212437166195413,1.7147528537019583,1.7801988428107656,1.7446154374803644,2.1400302060425176,1.813362328516075,1.7933445256047753,1.7179922308618703,52035
176,55947,2.7463772384542886,1.7262115142946906,1.7697276874541836,1.6572371779767514,1.9136292085558697,1.7843457102837994,1.7671335021991832,1.6250512160959263,50186
177,55775,2.7379339459629284,1.7188640499005132,1.7844226162425385,1.7563327966279192,2.1484836435752435,1.8108445583307153,1.7906726162425386,1.727500589066918,50988
178,56281,2.7627729343386744,1.7327840284322966,1.780863179390512,1.6716748808775788,1.9284406416902293,1.8009830872342654,1.7797565517331657,1.640629745261284,51888
179,55776,2.737983034872762,1.7159912032673579,1.7720153942821237,1.7537161941040946,2.151259785056027,1.799765027751597,1.7824206068698294,1.7267811092784584,51921
180,56074,2.7526115300031417,1.7330924704157504,1.7913433343805634,1.6642600010472302,1.9231567114357524,1.8140443371033617,1.7977361831081788,1.6312446002199184,50752
181,56074,2.7526115300031417,0.35884876688658496,0.07778612289244947,0.927488807728558,1.395523909571683,0.0,0.0,0.9333202429573777,0
182,56074,2.7526115300031417,0.0,0.0,0.5834208752225364,1.3496486870352917,0.0,0.0,0.6004499816734736,0
183,56074,2.7526115300031417,0.0,0.0,0.0,1.2234422452612839,0.0,0.0,0.0,0
184,56074,2.7526115300031417,0.0,0.0,0.0,1.2234422452612839,0.0,0.0,0.0,0
185,56074,2.7526115300031417,0.0,0.0,0.0,1.2234422452612839,0.0,0.0,0.0,0
186,56074,2.7526115300031417,0.0,0.0,0.0,1.2234422452612839,0.0,0.0,0.0,0
187,56074,2.7526115300031417,0.0,0.0,0.0,1.2234422452612839,0.0,0.0,0.0,0
188,56074,2.7526115300031417,0.0,0.0,0.0,1.2234422452612839,0.0,0.0,0.0,0
189,56074,2.7526115300031417,0.0,0.0,0.0,1.2234422452612839,0.0,0.0,0.0,0
190,56074,2.7526115300031417,0.0,0.0,0.0,1.2234422452612839,0.0,0.0,0.0,0
191,56074,2.7526115300031417,0.0,0.0,0.0,1.2234422452612839,0.0,0.0,0.0,0
192,56074,2.7526115300031417,0.0,0.0,0.0,1.2234422452612839,0.0,0.0,0.0,0
193,56074,2.7526115300031417,0.0,0.0,0.0,1.2234422452612839,0.0,0.0,0.0,0
194,56074,2.7526115300031417,0.0,0.0,0.0,1.2234422452612839,0.0,0.0,0.0,0
195,56074,2.7526115300031417,0.0,0.0,0.0,1.2234422452612839,0.0,0.0,0.0,0
196,56074,2.7526115300031417,0.0,0.0,0.0,1.2234422452612839,0.0,0.0,0.0,0
197,56074,2.7526115300031417,0.0,0.0,0.0,1.2234422452612839,0.0,0.0,0.0,0
198,56074,2.7526115300031417,0.0,0.0,0.0,1.2234422452612839,0.0,0.0,0.0,0
199,56074,2.7526115300031417,0.0,0.0,0.0,1.2234422452612839,0.0,0.0,0.0,0
200,56074,2.7526115300031417,0.0,0.0,0.0,1.2234422452612839,0.0,0.0,0.0,0
201,56074,2.7526115300031417,0.0,0.0,0.0,1.2234422452612839,0.0,0.0,0.0,0
202,56074,2.7526115300031417,0.0,0.0,0.0,1.2234422452612839,0.0,0.0,0.0,0
203,56074,2.7526115300031417,0.0,0.0,0.0,1.2234422452612839,0.0,0.0,0.0,0
204,56074,2.7526115300031417,0.0,0.0,0.0,1.2234422452612839,0.0,0.0,0.0,0
205,56074,2.7526115300031417,0.0,0.0,0.0,1.2234422452612839,0.0,0.0,0.0,0
206,56074,2.7526115300031417,0.0,0.0,0.0,1.2234422452612839,0.0,0.0,0.0,0
207,56074,2.7526115300031417,0.0,0.0,0.0,1.2234422452612839,0.0,0.0,0.0,0
208,56074,2.7526115300031417,0.0,0.0,0.0,1.2234422452612839,0.0,0.0,0.0,0
209,56074,2.7526115300031417,0.0,0.0,0.0,1.2234422452612839,0.0,0.0,0.0,0
210,56074,2.7526115300031417,0.0,0.0,0.0,1.2234422452612839,0.0,0.0,0.0,0
211,56074,2.7526115300031417,0.0,0.0,0.0,1.2234422452612839,0.0,0.0,0.0,0
212,56074,2.7526115300031417,0.0,0.0,0.0,1.2234422452612839,0.0,0.0,0.0,0
213,56074,2.7526115300031417,0.0,0.0,0.0,1.2234422452612839,0.0,0.0,0.0,0
214,56074,2.7526115300031417,0.0,0.0,0.0,1.2234422452612839,0.0,0.0,0.0,0
215,56074,2.7526115300031417,0.0,0.0,0.0,1.2234422452612839,0.0,0.0,0.0,0
216,56074,2.7526115300031417,0.0,0.0,0.0,1.2234422452612839,0.0,0.0,0.0,0
217,56074,2.7526115300031417,0.0,0.0,0.0,1.2234422452612839,0.0,0.0,0.0,0
218,56074,2.7526115300031417,0.0,0.0,0.0,1.2234422452612839,0.0,0.0,0.0,0
219,56074,2.7526115300031417,0.0,0.0,0.0,1.2234422452612839,0.0,0.0,0.0,0
220,56074,2.7526115300031417,0.0,0.0,0.0,1.2234422452612839,0.0,0.0,0.0,0
221,56074,2.7526115300031417,0.0,0.0,0.0,1.2234422452612839,0.0,0.0,0.0,0
222,56074,2.7526115300031417,0.0,0.0,0.0,1.2234422452612839,0.0,0.0,0.0,0
223,56074,2.7526115300031417,0.0,0.0,0.0,1.2234422452612839,0.0,0.0,0.0,0
224,56074,2.7526115300031417,0.0,0.0,0.0,1.2234422452612839,0.0,0.0,0.0,0
225,56074,2.7526115300031417,0.0,0.0,0.0,1.2234422452612839,0.0,0.0,0.0,0
226,56074,2.7526115300031417,0.0,0.0,0.0,1.2234422452612839,0.0,0.0,0.0,0
227,56074,2.7526115300031417,0.0,0.0,0.0,1.2234422452612839,0.0,0.0,0.0,0
228,56074,2.7526115300031417,0.0,0.0,0.0,1.2234422452612839,0.0,0.0,0.0,0
229,56074,2.7526115300031417,0.0,0.0,0.0,1.2234422452612839,0.0,0.0,0.0,0
230,56074,2.7526115300031417,0.0,0.0,0.0,1.2234422452612839,0.0,0.0,0.0,0
231,56074,2.7526115300031417,0.0,0.0,0.0,1.2234422452612839,0.0,0.0,0.0,0
232,56074,2.7526115300031417,0.0,0.0,0.0,1.2234422452612839,0.0,0.0,0.0,0
233,56074,2.7526115300031417,0.0,0.0,0.0,1.2234422452612839,0.0,0.0,0.0,0
234,56074,2.7526115300031417,0.0,0.0,0.0,1.2234422452612839,0.0,0.0,0.0,0
235,56074,2.7526115300031417,0.0,0.0,0.0,1.2234422452612839,0.0,0.0,0.0,0
236,56074,2.7526115300031417,0.0,0.0,0.0,1.2234422452612839,0.0,0.0,0.0,0
237,56074,2.7526115300031417,0.0,0.0,0.0,1.2234422452612839,0.0,0.0,0.0,0
238,56074,2.7526115300031417,0.0,0.0,0.0,1.2234422452612839,0.0,0.0,0.0,0
239,56074,2.7526115300031417,0.0,0.0,0.0,1.2234422452612839,0.0,0.0,0.0,0
