frame,selected_count,selected_percent,ABL-Spatial-FullTemporal-PatternOff-R_step,ABL-Spatial-FirstEdge-PatternOff-R_step,O-T2X-R_step,ABL-SpatialFirstEdge-T2X-R_step,AA-Off_step,O-1X_step,mask_switch_pixels
0,131521,6.456222510210494,,,,,,,
1,131521,6.456222510210494,0.0,0.0,0.9615142946905435,1.4005591226830034,0.0,0.0,0
2,131521,6.456222510210494,0.0,0.0,0.0,1.0392091122107028,0.0,0.0,0
3,131521,6.456222510210494,0.0,0.0,0.0,1.0392091122107028,0.0,0.0,0
4,131521,6.456222510210494,0.0,0.0,0.0,1.0392091122107028,0.0,0.0,0
5,131521,6.456222510210494,0.0,0.0,0.0,1.0392091122107028,0.0,0.0,0
6,131521,6.456222510210494,0.0,0.0,0.0,1.0392091122107028,0.0,0.0,0
7,131521,6.456222510210494,0.0,0.0,0.0,1.0392091122107028,0.0,0.0,0
8,131521,6.456222510210494,0.0,0.0,0.0,1.0392091122107028,0.0,0.0,0
9,131521,6.456222510210494,0.0,0.0,0.0,1.0392091122107028,0.0,0.0,0
10,131521,6.456222510210494,0.0,0.0,0.0,1.0392091122107028,0.0,0.0,0
11,131521,6.456222510210494,0.0,0.0,0.0,1.0392091122107028,0.0,0.0,0
12,131521,6.456222510210494,0.0,0.0,0.0,1.0392091122107028,0.0,0.0,0
13,131521,6.456222510210494,0.0,0.0,0.0,1.0392091122107028,0.0,0.0,0
14,131521,6.456222510210494,0.0,0.0,0.0,1.0392091122107028,0.0,0.0,0
15,131521,6.456222510210494,0.0,0.0,0.0,1.0392091122107028,0.0,0.0,0
16,131521,6.456222510210494,0.0,0.0,0.0,1.0392091122107028,0.0,0.0,0
17,131521,6.456222510210494,0.0,0.0,0.0,1.0392091122107028,0.0,0.0,0
18,131521,6.456222510210494,0.0,0.0,0.0,1.0392091122107028,0.0,0.0,0
19,131521,6.456222510210494,0.0,0.0,0.0,1.0392091122107028,0.0,0.0,0
20,131521,6.456222510210494,0.0,0.0,0.0,1.0392091122107028,0.0,0.0,0
21,131521,6.456222510210494,0.0,0.0,0.0,1.0392091122107028,0.0,0.0,0
22,131521,6.456222510210494,0.0,0.0,0.0,1.0392091122107028,0.0,0.0,0
23,131521,6.456222510210494,0.0,0.0,0.0,1.0392091122107028,0.0,0.0,0
24,131521,6.456222510210494,0.0,0.0,0.0,1.0392091122107028,0.0,0.0,0
25,131521,6.456222510210494,0.0,0.0,0.0,1.0392091122107028,0.0,0.0,0
26,131521,6.456222510210494,0.0,0.0,0.0,1.0392091122107028,0.0,0.0,0
27,131521,6.456222510210494,0.0,0.0,0.0,1.0392091122107028,0.0,0.0,0
28,131521,6.456222510210494,0.0,0.0,0.0,1.0392091122107028,0.0,0.0,0
29,131521,6.456222510210494,0.0,0.0,0.0,1.0392091122107028,0.0,0.0,0
30,131521,6.456222510210494,0.0,0.0,0.0,1.0392091122107028,0.0,0.0,0
31,131521,6.456222510210494,0.0,0.0,0.0,1.0392091122107028,0.0,0.0,0
32,131521,6.456222510210494,0.0,0.0,0.0,1.0392091122107028,0.0,0.0,0
33,131521,6.456222510210494,0.0,0.0,0.0,1.0392091122107028,0.0,0.0,0
34,131521,6.456222510210494,0.0,0.0,0.0,1.0392091122107028,0.0,0.0,0
35,131521,6.456222510210494,0.0,0.0,0.0,1.0392091122107028,0.0,0.0,0
36,131521,6.456222510210494,0.0,0.0,0.0,1.0392091122107028,0.0,0.0,0
37,131521,6.456222510210494,0.0,0.0,0.0,1.0392091122107028,0.0,0.0,0
38,131521,6.456222510210494,0.0,0.0,0.0,1.0392091122107028,0.0,0.0,0
39,131521,6.456222510210494,0.0,0.0,0.0,1.0392091122107028,0.0,0.0,0
40,131521,6.456222510210494,0.0,0.0,0.0,1.0392091122107028,0.0,0.0,0
41,131521,6.456222510210494,0.0,0.0,0.0,1.0392091122107028,0.0,0.0,0
42,131521,6.456222510210494,0.0,0.0,0.0,1.0392091122107028,0.0,0.0,0
43,131521,6.456222510210494,0.0,0.0,0.0,1.0392091122107028,0.0,0.0,0
44,131521,6.456222510210494,0.0,0.0,0.0,1.0392091122107028,0.0,0.0,0
45,131521,6.456222510210494,0.0,0.0,0.0,1.0392091122107028,0.0,0.0,0
46,131521,6.456222510210494,0.0,0.0,0.0,1.0392091122107028,0.0,0.0,0
47,131521,6.456222510210494,0.0,0.0,0.0,1.0392091122107028,0.0,0.0,0
48,131521,6.456222510210494,0.0,0.0,0.0,1.0392091122107028,0.0,0.0,0
49,131521,6.456222510210494,0.0,0.0,0.0,1.0392091122107028,0.0,0.0,0
50,131521,6.456222510210494,0.0,0.0,0.0,1.0392091122107028,0.0,0.0,0
51,131521,6.456222510210494,0.0,0.0,0.0,1.0392091122107028,0.0,0.0,0
52,131521,6.456222510210494,0.0,0.0,0.0,1.0392091122107028,0.0,0.0,0
53,131521,6.456222510210494,0.0,0.0,0.0,1.0392091122107028,0.0,0.0,0
54,131521,6.456222510210494,0.0,0.0,0.0,1.0392091122107028,0.0,0.0,0
55,131521,6.456222510210494,0.0,0.0,0.0,1.0392091122107028,0.0,0.0,0
56,131521,6.456222510210494,0.0,0.0,0.0,1.0392091122107028,0.0,0.0,0
57,131521,6.456222510210494,0.0,0.0,0.0,1.0392091122107028,0.0,0.0,0
58,131521,6.456222510210494,0.0,0.0,0.0,1.0392091122107028,0.0,0.0,0
59,131521,6.456222510210494,0.0,0.0,0.0,1.0392091122107028,0.0,0.0,0
60,131521,6.456222510210494,0.0,0.0,0.0,1.0392091122107028,0.0,0.0,0
61,153195,7.5201755419415655,7.969028825007854,8.164384359618808,7.780529374803645,8.03345245575453,8.35010946826893,8.263422053356372,126026
62,167472,8.221017907634307,8.221912962090272,8.219999476384961,8.322790017279296,8.687783406639438,8.332336501204315,8.245259156717982,132493
63,173289,8.506568096135721,7.562769989004084,7.672239566970363,7.584930686459315,7.659562356005864,7.855246131793905,7.7674527437428,129447
64,174236,8.553055293748036,6.423547459158027,6.413230606608022,6.2829915108911925,6.858447055974447,6.566853368153733,6.49042471724788,122473
65,177625,8.719417609173735,6.4686842208608235,6.52855550973924,6.508728171798094,6.531909591318462,6.702401102209656,6.618900048434391,125621
66,179774,8.824909676405907,6.258507598963242,6.3131028118127555,6.109163917687716,6.790900061524767,6.473766232066185,6.390477733270499,128709
67,182964,8.981503298774742,6.355186079694209,6.3931594604147035,6.3711633744371134,6.389182604199393,6.5573181746779765,6.478285357105456,127082
68,185452,9.103636506440466,6.346259097811289,6.408193920829406,6.186461933186721,6.9070121871400145,6.57717856581841,6.49333143522882,131528
69,187517,9.205005105246624,6.280531338360038,6.327879064561734,6.340749685830977,6.379679973033825,6.48078725520997,6.402908517907634,131625
70,190937,9.372889176877159,6.428910095297937,6.497602824903131,6.252801176824798,7.0149945347680385,6.675631447010158,6.592062814169023,135080
71,195890,9.616026547282438,6.295790789611478,6.34869685307362,6.312671647554718,6.37666575034035,6.514209112210703,6.428454550214682,137551
72,200813,9.857691250392712,6.292675607393444,6.350391238611373,6.161079530579118,6.976656423447482,6.525601175515761,6.442649426641533,141357
73,205939,10.109321002199183,6.057795155251859,6.108569778249032,6.060574242067232,6.132888587810242,6.273569549167452,6.193324890040842,143422
74,211569,10.385691564561734,6.166293754581631,6.232472641114253,6.052749306210075,6.933660756361923,6.403267521468217,6.322849905749293,147052
75,218047,10.703689522463085,6.216471456435229,6.285507481149859,6.214172622787727,6.320593124934548,6.466183795423604,6.377196237825951,152020
76,223674,10.979912818096135,6.161078057911824,6.208939090480679,6.0304347968373655,6.948442899780082,6.380688750130904,6.29859376636297,154991
77,231467,11.362462692428526,6.4223855246622685,6.499594198345377,6.44152430882815,6.605663878416588,6.677966279191538,6.5962410985443505,159003
78,239829,11.772944156456173,6.2936560765525185,6.378904204628757,6.112480528065766,7.093351888941251,6.564413812964708,6.476792236098021,165888
79,246187,12.085051445177506,6.349725429364331,6.401867833019164,6.3731562205466545,6.5438350874437115,6.568577043407687,6.487223302178238,166328
80,255406,12.537602104932455,6.272435595350299,6.3573581003246415,6.160416666666666,7.22363500104723,6.552398484134464,6.46520627159912,174461
81,265178,13.017298931825321,6.3742630118337,6.459026468740182,6.3550016690229345,6.606283216828987,6.652664546025762,6.565204635302126,181238
82,276776,13.586632108074143,6.454492453398261,6.5272680712640065,6.326016467692952,7.452575858728663,6.717946087286627,6.633049108545397,188770
83,286650,14.071336003770027,6.181416902293434,6.23745581998115,6.210673728924495,6.495877676981883,6.416408295371243,6.335200020944601,192110
84,300257,14.73928879987433,6.275460617603938,6.359066394386847,6.211068076500157,7.434156063462143,6.55484360273327,6.470078182270395,201471
85,313812,15.404688972667294,6.188509267986176,6.2558405984919885,6.178528510838832,6.533469473243271,6.458650284061158,6.374869423499843,210381
86,331072,16.25196355639334,6.333498762959472,6.430717712587706,6.264092935124097,7.648895990417845,6.6598660527280344,6.5672608061053515,223416
87,341719,16.774613179390514,5.754550705571264,5.8529993323908265,5.759127919153838,6.185629058016546,6.05363797910776,5.97822825034035,223943
88,349827,17.172626060320454,5.412851149335009,5.503129908890983,5.333148431772961,6.824201650696408,5.7218664912556285,5.644896389674312,228980
89,358535,17.60009228715049,5.681101587862603,5.773394465389046,5.661395335899047,6.13959609644989,5.988155500575976,5.912436511676615,237026
90,367380,18.03428369462771,5.828009641061891,5.917827946643627,5.7248542059377945,7.2552487498690965,6.137378914022411,6.056885046863546,240833
91,375927,18.45384660697455,5.598678362917583,5.713346783694628,5.590074058801969,6.0957788446434185,5.937361078385171,5.861253305319929,251183
92,386783,18.986755812126923,5.549522037647921,5.654718262383495,5.4557478204524035,7.030819817520159,5.879148831029427,5.801694549167452,257858
93,399190,19.59580191643104,5.856079170593779,5.980675659754948,5.844337266991308,6.438820164415122,6.2169651272384545,6.134114174259085,268503
94,409477,20.100779531888154,6.346497506283381,6.444265760812651,6.207674887422767,7.790679652319614,6.698550240862917,6.607286266886585,280737
95,418363,20.53698358466855,6.997808834694732,7.122953646978742,6.992887507854226,7.655260694837156,7.3592324785317835,7.272915521258771,286736
96,425656,20.894989004084195,7.480785291653576,7.614012920201068,7.317495123834957,8.902999986909624,7.866225193737564,7.772464394177401,297197
97,433793,21.294425463399307,6.661245941983454,6.750643064718819,6.68783609540266,7.426652496334695,6.994508750916326,6.904381348832339,300639
98,434983,21.352841266101162,5.578424115090585,5.674775827311761,5.430513829982197,6.979256663001362,5.917952632474605,5.8357339446538905,305966
99,438850,21.54266808042727,5.566523327049953,5.683484363545921,5.572094754686354,6.388633790187455,5.935344015080113,5.847645695884386,306961
100,442035,21.699016258246935,5.486384699968583,5.5979541378678395,5.339868212640067,6.912014347052048,5.836910933081998,5.755437578542256,306241
101,447027,21.944068096135723,5.4801549900513145,5.591313717404964,5.502347268038538,6.344055660278563,5.842743022829616,5.756187493454812,305872
102,449190,22.050247408105562,5.472428722902921,5.590257487695046,5.31252667164101,6.9377999332390825,5.837867185045554,5.750041071054561,309805
103,452091,22.192654335532517,5.499697775945125,5.622424141271337,5.501453031731072,6.376947029793696,5.86861729631375,5.788184463032779,308511
104,455713,22.370454366949417,5.4720376479212485,5.586360482773065,5.3202367394491565,6.953554527961043,5.846023798303487,5.759674442349985,313474
105,459327,22.547861687087654,5.451500320714211,5.562365169127657,5.4700451290711065,6.329043126243586,5.812886820609488,5.724460185621531,313142
106,462678,22.71235862393968,5.440228034349147,5.554874037857367,5.29694585165986,6.936458169703634,5.79998821866164,5.719458843857995,316389
107,467562,22.952108859566447,5.359898287778825,5.482028550109959,5.357662287935909,6.263401108754843,5.708542615718923,5.627836684469578,313506
108,471202,23.130792491360353,5.402329432401299,5.529790095821552,5.283176412451565,6.969470461566656,5.799520074091528,5.719160874175306,322018
109,475172,23.32567546339931,5.412499018221803,5.526618788616609,5.380045030893287,6.282495549272175,5.771187755262331,5.687944254633993,320754
110,478125,23.470635014137606,5.404958470782281,5.529709426379726,5.284541411404335,6.985306216619541,5.776953084092575,5.697892776730548,324013
111,480754,23.599689758089852,5.35969031443083,5.473514242329039,5.343153569745523,6.2600656809613575,5.7159501322127975,5.632911986857263,324017
112,483674,23.743029374803644,5.342361602000209,5.478287484291549,5.249509438161064,6.969141729500471,5.731970625196356,5.6462630249240755,328062
113,488134,23.96196591266101,5.326401488375746,5.435701055084302,5.311712286626872,6.220874568017593,5.6857208542779345,5.608935981516389,328774
114,492791,24.190572965755578,5.286628999109855,5.400378475494816,5.1792242643208715,6.905418924756519,5.661377173002409,5.580729821185464,329173
115,497047,24.399495366006914,5.248538950413656,5.394922734055922,5.21472585480155,6.167728459786365,5.646965650853493,5.565057532202325,336550
116,499933,24.541165959786365,5.203945930202115,5.3210039991098546,5.105453123363703,6.854695681484972,5.575829929835585,5.496565903497748,335802
117,504113,24.746357602890352,5.1943338307676195,5.323398392501833,5.170535363650644,6.118998717143156,5.591424494711488,5.508375222536391,340702
118,508262,24.950027489789505,5.154013672897686,5.291346934233951,5.061272286365065,6.824584216933711,5.542102085296889,5.467713896743114,343855
119,513208,25.192821237825953,5.148614220075401,5.262410330924705,5.1093160933082,6.098947206513771,5.522765636454079,5.437961599382135,339336
120,516067,25.3331664310399,5.108766133888365,5.2518866504346,5.027584367473033,6.818695020420987,5.5067593792543725,5.429525670227249,343253
121,519986,25.525545868677348,5.073054933762697,5.201806962770971,5.032838680751911,6.034541902293434,5.458606431301707,5.379006800450309,348667
122,520386,25.545181432610743,4.805707076657241,4.916087581160331,4.692748422609697,6.473221345167033,5.1750505615771285,5.0965184508849095,343934
123,520135,25.53286011624254,4.79880010341397,4.931786869043879,4.773960460519426,5.798126767200754,5.18220510655566,5.106604258299298,344675
124,518459,25.45058710336161,4.782402116713792,4.891538053722903,4.706623402974134,6.496938815582784,5.146569339721437,5.066547216986072,342644
125,519567,25.504977615457115,4.765488860090062,4.900373075714734,4.746464125824693,5.752727707089748,5.144119966750445,5.072388797256258,344182
126,519466,25.50001963556393,4.762635812650539,4.871129666719028,4.65928074929312,6.434620280919468,5.139771180228296,5.060515499005131,345907
127,520351,25.543463320766573,4.754272535082207,4.879165193999372,4.725263771075506,5.735592241334171,5.123114494973295,5.045657267776731,344057
128,521601,25.604824458058435,4.750438854853911,4.879455800345586,4.669059260131951,6.4567217444235,5.142126957011206,5.062779643156351,344296
129,520321,25.54199065347157,4.750641919310922,4.866168741491256,4.718659185516808,5.721806930045031,5.1260707927531675,5.041160560006284,344950
130,520359,25.54385603204524,4.715329321133103,4.837595559744476,4.61929554141795,6.391958091161378,5.0930585008901454,5.012712718609278,345824
131,520091,25.530700204209865,4.722395015184836,4.851180751911195,4.694732596345167,5.717305804272699,5.110467064614095,5.038728531783433,344998
132,518269,25.441260210493244,4.712727281652529,4.836480914231856,4.61726113336475,6.395544036024715,5.0820519491569796,5.005998337522254,344490
133,518628,25.458883129123468,4.690169291287046,4.802079242590847,4.6749186760393755,5.684276004031836,5.046501106136768,4.972412523562677,341377
134,516178,25.33861530003142,4.698901717457326,4.837139360142423,4.607879915436171,6.391877585349251,5.110412248664781,5.025935961880825,342214
135,516623,25.36045986490732,4.688112138705623,4.809403307938004,4.669278851188606,5.681566459838726,5.04694257906587,4.972144989004084,342055
136,516653,25.361932532202324,4.6304788132265156,4.747053029112996,4.557829190229343,6.32392380746675,5.001531410357106,4.923759523248508,340500
137,516208,25.34008796732642,4.62811927296052,4.750778877369358,4.61557803827626,5.6453170816315845,5.0022628351136245,4.919863500104723,337197
138,516613,25.359968975808982,4.634673296942088,4.763160082207561,4.5572019975913705,6.328825989632422,5.02452531024191,4.940603891768772,341827
139,516264,25.342836946277096,4.6498977314378465,4.770822861032569,4.64085784506231,5.666687120379097,5.021428945439313,4.9467809129228195,342729
140,516593,25.358987197612315,4.651986955440361,4.777982642161483,4.564117970468112,6.326737583778407,5.021080577809195,4.945656776887632,341717
141,515822,25.321139648130693,4.665054259608336,4.7938804128704575,4.6392923997277205,5.660120006021573,5.041406495444549,4.963158609540266,340773
142,516170,25.33822258875275,4.658498108440674,4.771920325426747,4.584175699026076,6.339259510158132,5.028618343543827,4.941883639648131,339666
143,513780,25.22090009425071,4.663023615038224,4.798413446434181,4.6527263980521525,5.678725520996963,5.054403438841764,4.973273543041156,342750
144,514634,25.26282202324851,4.667531285998534,4.778182270394805,4.584910887265682,6.333353459786365,5.0194712797151535,4.939953300083778,342232
145,513719,25.217905670750863,4.676790763430725,4.813301621897581,4.649163524976437,5.686793446957797,5.075146775840402,4.993839669075296,342765
146,512356,25.150997486647817,4.695123507697141,4.809120228557965,4.615314267200754,6.366873330977065,5.056196165828883,4.972948410828359,338879
147,511075,25.08811459315112,4.710883174939784,4.832682905278039,4.72088749476385,5.73427780395853,5.0820144779558065,5.001880596135721,340953
148,510306,25.050365221489162,4.72665675070688,4.8499662922819144,4.649657032149963,6.398024335008902,5.114471574248612,5.027599912294481,340391
149,508568,24.965048696198554,4.722288164991099,4.8659748402974135,4.700209773274689,5.743250765786994,5.113214243638077,5.030530847470939,341672
150,507719,24.92337221174992,4.706902391611687,4.812478728139072,4.6114982589799975,6.351724166143051,5.062639085244529,4.978818135406849,338163
151,507329,24.90422753691486,4.683537052309142,4.807570491674521,4.686239069536077,5.717758894910462,5.065313121792858,4.984002087914965,339158
152,505587,24.81871465598492,4.699912785370196,4.838932414388942,4.6308052544769085,6.372730783328097,5.081372231385485,5.00066630013614,338670
153,506078,24.842817310713166,4.702608421038852,4.819496642318567,4.6796195936747305,5.7004962888784165,5.071401455649807,4.9871256152476695,337339
154,505669,24.822739946591266,4.703675613938632,4.823941152214892,4.624694503351137,6.3335547243166825,5.067047432977275,4.981552387684574,337725
155,504748,24.77752906063462,4.734006178657451,4.867328385171222,4.720199759137082,5.762683756152477,5.128547491883967,5.042808311079694,340655
156,502907,24.687156377631165,4.766081363231752,4.883945962928055,4.674516310608441,6.374988709550738,5.1269162674102,5.037435366268719,336155
157,502367,24.66064836632108,4.771296241753063,4.895100435909519,4.772857596345167,5.790613545921039,5.151523719761231,5.063056668237512,337278
158,501866,24.6360548224945,4.790219361975076,4.918408177557859,4.713108866111635,6.4079857838517125,5.169092149701539,5.082224087600796,336461
159,499252,24.507736412189757,4.793504228191433,4.921949124253849,4.800136630799036,5.826779145722065,5.166393405068594,5.079762278772646,336514
160,497393,24.416480128809297,4.834775401874542,4.965491641794952,4.751668695674939,6.439990771284951,5.220992872290292,5.133926000104723,336167
161,494623,24.280503848570532,4.843764072154152,4.9526872905539845,4.834359291548854,5.842257206251964,5.196237662320661,5.106674782699759,332800
162,492749,24.18851123154257,4.8271011689705725,4.953312519635564,4.742662353387789,6.414529826421615,5.204220173578385,5.118758508744371,333342
163,491356,24.120130380144516,4.841143706147241,4.970808134359618,4.833120287464656,5.852916863022306,5.221531704890564,5.13418028065766,332709
164,488612,23.98543041156142,4.845859677714944,4.955704131322651,4.766245811079695,6.428576290711069,5.1835043263692535,5.098914316944183,328068
165,486515,23.882490967640592,4.848527987223793,4.977181838412399,4.841939273745942,5.84208424965965,5.232345009948686,5.145416404859148,329569
166,484159,23.76683749607289,4.888744567493978,5.018301000104723,4.790462352078752,6.43565458424966,5.256316106398576,5.169034879306734,329184
167,481798,23.650938579956016,4.906386958058436,5.015366465074877,4.915193017593466,5.890579183684156,5.258262645303173,5.169234671169756,326909
168,478163,23.47250039271128,4.904122977536915,5.028176216095926,4.813538230442978,6.4409412962090276,5.259791601214787,5.173590493768981,324887
169,476333,23.38266768771599,4.873460080898523,4.997680549010368,4.880053376007959,5.852463281495445,5.2417224643941775,5.154975488271023,322616
170,473220,23.229853911404337,4.886039604932454,4.995956546497015,4.78591704628757,6.3958973125458165,5.236897024557545,5.152724761755158,321697
171,470940,23.117931196983974,4.910882684050686,5.041444784794219,4.883016546235208,5.851312146559849,5.275272279819877,5.183161358519217,321440
172,468374,22.99196905435124,4.93277715598492,5.049458385694837,4.841460656875065,6.453085728872133,5.270873095350298,5.197731928735993,317168
173,463823,22.768565425699023,4.989290272541627,5.102956297779873,4.970583798041679,5.914472883286208,5.341779734788983,5.252742924651796,316545
174,461322,22.645794062205464,4.978589871976123,5.094501878468949,4.90186619672217,6.511869862027438,5.310173349303592,5.22663596973505,313477
175,457287,22.447720311027332,5.009308893601424,5.13932218033302,4.975026180751911,5.905181498062625,5.377486516912766,5.290421771913289,312465
176,455004,22.335650329877474,5.021445144779558,5.125023726306419,4.922068410304744,6.503000968687821,5.340469551785527,5.25955777437428,307291
177,450953,22.136791156142007,4.998456644674835,5.111080185097916,4.976161116347262,5.857767992721751,5.327344649963347,5.246498651691277,305403
178,447210,21.95305136663525,5.030557028222851,5.136256741543617,4.95787451565609,6.554518961409571,5.3611973439627185,5.278608034872762,302679
179,442858,21.7394164310399,5.093490156037281,5.215381846266625,5.062761643889412,5.929728571054561,5.446852909990575,5.36259719604147,301260
180,439426,21.57094329249136,5.1444557348937066,5.249221449890041,5.018736418734946,6.602826048539114,5.464191603832862,5.380640642999267,297634
181,439426,21.57094329249136,1.1514132697141062,0.5133269845009949,2.354059816472929,4.075142030579118,0.0,0.0,0
182,439426,21.57094329249136,0.0,0.0,1.5577927008063672,3.817271769295214,0.0,0.0,0
183,439426,21.57094329249136,0.0,0.0,0.0,2.9547604788459525,0.0,0.0,0
184,439426,21.57094329249136,0.0,0.0,0.0,2.9547604788459525,0.0,0.0,0
185,439426,21.57094329249136,0.0,0.0,0.0,2.9547604788459525,0.0,0.0,0
186,439426,21.57094329249136,0.0,0.0,0.0,2.9547604788459525,0.0,0.0,0
187,439426,21.57094329249136,0.0,0.0,0.0,2.9547604788459525,0.0,0.0,0
188,439426,21.57094329249136,0.0,0.0,0.0,2.9547604788459525,0.0,0.0,0
189,439426,21.57094329249136,0.0,0.0,0.0,2.9547604788459525,0.0,0.0,0
190,439426,21.57094329249136,0.0,0.0,0.0,2.9547604788459525,0.0,0.0,0
191,439426,21.57094329249136,0.0,0.0,0.0,2.9547604788459525,0.0,0.0,0
192,439426,21.57094329249136,0.0,0.0,0.0,2.9547604788459525,0.0,0.0,0
193,439426,21.57094329249136,0.0,0.0,0.0,2.9547604788459525,0.0,0.0,0
194,439426,21.57094329249136,0.0,0.0,0.0,2.9547604788459525,0.0,0.0,0
195,439426,21.57094329249136,0.0,0.0,0.0,2.9547604788459525,0.0,0.0,0
196,439426,21.57094329249136,0.0,0.0,0.0,2.9547604788459525,0.0,0.0,0
197,439426,21.57094329249136,0.0,0.0,0.0,2.9547604788459525,0.0,0.0,0
198,439426,21.57094329249136,0.0,0.0,0.0,2.9547604788459525,0.0,0.0,0
199,439426,21.57094329249136,0.0,0.0,0.0,2.9547604788459525,0.0,0.0,0
200,439426,21.57094329249136,0.0,0.0,0.0,2.9547604788459525,0.0,0.0,0
201,439426,21.57094329249136,0.0,0.0,0.0,2.9547604788459525,0.0,0.0,0
202,439426,21.57094329249136,0.0,0.0,0.0,2.9547604788459525,0.0,0.0,0
203,439426,21.57094329249136,0.0,0.0,0.0,2.9547604788459525,0.0,0.0,0
204,439426,21.57094329249136,0.0,0.0,0.0,2.9547604788459525,0.0,0.0,0
205,439426,21.57094329249136,0.0,0.0,0.0,2.9547604788459525,0.0,0.0,0
206,439426,21.57094329249136,0.0,0.0,0.0,2.9547604788459525,0.0,0.0,0
207,439426,21.57094329249136,0.0,0.0,0.0,2.9547604788459525,0.0,0.0,0
208,439426,21.57094329249136,0.0,0.0,0.0,2.9547604788459525,0.0,0.0,0
209,439426,21.57094329249136,0.0,0.0,0.0,2.9547604788459525,0.0,0.0,0
210,439426,21.57094329249136,0.0,0.0,0.0,2.9547604788459525,0.0,0.0,0
211,439426,21.57094329249136,0.0,0.0,0.0,2.9547604788459525,0.0,0.0,0
212,439426,21.57094329249136,0.0,0.0,0.0,2.9547604788459525,0.0,0.0,0
213,439426,21.57094329249136,0.0,0.0,0.0,2.9547604788459525,0.0,0.0,0
214,439426,21.57094329249136,0.0,0.0,0.0,2.9547604788459525,0.0,0.0,0
215,439426,21.57094329249136,0.0,0.0,0.0,2.9547604788459525,0.0,0.0,0
216,439426,21.57094329249136,0.0,0.0,0.0,2.9547604788459525,0.0,0.0,0
217,439426,21.57094329249136,0.0,0.0,0.0,2.9547604788459525,0.0,0.0,0
218,439426,21.57094329249136,0.0,0.0,0.0,2.9547604788459525,0.0,0.0,0
219,439426,21.57094329249136,0.0,0.0,0.0,2.9547604788459525,0.0,0.0,0
220,439426,21.57094329249136,0.0,0.0,0.0,2.9547604788459525,0.0,0.0,0
221,439426,21.57094329249136,0.0,0.0,0.0,2.9547604788459525,0.0,0.0,0
222,439426,21.57094329249136,0.0,0.0,0.0,2.9547604788459525,0.0,0.0,0
223,439426,21.57094329249136,0.0,0.0,0.0,2.9547604788459525,0.0,0.0,0
224,439426,21.57094329249136,0.0,0.0,0.0,2.9547604788459525,0.0,0.0,0
225,439426,21.57094329249136,0.0,0.0,0.0,2.9547604788459525,0.0,0.0,0
226,439426,21.57094329249136,0.0,0.0,0.0,2.9547604788459525,0.0,0.0,0
227,439426,21.57094329249136,0.0,0.0,0.0,2.9547604788459525,0.0,0.0,0
228,439426,21.57094329249136,0.0,0.0,0.0,2.9547604788459525,0.0,0.0,0
229,439426,21.57094329249136,0.0,0.0,0.0,2.9547604788459525,0.0,0.0,0
230,439426,21.57094329249136,0.0,0.0,0.0,2.9547604788459525,0.0,0.0,0
231,439426,21.57094329249136,0.0,0.0,0.0,2.9547604788459525,0.0,0.0,0
232,439426,21.57094329249136,0.0,0.0,0.0,2.9547604788459525,0.0,0.0,0
233,439426,21.57094329249136,0.0,0.0,0.0,2.9547604788459525,0.0,0.0,0
234,439426,21.57094329249136,0.0,0.0,0.0,2.9547604788459525,0.0,0.0,0
235,439426,21.57094329249136,0.0,0.0,0.0,2.9547604788459525,0.0,0.0,0
236,439426,21.57094329249136,0.0,0.0,0.0,2.9547604788459525,0.0,0.0,0
237,439426,21.57094329249136,0.0,0.0,0.0,2.9547604788459525,0.0,0.0,0
238,439426,21.57094329249136,0.0,0.0,0.0,2.9547604788459525,0.0,0.0,0
239,439426,21.57094329249136,0.0,0.0,0.0,2.9547604788459525,0.0,0.0,0
