frame,mode,rgb_mae,psnr_db,edge_reference_ratio,luma_ssim,rgb_step,changed_pixels_percent,reference_delta_residual
0,O-T2X-R,0.9778766101162425,37.349338581802755,1.0221813502866248,0.9746072320112609,,,
0,ABL-FirstEdge-Reuse-R,0.9778766101162425,37.349338581802755,1.0221813502866248,0.9746072320112609,,,
0,DBG-CurrentSpatial-R,0.9778766101162425,37.349338581802755,1.0221813502866248,0.9746072320112609,,,
1,O-T2X-R,0.5562146559849199,42.444482822601145,0.9670817785889281,,0.7441626741020002,50.16646049324537,0.7061624849978524
1,ABL-FirstEdge-Reuse-R,0.8559803382553147,40.48767450993206,1.0023519470096995,,1.2837080453450622,66.68163878416588,1.2126139230532276
1,DBG-CurrentSpatial-R,0.9813997211749922,37.60762553512148,1.0200967377954735,,1.4918176968792545,66.77962024819352,1.4129368632457486
2,O-T2X-R,0.5562146559849199,42.444482822601145,0.9670817785889281,,0.0,0.0,0.0
2,ABL-FirstEdge-Reuse-R,0.9189443920829407,38.12993331043755,1.011232065221522,,1.1850520996963032,65.53963438579956,1.1168975520361142
2,DBG-CurrentSpatial-R,0.9778766101162425,37.349338581802755,1.0221813073433,,1.4918176968792545,66.77962024819352,1.4129367234398054
3,O-T2X-R,0.5562146559849199,42.444482822601145,0.9670817785889281,,0.0,0.0,0.0
3,ABL-FirstEdge-Reuse-R,0.8559803382553147,40.48767450993206,1.0023519470096995,,1.1850520996963032,65.53963438579956,1.1168975520361142
3,DBG-CurrentSpatial-R,0.9813997211749922,37.60762553512148,1.0200967377954735,,1.4918176968792545,66.77962024819352,1.4129367234398054
4,O-T2X-R,0.5562144923552205,42.44448301447437,0.9670818254910886,,0.0,0.0,1.0436336985931732e-07
4,ABL-FirstEdge-Reuse-R,0.9189442284532412,38.12993338148679,1.0112321142649119,,1.1850520996963032,65.53963438579956,1.116897656399484
4,DBG-CurrentSpatial-R,0.977876446486543,37.34933864116358,1.0221813569177132,,1.4918176968792545,66.77962024819352,1.412936827803175
5,O-T2X-R,0.5562146559849199,42.444482822601145,0.96708183027561,,0.0,0.0,3.544233933657623e-08
5,ABL-FirstEdge-Reuse-R,0.8559803382553147,40.48767450993206,1.002352000581432,,1.1850520996963032,65.53963438579956,1.1168975874784535
5,DBG-CurrentSpatial-R,0.9813997211749922,37.60762553512148,1.0200967923155946,,1.4918176968792545,66.77962024819352,1.4129367588821446
6,O-T2X-R,0.5562146559849199,42.444482822601145,0.9670817785889281,,0.0,0.0,1.3980570919589355e-07
6,ABL-FirstEdge-Reuse-R,0.9189443920829407,38.12993331043755,1.011232065221522,,1.1850520996963032,65.53963438579956,1.1168976918418234
6,DBG-CurrentSpatial-R,0.9778766101162425,37.349338581802755,1.0221813073433,,1.4918176968792545,66.77962024819352,1.4129368632455146
7,O-T2X-R,0.5562146559849199,42.444482822601145,0.9670817785889281,,0.0,0.0,0.0
7,ABL-FirstEdge-Reuse-R,0.8559803382553147,40.48767450993206,1.0023519470096995,,1.1850520996963032,65.53963438579956,1.1168975520361142
7,DBG-CurrentSpatial-R,0.9813997211749922,37.60762553512148,1.0200967377954735,,1.4918176968792545,66.77962024819352,1.4129367234398054
8,O-T2X-R,0.5562146559849199,42.444482822601145,0.9670817785889281,,0.0,0.0,0.0
8,ABL-FirstEdge-Reuse-R,0.9189443920829407,38.12993331043755,1.011232065221522,,1.1850520996963032,65.53963438579956,1.1168975520361142
8,DBG-CurrentSpatial-R,0.9778766101162425,37.349338581802755,1.0221813073433,,1.4918176968792545,66.77962024819352,1.4129367234398054
9,O-T2X-R,0.5562148196146194,42.44448263072792,0.9670818644701495,,0.0,0.0,3.130891732813014e-07
9,ABL-FirstEdge-Reuse-R,0.8559801746256153,40.487674632205895,1.0023520360230709,,1.1850520996963032,65.53963438579956,1.1168974476736806
9,DBG-CurrentSpatial-R,0.9813995575452927,37.607625598119746,1.0200968283846623,,1.4918176968792545,66.77962024819352,1.4129366190773718
10,O-T2X-R,0.5562146559849199,42.444482822601145,0.9670817785889281,0.9910381763943763,0.0,0.0,3.130891732813014e-07
10,ABL-FirstEdge-Reuse-R,0.9189443920829407,38.12993331043755,1.011232065221522,0.9769884952480349,1.1850520996963032,65.53963438579956,1.1168974476736806
10,DBG-CurrentSpatial-R,0.9778766101162425,37.349338581802755,1.0221813073433,0.9746072322493932,1.4918176968792545,66.77962024819352,1.4129366190773718
11,O-T2X-R,0.5562149832443187,42.44448243885472,0.9670817796085129,,0.0,0.0,7.088467867315246e-08
11,ABL-FirstEdge-Reuse-R,0.8559806655147136,40.4876742653844,1.0023519480664693,,1.1850520996963032,65.53963438579956,1.1168976229207928
11,DBG-CurrentSpatial-R,0.981400048434391,37.607625409124935,1.0200967388709514,,1.4918176968792545,66.77962024819352,1.412936794324484
12,O-T2X-R,0.5562146559849199,42.444482822601145,0.9670817785889281,,0.0,0.0,7.088467867315246e-08
12,ABL-FirstEdge-Reuse-R,0.9189443920829407,38.12993331043755,1.011232065221522,,1.1850520996963032,65.53963438579956,1.1168976229207928
12,DBG-CurrentSpatial-R,0.9778766101162425,37.349338581802755,1.0221813073433,,1.4918176968792545,66.77962024819352,1.412936794324484
13,O-T2X-R,0.5562146559849199,42.444482822601145,0.9670817785889281,,0.0,0.0,0.0
13,ABL-FirstEdge-Reuse-R,0.8559803382553147,40.48767450993206,1.0023519470096995,,1.1850520996963032,65.53963438579956,1.1168975520361142
13,DBG-CurrentSpatial-R,0.9813997211749922,37.60762553512148,1.0200967377954735,,1.4918176968792545,66.77962024819352,1.4129367234398054
14,O-T2X-R,0.5562149832443187,42.44448243885472,0.9670818175679853,,0.0,0.0,2.0872580342198407e-07
14,ABL-FirstEdge-Reuse-R,0.9189447193423396,38.12993316833908,1.0112321059800944,,1.1850520996963032,65.53963438579956,1.1168977607619175
14,DBG-CurrentSpatial-R,0.9778769373756414,37.349338463081104,1.0221813485431905,,1.4918176968792545,66.77962024819352,1.4129369321656087
15,O-T2X-R,0.5562146559849199,42.444482822601145,0.9670817785889281,,0.0,0.0,2.0872580342198407e-07
15,ABL-FirstEdge-Reuse-R,0.8559803382553147,40.48767450993206,1.0023519470096995,,1.1850520996963032,65.53963438579956,1.1168977607619175
15,DBG-CurrentSpatial-R,0.9813997211749922,37.60762553512148,1.0200967377954735,,1.4918176968792545,66.77962024819352,1.4129369321656087
16,O-T2X-R,0.5562146559849199,42.444482822601145,0.9670817785889281,,0.0,0.0,0.0
16,ABL-FirstEdge-Reuse-R,0.9189443920829407,38.12993331043755,1.011232065221522,,1.1850520996963032,65.53963438579956,1.1168975520361142
16,DBG-CurrentSpatial-R,0.9778766101162425,37.349338581802755,1.0221813073433,,1.4918176968792545,66.77962024819352,1.4129367234398054
17,O-T2X-R,0.5562148196146194,42.44448263072792,0.9670817833734491,,0.0,0.0,3.544233933657623e-08
17,ABL-FirstEdge-Reuse-R,0.8559805018850142,40.487674387658224,1.0023519519687154,,1.1850520996963032,65.53963438579956,1.1168975874784535
17,DBG-CurrentSpatial-R,0.9813998848046915,37.6076254721232,1.0200967428422796,,1.4918176968792545,66.77962024819352,1.4129367588821446
18,O-T2X-R,0.5562144923552205,42.44448301447437,0.9670818254910886,,0.0,0.0,1.3980570919589355e-07
18,ABL-FirstEdge-Reuse-R,0.9189442284532412,38.12993338148679,1.0112321142649119,,1.1850520996963032,65.53963438579956,1.1168976918418234
18,DBG-CurrentSpatial-R,0.977876446486543,37.34933864116358,1.0221813569177132,,1.4918176968792545,66.77962024819352,1.4129368632455146
19,O-T2X-R,0.5562148196146194,42.44448263072792,0.9670818284304079,,0.0,0.0,7.088467867315246e-08
19,ABL-FirstEdge-Reuse-R,0.8559805018850142,40.487674387658224,1.002351998668934,,1.1850520996963032,65.53963438579956,1.1168976229207928
19,DBG-CurrentSpatial-R,0.9813998848046915,37.6076254721232,1.0200967903692395,,1.4918176968792545,66.77962024819352,1.412936794324484
20,O-T2X-R,0.5562146559849199,42.444482822601145,0.9670817785889281,0.9910381763943763,0.0,0.0,1.752480485324698e-07
20,ABL-FirstEdge-Reuse-R,0.9189443920829407,38.12993331043755,1.011232065221522,0.9769884952480349,1.1850520996963032,65.53963438579956,1.1168977272841627
20,DBG-CurrentSpatial-R,0.9778766101162425,37.349338581802755,1.0221813073433,0.9746072322493932,1.4918176968792545,66.77962024819352,1.4129368986878539
21,O-T2X-R,0.5562148196146194,42.44448263072792,0.9670818126361831,,0.0,0.0,1.0436290171099204e-07
21,ABL-FirstEdge-Reuse-R,0.8559801746256153,40.487674632205895,1.0023519822986824,,1.1850520996963032,65.53963438579956,1.1168974476732123
21,DBG-CurrentSpatial-R,0.9813995575452927,37.607625598119746,1.0200967737091826,,1.4918176968792545,66.77962024819352,1.4129366190769035
22,O-T2X-R,0.5562146559849199,42.444482822601145,0.9670817785889281,,0.0,0.0,1.0436290171099204e-07
22,ABL-FirstEdge-Reuse-R,0.9189443920829407,38.12993331043755,1.011232065221522,,1.1850520996963032,65.53963438579956,1.1168974476732123
22,DBG-CurrentSpatial-R,0.9778766101162425,37.349338581802755,1.0221813073433,,1.4918176968792545,66.77962024819352,1.4129366190769035
23,O-T2X-R,0.5562148196146194,42.44448263072792,0.9670817767437264,,0.0,0.0,3.544233933657623e-08
23,ABL-FirstEdge-Reuse-R,0.8559805018850142,40.487674387658224,1.0023519450972018,,1.1850520996963032,65.53963438579956,1.1168975874784535
23,DBG-CurrentSpatial-R,0.9813998848046915,37.6076254721232,1.0200967358491186,,1.4918176968792545,66.77962024819352,1.4129367588821446
24,O-T2X-R,0.5562140014661221,42.44448550882706,0.9670819179209246,,0.0,0.0,4.528958187738455e-07
24,ABL-FirstEdge-Reuse-R,0.9189437375641428,38.12993430512697,1.011232210914457,,1.1850520996963032,65.53963438579956,1.1168980049319328
24,DBG-CurrentSpatial-R,0.9778759555974448,37.34934060007133,1.022181454613743,,1.4918176968792545,66.77962024819352,1.4129369676088843
25,O-T2X-R,0.5562148196146194,42.44448263072792,0.9670817814537147,,0.0,0.0,4.528958187738455e-07
25,ABL-FirstEdge-Reuse-R,0.8559805018850142,40.487674387658224,1.0023519499789668,,1.1850520996963032,65.53963438579956,1.1168980049319328
25,DBG-CurrentSpatial-R,0.9813998848046915,37.6076254721232,1.0200967408173063,,1.4918176968792545,66.77962024819352,1.4129369676088843
26,O-T2X-R,0.5562146559849199,42.444482822601145,0.9670817785889281,,0.0,0.0,3.544233933657623e-08
26,ABL-FirstEdge-Reuse-R,0.9189443920829407,38.12993331043755,1.011232065221522,,1.1850520996963032,65.53963438579956,1.1168975874784535
26,DBG-CurrentSpatial-R,0.9778766101162425,37.349338581802755,1.0221813073433,,1.4918176968792545,66.77962024819352,1.4129367588821446
27,O-T2X-R,0.5562146559849199,42.444482822601145,0.9670817785889281,,0.0,0.0,0.0
27,ABL-FirstEdge-Reuse-R,0.8559803382553147,40.48767450993206,1.0023519470096995,,1.1850520996963032,65.53963438579956,1.1168975520361142
27,DBG-CurrentSpatial-R,0.9813997211749922,37.60762553512148,1.0200967377954735,,1.4918176968792545,66.77962024819352,1.4129367234398054
28,O-T2X-R,0.5562146559849199,42.444482822601145,0.9670817785889281,,0.0,0.0,0.0
28,ABL-FirstEdge-Reuse-R,0.9189443920829407,38.12993331043755,1.011232065221522,,1.1850520996963032,65.53963438579956,1.1168975520361142
28,DBG-CurrentSpatial-R,0.9778766101162425,37.349338581802755,1.0221813073433,,1.4918176968792545,66.77962024819352,1.4129367234398054
29,O-T2X-R,0.5562146559849199,42.444482822601145,0.9670817785889281,,0.0,0.0,0.0
29,ABL-FirstEdge-Reuse-R,0.8559803382553147,40.48767450993206,1.0023519470096995,,1.1850520996963032,65.53963438579956,1.1168975520361142
29,DBG-CurrentSpatial-R,0.9813997211749922,37.60762553512148,1.0200967377954735,,1.4918176968792545,66.77962024819352,1.4129367234398054
30,O-T2X-R,0.5562146559849199,42.444482822601145,0.9670817785889281,0.9910381763943763,0.0,0.0,0.0
30,ABL-FirstEdge-Reuse-R,0.9189443920829407,38.12993331043755,1.011232065221522,0.9769884952480349,1.1850520996963032,65.53963438579956,1.1168975520361142
30,DBG-CurrentSpatial-R,0.9778766101162425,37.349338581802755,1.0221813073433,0.9746072322493932,1.4918176968792545,66.77962024819352,1.4129367234398054
31,O-T2X-R,0.5562144923552205,42.44448301447437,0.9670818254910886,,0.0,0.0,1.0436336985931732e-07
31,ABL-FirstEdge-Reuse-R,0.8559801746256153,40.487674632205895,1.0023519956224154,,1.1850520996963032,65.53963438579956,1.116897656399484
31,DBG-CurrentSpatial-R,0.9813995575452927,37.607625598119746,1.020096787268788,,1.4918176968792545,66.77962024819352,1.412936827803175
32,O-T2X-R,0.5562146559849199,42.444482822601145,0.9670817785889281,,0.0,0.0,1.0436336985931732e-07
32,ABL-FirstEdge-Reuse-R,0.9189443920829407,38.12993331043755,1.011232065221522,,1.1850520996963032,65.53963438579956,1.116897656399484
32,DBG-CurrentSpatial-R,0.9778766101162425,37.349338581802755,1.0221813073433,,1.4918176968792545,66.77962024819352,1.412936827803175
33,O-T2X-R,0.5562144923552205,42.44448301447437,0.9670818254910886,,0.0,0.0,1.0436336985931732e-07
33,ABL-FirstEdge-Reuse-R,0.8559801746256153,40.487674632205895,1.0023519956224154,,1.1850520996963032,65.53963438579956,1.116897656399484
33,DBG-CurrentSpatial-R,0.9813995575452927,37.607625598119746,1.020096787268788,,1.4918176968792545,66.77962024819352,1.412936827803175
34,O-T2X-R,0.5562144923552205,42.44448301447437,0.9670818254910886,,0.0,0.0,0.0
34,ABL-FirstEdge-Reuse-R,0.9189442284532412,38.12993338148679,1.0112321142649119,,1.1850520996963032,65.53963438579956,1.1168975520361142
34,DBG-CurrentSpatial-R,0.977876446486543,37.34933864116358,1.0221813569177132,,1.4918176968792545,66.77962024819352,1.4129367234398054
35,O-T2X-R,0.5562149832443187,42.44448243885472,0.9670818174207044,,0.0,0.0,2.441686109068856e-07
35,ABL-FirstEdge-Reuse-R,0.8559803382553147,40.48767450993206,1.0023519872576985,,1.1850520996963032,65.53963438579956,1.1168975874789215
35,DBG-CurrentSpatial-R,0.9813997211749922,37.60762553512148,1.0200967787559891,,1.4918176968792545,66.77962024819352,1.4129367588826127
36,O-T2X-R,0.5562144923552205,42.44448301447437,0.9670818254910886,,0.0,0.0,2.441686109068856e-07
36,ABL-FirstEdge-Reuse-R,0.9189442284532412,38.12993338148679,1.0112321142649119,,1.1850520996963032,65.53963438579956,1.1168975874789215
36,DBG-CurrentSpatial-R,0.977876446486543,37.34933864116358,1.0221813569177132,,1.4918176968792545,66.77962024819352,1.4129367588826127
37,O-T2X-R,0.5562144923552205,42.44448301447437,0.9670818254910886,,0.0,0.0,0.0
37,ABL-FirstEdge-Reuse-R,0.8559801746256153,40.487674632205895,1.0023519956224154,,1.1850520996963032,65.53963438579956,1.1168975520361142
37,DBG-CurrentSpatial-R,0.9813995575452927,37.607625598119746,1.020096787268788,,1.4918176968792545,66.77962024819352,1.4129367234398054
38,O-T2X-R,0.5562146559849199,42.444482822601145,0.9670817785889281,,0.0,0.0,1.0436336985931732e-07
38,ABL-FirstEdge-Reuse-R,0.9189443920829407,38.12993331043755,1.011232065221522,,1.1850520996963032,65.53963438579956,1.116897656399484
38,DBG-CurrentSpatial-R,0.9778766101162425,37.349338581802755,1.0221813073433,,1.4918176968792545,66.77962024819352,1.412936827803175
39,O-T2X-R,0.5562148196146194,42.44448263072792,0.9670818126361831,,0.0,0.0,1.0436290171099204e-07
39,ABL-FirstEdge-Reuse-R,0.8559801746256153,40.487674632205895,1.0023519822986824,,1.1850520996963032,65.53963438579956,1.1168974476732123
39,DBG-CurrentSpatial-R,0.9813995575452927,37.607625598119746,1.0200967737091826,,1.4918176968792545,66.77962024819352,1.4129366190769035
40,O-T2X-R,0.5562146559849199,42.444482822601145,0.9670817785889281,0.9910381763943763,0.0,0.0,1.0436290171099204e-07
40,ABL-FirstEdge-Reuse-R,0.9189443920829407,38.12993331043755,1.011232065221522,0.9769884952480349,1.1850520996963032,65.53963438579956,1.1168974476732123
40,DBG-CurrentSpatial-R,0.9778766101162425,37.349338581802755,1.0221813073433,0.9746072322493932,1.4918176968792545,66.77962024819352,1.4129366190769035
41,O-T2X-R,0.5562148196146194,42.44448263072792,0.9670817833734491,,0.0,0.0,3.544233933657623e-08
41,ABL-FirstEdge-Reuse-R,0.8559805018850142,40.487674387658224,1.0023519519687154,,1.1850520996963032,65.53963438579956,1.1168975874784535
41,DBG-CurrentSpatial-R,0.9813998848046915,37.6076254721232,1.0200967428422796,,1.4918176968792545,66.77962024819352,1.4129367588821446
42,O-T2X-R,0.5562146559849199,42.444482822601145,0.9670817785889281,,0.0,0.0,3.544233933657623e-08
42,ABL-FirstEdge-Reuse-R,0.9189443920829407,38.12993331043755,1.011232065221522,,1.1850520996963032,65.53963438579956,1.1168975874784535
42,DBG-CurrentSpatial-R,0.9778766101162425,37.349338581802755,1.0221813073433,,1.4918176968792545,66.77962024819352,1.4129367588821446
43,O-T2X-R,0.5562148196146194,42.44448263072792,0.9670818126361831,,0.0,0.0,1.0436290171099204e-07
43,ABL-FirstEdge-Reuse-R,0.8559801746256153,40.487674632205895,1.0023519822986824,,1.1850520996963032,65.53963438579956,1.1168974476732123
43,DBG-CurrentSpatial-R,0.9813995575452927,37.607625598119746,1.0200967737091826,,1.4918176968792545,66.77962024819352,1.4129366190769035
44,O-T2X-R,0.5562144923552205,42.44448301447437,0.9670818219272029,,0.0,0.0,2.7961095024346184e-07
44,ABL-FirstEdge-Reuse-R,0.9189442284532412,38.12993338148679,1.0112321105383237,,1.1850520996963032,65.53963438579956,1.1168975520365823
44,DBG-CurrentSpatial-R,0.977876446486543,37.34933864116358,1.0221813531507749,,1.4918176968792545,66.77962024819352,1.4129367234402734
45,O-T2X-R,0.5562146559849199,42.444482822601145,0.9670817785889281,,0.0,0.0,1.752480485324698e-07
45,ABL-FirstEdge-Reuse-R,0.8559803382553147,40.48767450993206,1.0023519470096995,,1.1850520996963032,65.53963438579956,1.116897656399484
45,DBG-CurrentSpatial-R,0.9813997211749922,37.60762553512148,1.0200967377954735,,1.4918176968792545,66.77962024819352,1.412936827803175
46,O-T2X-R,0.5562146559849199,42.444482822601145,0.9670817785889281,,0.0,0.0,0.0
46,ABL-FirstEdge-Reuse-R,0.9189443920829407,38.12993331043755,1.011232065221522,,1.1850520996963032,65.53963438579956,1.1168975520361142
46,DBG-CurrentSpatial-R,0.9778766101162425,37.349338581802755,1.0221813073433,,1.4918176968792545,66.77962024819352,1.4129367234398054
47,O-T2X-R,0.5562146559849199,42.444482822601145,0.9670817785889281,,0.0,0.0,0.0
47,ABL-FirstEdge-Reuse-R,0.8559803382553147,40.48767450993206,1.0023519470096995,,1.1850520996963032,65.53963438579956,1.1168975520361142
47,DBG-CurrentSpatial-R,0.9813997211749922,37.60762553512148,1.0200967377954735,,1.4918176968792545,66.77962024819352,1.4129367234398054
48,O-T2X-R,0.5562146559849199,42.444482822601145,0.9670817785889281,,0.0,0.0,0.0
48,ABL-FirstEdge-Reuse-R,0.9189443920829407,38.12993331043755,1.011232065221522,,1.1850520996963032,65.53963438579956,1.1168975520361142
48,DBG-CurrentSpatial-R,0.9778766101162425,37.349338581802755,1.0221813073433,,1.4918176968792545,66.77962024819352,1.4129367234398054
49,O-T2X-R,0.5562146559849199,42.444482822601145,0.9670817785889281,,0.0,0.0,0.0
49,ABL-FirstEdge-Reuse-R,0.8559803382553147,40.48767450993206,1.0023519470096995,,1.1850520996963032,65.53963438579956,1.1168975520361142
49,DBG-CurrentSpatial-R,0.9813997211749922,37.60762553512148,1.0200967377954735,,1.4918176968792545,66.77962024819352,1.4129367234398054
50,O-T2X-R,0.5562146559849199,42.444482822601145,0.9670817785889281,0.9910381763943763,0.0,0.0,0.0
50,ABL-FirstEdge-Reuse-R,0.9189443920829407,38.12993331043755,1.011232065221522,0.9769884952480349,1.1850520996963032,65.53963438579956,1.1168975520361142
50,DBG-CurrentSpatial-R,0.9778766101162425,37.349338581802755,1.0221813073433,0.9746072322493932,1.4918176968792545,66.77962024819352,1.4129367234398054
51,O-T2X-R,0.5562146559849199,42.444482822601145,0.9670817785889281,,0.0,0.0,0.0
51,ABL-FirstEdge-Reuse-R,0.8559803382553147,40.48767450993206,1.0023519470096995,,1.1850520996963032,65.53963438579956,1.1168975520361142
51,DBG-CurrentSpatial-R,0.9813997211749922,37.60762553512148,1.0200967377954735,,1.4918176968792545,66.77962024819352,1.4129367234398054
52,O-T2X-R,0.5562148196146194,42.44448263072792,0.9670818126361831,,0.0,0.0,1.0436290171099204e-07
52,ABL-FirstEdge-Reuse-R,0.9189445557126401,38.129933239388315,1.01123210082314,,1.1850520996963032,65.53963438579956,1.1168976563990158
52,DBG-CurrentSpatial-R,0.977876773745942,37.349338522441926,1.0221813433303988,,1.4918176968792545,66.77962024819352,1.412936827802707
53,O-T2X-R,0.5562146559849199,42.444482822601145,0.9670817785889281,,0.0,0.0,1.0436290171099204e-07
53,ABL-FirstEdge-Reuse-R,0.8559803382553147,40.48767450993206,1.0023519470096995,,1.1850520996963032,65.53963438579956,1.1168976563990158
53,DBG-CurrentSpatial-R,0.9813997211749922,37.60762553512148,1.0200967377954735,,1.4918176968792545,66.77962024819352,1.412936827802707
54,O-T2X-R,0.5562148196146194,42.44448263072792,0.9670817814537147,,0.0,0.0,3.544233933657623e-08
54,ABL-FirstEdge-Reuse-R,0.9189442284532412,38.12993338148679,1.011232068217095,,1.1850520996963032,65.53963438579956,1.1168975165937747
54,DBG-CurrentSpatial-R,0.977876446486543,37.34933864116358,1.0221813103713078,,1.4918176968792545,66.77962024819352,1.4129366879974659
55,O-T2X-R,0.5562146559849199,42.444482822601145,0.9670817785889281,,0.0,0.0,3.544233933657623e-08
55,ABL-FirstEdge-Reuse-R,0.8559803382553147,40.48767450993206,1.0023519470096995,,1.1850520996963032,65.53963438579956,1.1168975165937747
55,DBG-CurrentSpatial-R,0.9813997211749922,37.60762553512148,1.0200967377954735,,1.4918176968792545,66.77962024819352,1.4129366879974659
56,O-T2X-R,0.5562146559849199,42.444482822601145,0.9670817785889281,,0.0,0.0,0.0
56,ABL-FirstEdge-Reuse-R,0.9189443920829407,38.12993331043755,1.011232065221522,,1.1850520996963032,65.53963438579956,1.1168975520361142
56,DBG-CurrentSpatial-R,0.9778766101162425,37.349338581802755,1.0221813073433,,1.4918176968792545,66.77962024819352,1.4129367234398054
57,O-T2X-R,0.5562146559849199,42.444482822601145,0.9670817785889281,,0.0,0.0,0.0
57,ABL-FirstEdge-Reuse-R,0.8559803382553147,40.48767450993206,1.0023519470096995,,1.1850520996963032,65.53963438579956,1.1168975520361142
57,DBG-CurrentSpatial-R,0.9813997211749922,37.60762553512148,1.0200967377954735,,1.4918176968792545,66.77962024819352,1.4129367234398054
58,O-T2X-R,0.5562146559849199,42.444482822601145,0.9670817785889281,,0.0,0.0,0.0
58,ABL-FirstEdge-Reuse-R,0.9189443920829407,38.12993331043755,1.011232065221522,,1.1850520996963032,65.53963438579956,1.1168975520361142
58,DBG-CurrentSpatial-R,0.9778766101162425,37.349338581802755,1.0221813073433,,1.4918176968792545,66.77962024819352,1.4129367234398054
59,O-T2X-R,0.5562144923552205,42.44448301447437,0.9670818254910886,,0.0,0.0,1.0436336985931732e-07
59,ABL-FirstEdge-Reuse-R,0.8559801746256153,40.487674632205895,1.0023519956224154,,1.1850520996963032,65.53963438579956,1.116897656399484
59,DBG-CurrentSpatial-R,0.9813995575452927,37.607625598119746,1.020096787268788,,1.4918176968792545,66.77962024819352,1.412936827803175
60,O-T2X-R,0.5562146559849199,42.444482822601145,0.9670817785889281,0.9910381763943763,0.0,0.0,1.0436336985931732e-07
60,ABL-FirstEdge-Reuse-R,0.9189443920829407,38.12993331043755,1.011232065221522,0.9769884952480349,1.1850520996963032,65.53963438579956,1.116897656399484
60,DBG-CurrentSpatial-R,0.9778766101162425,37.349338581802755,1.0221813073433,0.9746072322493932,1.4918176968792545,66.77962024819352,1.412936827803175
61,O-T2X-R,0.8303567454707299,40.364015398713555,0.9917587646908417,,1.2598632710231439,69.00644046497015,0.7994864734167076
61,ABL-FirstEdge-Reuse-R,0.9064993716619542,39.677311130708574,1.0075996992175034,,1.6643753599853388,71.56721253534401,1.2651652408843352
61,DBG-CurrentSpatial-R,0.9807707286103257,37.663857397751876,1.0212778159363745,,1.8577822285056027,71.60962535344015,1.4455895750417058
62,O-T2X-R,0.7103700322023249,40.60909336419785,0.9622519739763605,,1.2136244632945858,63.82760956644675,0.876965430572025
62,ABL-FirstEdge-Reuse-R,0.9356684927741125,38.235723318452045,1.0126446037315668,,1.5838626754110379,65.64242656299089,1.2753259404361403
62,DBG-CurrentSpatial-R,0.9823657909205152,37.54295846181669,1.0223985254430994,,1.6902630511048278,65.55936812755262,1.4255814857392954
63,O-T2X-R,0.7180058121269243,40.8092844210389,0.9580412693074916,,1.2170354880092156,65.78699340245052,0.7353897526142215
63,ABL-FirstEdge-Reuse-R,0.8917273732851607,39.89028859102018,1.0024031220049174,,1.6195362407058331,71.6035383286208,1.220524373636214
63,DBG-CurrentSpatial-R,0.9723491988689915,37.80467551459242,1.020513136126242,,1.8610178421824275,71.65635799560164,1.4416358791110306
64,O-T2X-R,0.7038199353335428,40.96956922899607,0.9617115707981141,,1.1637026782909206,64.3430431196984,0.7601858723758562
64,ABL-FirstEdge-Reuse-R,0.9248434063776312,38.36681639708273,1.012303937018401,,1.575658609540266,65.35805450832548,1.2415129436245245
64,DBG-CurrentSpatial-R,0.9722714747617551,37.64776344428294,1.022167887908269,,1.6708837312807623,65.26532555765002,1.4110578243764356
65,O-T2X-R,0.7143580152371977,40.83974051337161,0.9580518919671525,,1.2199040802701853,65.95679194156456,0.7306933164330591
65,ABL-FirstEdge-Reuse-R,0.8921626282856844,39.86706823110627,1.0027432703499193,,1.625458981306943,71.7499705466541,1.220415982486463
65,DBG-CurrentSpatial-R,0.9735934391035711,37.95863866755136,1.0221985763688235,,1.8637347497120118,71.81412975180648,1.4368510055231376
66,O-T2X-R,0.70018866504346,40.955489058746714,0.9616468096090242,,1.1734703895695884,64.46056196983977,0.7605454185725656
66,ABL-FirstEdge-Reuse-R,0.9234453542255734,38.415522842361256,1.0135828663041746,,1.5880959393653786,65.56354068488847,1.24737834263449
66,DBG-CurrentSpatial-R,0.9710579969106713,37.672254937060494,1.0236525927670528,,1.679556596240444,65.4602576185988,1.415071350156218
67,O-T2X-R,0.7147054010891193,40.93218299237601,0.9598366319462396,,1.229684881924809,66.0741144360666,0.7358506720392557
67,ABL-FirstEdge-Reuse-R,0.8909234605717876,39.95435857386071,1.0037226911909756,,1.6342714224002513,71.75095232485077,1.2229757511806876
67,DBG-CurrentSpatial-R,0.9783846803330192,37.81088015307789,1.0217574967061143,,1.864830741438894,71.82183671065033,1.4373477595662825
68,O-T2X-R,0.7085337797151534,40.821099239959686,0.9630577158960231,,1.1739223347994554,64.76255694313541,0.7610415908380139
68,ABL-FirstEdge-Reuse-R,0.9281501989737145,38.44620672852955,1.0140546743767955,,1.5778676104827731,65.51327364121897,1.2451076868972721
68,DBG-CurrentSpatial-R,0.9763851254058017,37.71536588743013,1.0233010259447428,,1.6765058841239922,65.4249136035187,1.4176913532733617
69,O-T2X-R,0.7150914035501099,40.93556396283455,0.9595666127375382,,1.2436853662687193,66.18132461514294,0.743458170153609
69,ABL-FirstEdge-Reuse-R,0.8903291575034035,39.9697671799568,1.0032935774894498,,1.6488917360456592,71.83116360351869,1.2271722061563655
69,DBG-CurrentSpatial-R,0.9783274099382134,37.87056202430134,1.0233356480196951,,1.8808502526442559,71.89105207351555,1.4444292428151027
70,O-T2X-R,0.7092254424547073,40.82306787262251,0.9619140411294338,0.9859385896152537,1.1814002120640905,64.79171575557649,0.766507598998928
70,ABL-FirstEdge-Reuse-R,0.930995883076762,38.2598614016228,1.013039222389058,0.9764695243851229,1.5800499397842707,65.39938737040528,1.2451580472422474
70,DBG-CurrentSpatial-R,0.9759420161797047,37.585555831374464,1.0222829243257336,0.9747833508720294,1.6859541902293433,65.30597117499215,1.4214596152393089
71,O-T2X-R,0.7141968399832443,41.00459906426394,0.9588705142054377,,1.2501849015603728,66.19428408733899,0.7409646648975067
71,ABL-FirstEdge-Reuse-R,0.8893894321394911,40.052675457583256,1.0027855911289387,,1.6656891428421825,71.88894125039272,1.228656927992871
71,DBG-CurrentSpatial-R,0.976028576290711,37.757932609828565,1.02225825377103,,1.8943677021154048,71.96031652529061,1.4394890827342735
72,O-T2X-R,0.7100465362865221,40.88912333423452,0.9615923344193428,,1.1931560241910149,64.98213163682061,0.7684262621091247
72,ABL-FirstEdge-Reuse-R,0.9282079602576186,38.24687241182697,1.0142231494895961,,1.5885308671065033,65.60050463399308,1.2496133899755373
72,DBG-CurrentSpatial-R,0.9770216449366426,37.54622802517305,1.0235305860286399,,1.6895851332600271,65.51960611058749,1.4230979227931702
73,O-T2X-R,0.7217722405487486,40.58110699440671,0.9608747052285124,,1.250411855953503,66.3237315425699,0.749153624674609
73,ABL-FirstEdge-Reuse-R,0.8988830636715887,39.678316112228835,1.0040106492890102,,1.6580950884909416,71.92595428840717,1.2324119909375642
73,DBG-CurrentSpatial-R,0.9758914546025762,37.852833037955726,1.0234501075314464,,1.883994397319091,71.98662818096136,1.4398165126561422
74,O-T2X-R,0.7157478859042832,40.589119455964806,0.9612872702671059,,1.1910635275945125,64.98458608231228,0.7700465903872875
74,ABL-FirstEdge-Reuse-R,0.9373769504660174,38.096872371320366,1.0129465981943426,,1.5812410003665305,65.48303487276155,1.2533159234653193
74,DBG-CurrentSpatial-R,0.9858825204209865,37.36992668493511,1.0228903642684193,,1.684027450518379,65.38407163053724,1.4238876988218605
75,O-T2X-R,0.7212507526966174,40.50091013638447,0.9597490679496236,,1.2563845036129437,66.40355010995916,0.7509971123050045
75,ABL-FirstEdge-Reuse-R,0.8976736765629909,39.59239661336926,1.0027320747191988,,1.6736750903235942,71.91181668237512,1.2419105475984966
75,DBG-CurrentSpatial-R,0.9847032411770866,37.538877787434274,1.0223867229040065,,1.9048714197821761,71.97553408733899,1.457968255152099
76,O-T2X-R,0.714544225835166,40.65983398185904,0.9608240951408666,,1.1996009071630538,65.02552623311342,0.7679359628078084
76,ABL-FirstEdge-Reuse-R,0.9375752696617446,38.14496845721732,1.0145181550021019,,1.5900267698188293,65.44715087967326,1.2546686272377379
76,DBG-CurrentSpatial-R,0.985634130537229,37.43496321901708,1.0233179549729288,,1.6945452403393026,65.35795633050581,1.433060372764601
77,O-T2X-R,0.7218821997067756,40.42513298821008,0.960091908706189,,1.2741967418054247,66.62135760289036,0.7564149491661271
77,ABL-FirstEdge-Reuse-R,0.8998209891088073,39.47431553956473,1.0022087724135047,,1.6865149492093412,72.04254044926171,1.2444269933403673
77,DBG-CurrentSpatial-R,0.9875823057388208,37.287542574680316,1.0218191509853793,,1.918568371033616,72.09702913917688,1.4587589344827847
78,O-T2X-R,0.7086371936852026,41.073322932072315,0.9611978627642184,,1.2101705675987013,65.06455191643103,0.7689687600765147
78,ABL-FirstEdge-Reuse-R,0.9288698423918735,38.22206148371515,1.0138734777793943,,1.5925307951094356,65.31544533459001,1.2493688767832363
78,DBG-CurrentSpatial-R,0.9788061904387894,37.48366134767928,1.02378697937111,,1.694797720965546,65.20136270813698,1.4257843293492751
79,O-T2X-R,0.7270766245156561,40.207621595129524,0.9606566961609897,,1.2609905160226202,66.61369973295633,0.752021050987987
79,ABL-FirstEdge-Reuse-R,0.9048899099382134,39.359263916777195,1.004107064737194,,1.6802068606660383,72.07847353125982,1.2409350806931774
79,DBG-CurrentSpatial-R,0.9878436223688344,37.5116192089394,1.0221965377562148,,1.9098914153314483,72.12407712849513,1.4550922751722801
80,O-T2X-R,0.715010897737983,40.466617386696804,0.9603417309440279,0.9857228207260861,1.2161734867525396,65.22497447376688,0.7778728298332918
80,ABL-FirstEdge-Reuse-R,0.9239833686773484,38.366255942658796,1.0129545215164233,0.9769898796760539,1.5881111569274269,65.21608938108703,1.2476113366307482
80,DBG-CurrentSpatial-R,0.9730817690334066,37.57019097492276,1.0224986625522525,0.9750930632689024,1.6836813737040528,65.10617931196984,1.4215069771605038
81,O-T2X-R,0.7267861817991412,40.27266515554824,0.9608695957962229,,1.2954839839250183,66.75168865849828,0.7661186725027307
81,ABL-FirstEdge-Reuse-R,0.9020816970363389,39.51336321324729,1.003310850007594,,1.7033391912765734,72.11862825950361,1.2424319659038194
81,DBG-CurrentSpatial-R,0.9956819758613468,37.22047297287248,1.0230854579893702,,1.9333421693371033,72.18916902293434,1.4531756933210895
82,O-T2X-R,0.7100792622264112,40.91430931883875,0.9610838337118741,,1.2244492224316683,65.38878416588125,0.7814409360994137
82,ABL-FirstEdge-Reuse-R,0.9286353610325688,38.13010873454489,1.0129766426656557,,1.5987009438161064,65.39020774426642,1.2594606739674565
82,DBG-CurrentSpatial-R,0.9786882134254896,37.4267001531492,1.0227040789896047,,1.7145674612524873,65.30066957273013,1.440311617461278
83,O-T2X-R,0.7205348727615457,40.60570911832297,0.9609444421477,,1.2857303448005026,66.84147227458372,0.7514034158793933
83,ABL-FirstEdge-Reuse-R,0.8994773667399728,39.65067335551976,1.001635389017955,,1.707555437742172,72.187205466541,1.2303652099325804
83,DBG-CurrentSpatial-R,0.9806072625405802,37.67702929105666,1.0219717800153587,,1.9349184142318567,72.24139962299716,1.439909622774723
84,O-T2X-R,0.707731994187873,41.01932286721086,0.9605202508918329,,1.2356259490522568,65.37513744894753,0.7836913364905158
84,ABL-FirstEdge-Reuse-R,0.9216128652214891,38.69224144938724,1.0135333197643102,,1.5974378861660907,65.31328542255733,1.2533303932214528
84,DBG-CurrentSpatial-R,0.9723385629385276,37.84357650946244,1.0230609420399197,,1.6928639451775056,65.21378220232485,1.4263659210875923
85,O-T2X-R,0.7210061262959472,40.60316233538235,0.9615261867624321,,1.2980652424337626,66.89144478479422,0.7550635048068599
85,ABL-FirstEdge-Reuse-R,0.8972248402974133,39.688610665408476,1.0040590318448155,,1.708315170436695,72.09094211435753,1.2283699873108926
85,DBG-CurrentSpatial-R,0.9830492721750969,37.632622539122565,1.0224063947521733,,1.9333019164310399,72.15323594093623,1.437488443711951
86,O-T2X-R,0.7137375314169023,40.6949786350377,0.9585942200107666,,1.2416822114881139,65.50325950361294,0.7818068193425952
86,ABL-FirstEdge-Reuse-R,0.9352707089747617,38.143367737516606,1.0104147721075132,,1.6056013718714002,65.57463477851084,1.256887671625358
86,DBG-CurrentSpatial-R,0.9843694365902189,37.42323105511949,1.0199028920803972,,1.7049465258142213,65.47537700282751,1.4287386711132093
87,O-T2X-R,0.7242888653262122,40.62301236726307,0.9594449077525972,,1.3030394216671903,67.13031142004398,0.7617025067889024
87,ABL-FirstEdge-Reuse-R,0.9031567441616923,39.68930082177128,1.002972638108486,,1.7258852366739972,72.37251610116242,1.2445654009773441
87,DBG-CurrentSpatial-R,0.9863716095926275,37.64692657916721,1.0222538353350707,,1.94895342444235,72.42445216776626,1.4490469728906363
88,O-T2X-R,0.71806897319091,40.46378226024548,0.9593586245852568,,1.2490201853597236,65.49069274269557,0.7837359667252989
88,ABL-FirstEdge-Reuse-R,0.9438787765734632,38.06888500125231,1.0129886666783634,,1.6134878324955493,65.41372133207666,1.2665933845987811
88,DBG-CurrentSpatial-R,0.9935405539847104,37.32886516524011,1.0213783900091968,,1.7166640485914755,65.30921104304116,1.4394643443382626
89,O-T2X-R,0.7234856071316368,40.60639455291947,0.9612665445909012,,1.3175684299403079,67.13585846685517,0.7636271033227441
89,ABL-FirstEdge-Reuse-R,0.903068711383391,39.703065792239705,1.0042033044550251,,1.737072762854749,72.30393889412504,1.2492350548763265
89,DBG-CurrentSpatial-R,0.984672478793591,37.81363953914389,1.0235597754811123,,1.9668276782909204,72.36034205152372,1.4601370261789557
90,O-T2X-R,0.7212283354277935,40.332746392636814,0.956287296821107,0.9858409768301818,1.2542787530107864,65.63093975808985,0.7834052275198866
90,ABL-FirstEdge-Reuse-R,0.9456098151638915,37.83906490322223,1.0071898414990386,0.9760960265155114,1.6183242355220442,65.50802112786678,1.2642359167147232
90,DBG-CurrentSpatial-R,0.9964567624882187,37.111028325545405,1.016305161709389,0.97416587924658,1.7216910802178238,65.40773248507698,1.442253764271543
91,O-T2X-R,0.7271329131322651,40.54206742913997,0.9572557618552381,,1.3334570373861137,67.26461867734841,0.7655353992222976
91,ABL-FirstEdge-Reuse-R,0.9063864671693371,39.65229779049891,1.0002168213744933,,1.751613225206828,72.38007579327679,1.2482195739011113
91,DBG-CurrentSpatial-R,0.9927471135721018,37.27434156611303,1.0198882921724115,,1.9814751544664362,72.45012566760917,1.4629776000298917
92,O-T2X-R,0.7161176890250288,40.6869889672685,0.9581251135228084,,1.2747480102628548,65.88949104618284,0.7922194178161152
92,ABL-FirstEdge-Reuse-R,0.9386467169337104,38.07220496333405,1.009673297441123,,1.6315517331657765,65.62833804586867,1.2656848464169057
92,DBG-CurrentSpatial-R,0.990168636768248,37.31678801904734,1.0190448650493205,,1.7275189155932558,65.50208136977695,1.4442719472575425
93,O-T2X-R,0.7272649622997173,40.10342784328515,0.9585452717948825,,1.3393157987747408,67.37236883443293,0.7705562340965225
93,ABL-FirstEdge-Reuse-R,0.9071080741438894,39.30634389154587,1.001077616175516,,1.7557692559430307,72.46421418473139,1.254321742831357
93,DBG-CurrentSpatial-R,0.9964137278772647,37.37882389662801,1.0199715550869246,,1.9890440098439628,72.52307178762175,1.4692011592637875
94,O-T2X-R,0.7103816499109854,41.09881501769333,0.9591594014294375,,1.2760040318357944,65.75351476594408,0.7888581752894429
94,ABL-FirstEdge-Reuse-R,0.9324878586763011,38.49419423534317,1.0114795024035477,,1.638330747984082,65.39285854539743,1.2661430661705244
94,DBG-CurrentSpatial-R,0.9853304338150591,37.63737620672738,1.0221343271703425,,1.7395280264949209,65.3023876845743,1.4482411279734264
95,O-T2X-R,0.7332492276678186,40.23073749008262,0.9587616050788386,,1.3477239108807204,67.36849081055608,0.7713057656907027
95,ABL-FirstEdge-Reuse-R,0.9134749057492931,39.31043340414717,1.0004375958729435,,1.766952200492198,72.50412346842602,1.254262663551644
95,DBG-CurrentSpatial-R,1.0088569483715573,37.09817741931699,1.019211775088843,,1.9982902332704995,72.55812126924285,1.4722586697541258
96,O-T2X-R,0.7187182558383077,40.5804976145292,0.9575297019949144,,1.2893571970887003,65.96562794533459,0.795414064339755
96,ABL-FirstEdge-Reuse-R,0.9412206121059797,38.05420735653337,1.0098508200566165,,1.6480855325164938,65.55843543826579,1.2748705204988224
96,DBG-CurrentSpatial-R,0.9921069941878731,37.30239288581133,1.0206673605793266,,1.7594465061786575,65.44504005655043,1.4625304099914953
97,O-T2X-R,0.728933657974657,40.34846021542299,0.9613700458780191,,1.3532524675358677,67.56533733898837,0.770337075868986
97,ABL-FirstEdge-Reuse-R,0.9054881401193843,39.50188378552033,1.0037004652072394,,1.7695830387998743,72.55900486961986,1.2489581647467722
97,DBG-CurrentSpatial-R,0.9915508168394597,37.62245712685526,1.0220603369174994,,1.9971348439627186,72.61987511781338,1.4593074561840498
98,O-T2X-R,0.7213067140538276,40.6658667893429,0.9609835229455281,,1.2923792740077495,65.96076814326108,0.7997685569994786
98,ABL-FirstEdge-Reuse-R,0.9456405775473872,38.08237595773842,1.013074793069761,,1.6443276128390407,65.43001885014138,1.275722266832016
98,DBG-CurrentSpatial-R,0.9970024675358676,37.35439164264656,1.0222913065617523,,1.745255884123992,65.33591540999058,1.4488666445777603
99,O-T2X-R,0.7267163119174783,40.54081757401984,0.9619345351051511,,1.36183959053304,67.48218072573044,0.7729367269591337
99,ABL-FirstEdge-Reuse-R,0.9051060647711803,39.598645676824844,1.0039337827412405,,1.7794594001989736,72.54324732956331,1.247231338111414
99,DBG-CurrentSpatial-R,0.9924892331657765,37.684273228812984,1.0227591291101328,,2.009217588229134,72.60632657869934,1.458773486851005
100,O-T2X-R,0.7266042255733585,40.509702890186176,0.9574529694156712,0.9854582680801789,1.3086871007435334,66.07362354696828,0.7987170778752717
100,ABL-FirstEdge-Reuse-R,0.939228747774636,38.205041423548174,1.0091403145289795,0.9765799103968699,1.6557897096554612,65.46580466540999,1.2663401340329017
100,DBG-CurrentSpatial-R,0.9893822324327155,37.44473709648326,1.0193607609416417,0.9746780577214286,1.7537881911718505,65.36713595664467,1.4438127167302
101,O-T2X-R,0.7303122381924809,40.287171203555104,0.9602558898828226,,1.3775364239710965,67.63803801445178,0.7789439473017065
101,ABL-FirstEdge-Reuse-R,0.9069730796418474,39.4228987956942,1.0026385596919822,,1.7946561812755262,72.61953149544455,1.250828022390377
101,DBG-CurrentSpatial-R,0.9995009294166929,37.28548431146101,1.0212976461481822,,2.022348707979893,72.68000903235941,1.4606703373586845
102,O-T2X-R,0.724523019426118,40.68764420367942,0.9575802636112513,,1.3118554626138863,66.0573751178134,0.807411575688127
102,ABL-FirstEdge-Reuse-R,0.9411793774217195,38.2182053858707,1.0107995964323655,,1.6534931668237511,65.41038328620799,1.2709486596500474
102,DBG-CurrentSpatial-R,0.9929599958110797,37.43157940879239,1.020382149174425,,1.7530243677348414,65.30867106503298,1.450523004860641
103,O-T2X-R,0.7398986477641638,40.164235814185325,0.9596698766755151,,1.3812869803120746,67.6684240496387,0.7824490677903866
103,ABL-FirstEdge-Reuse-R,0.9175942834328202,39.30169065262612,1.0012189105399842,,1.796614992407582,72.59670515237198,1.2517007380620668
103,DBG-CurrentSpatial-R,1.0036862498690962,37.290175055332725,1.0206476831163094,,2.022250039271128,72.65330466540999,1.4590121364724529
104,O-T2X-R,0.7299200178029113,40.36054626033943,0.9570061659208579,,1.3164529662791915,66.12855403707194,0.8107324749877091
104,ABL-FirstEdge-Reuse-R,0.9459554010891192,38.12914800318476,1.0094634524674362,,1.6555719185255,65.39860194784795,1.2772262104448988
104,DBG-CurrentSpatial-R,0.9978096528432296,37.36720656821917,1.0181080864180312,,1.7505637043145879,65.29011545711593,1.4505378235734243
105,O-T2X-R,0.7317284532411771,40.410538743548436,0.9586542572135787,,1.3920107799245995,67.85883993088282,0.7807962598957056
105,ABL-FirstEdge-Reuse-R,0.9107288721332076,39.526039153082536,1.0003821545237093,,1.806510662111216,72.72168551680804,1.2511141938684631
105,DBG-CurrentSpatial-R,1.0023137239501518,37.38478807594862,1.0194870572367023,,2.0377717889307783,72.79085179076344,1.464700574323212
106,O-T2X-R,0.7309068685202639,40.48177892312847,0.9572232930389036,,1.325079851293329,66.352595821552,0.811652706661228
106,ABL-FirstEdge-Reuse-R,0.9596158629175829,37.81404330870048,1.011520820365913,,1.6764626858833385,65.73795358152687,1.2908505282053466
106,DBG-CurrentSpatial-R,1.0108857930149755,37.108058002911086,1.021970831386252,,1.782915423080951,65.64075754005655,1.4720870688708017
107,O-T2X-R,0.7424548709288931,40.119653318436946,0.9595169705770007,,1.3925021599120326,67.87661011624255,0.7911162866453868
107,ABL-FirstEdge-Reuse-R,0.9196746714315636,39.33611320979032,1.0016143593394913,,1.8126752474081056,72.72090009425071,1.263968112385073
107,DBG-CurrentSpatial-R,1.0095193213949105,37.21077710650783,1.0189423590050761,,2.0488829000418893,72.7798067860509,1.4803998572245693
108,O-T2X-R,0.736742067232171,40.24220082013019,0.9564817003442478,,1.333594322703948,66.36688069431355,0.8229865331501482
108,ABL-FirstEdge-Reuse-R,0.9622956265053932,37.924909741991996,1.0094792390559164,,1.6798990732013823,65.51018103989946,1.2961140367950035
108,DBG-CurrentSpatial-R,1.0138743258456382,37.20483203944144,1.020807643553416,,1.7834061485495862,65.41283773169965,1.4796912088189094
109,O-T2X-R,0.7408737171431563,40.25685724172434,0.9587889886635997,,1.4086803919258561,68.03055293748037,0.7885848291177903
109,ABL-FirstEdge-Reuse-R,0.9213222588752749,39.34732344687989,1.0008780594431441,,1.8306736961985548,72.9700754005655,1.2695297392154246
109,DBG-CurrentSpatial-R,1.0137424403078856,37.29044753259369,1.0198443679124758,,2.0735487681956224,73.01813344329248,1.4932129551969326
110,O-T2X-R,0.7324255157608126,40.50627594665641,0.9570439299915364,0.9853139299083153,1.3453622434286312,66.57663760603204,0.820498344816058
110,ABL-FirstEdge-Reuse-R,0.9567297622787726,38.16129772688531,1.0114220613310319,0.975681759574319,1.6884701604880092,65.76151625824693,1.2961366191433823
110,DBG-CurrentSpatial-R,1.008731444392083,37.366695957443085,1.0219138303476194,0.9737480965656009,1.7849622669913079,65.63918669494187,1.4820222942471069
111,O-T2X-R,0.7435521716933711,40.32844323250057,0.960631966645245,,1.4210877775159703,68.09677387684575,0.7942538333185979
111,ABL-FirstEdge-Reuse-R,0.9234527175620484,39.460342436761245,1.0028061285353218,,1.8452259398889936,72.84921850455545,1.271695111904023
111,DBG-CurrentSpatial-R,1.0146631846266625,37.2151515967597,1.02135389011688,,2.085964989789507,72.90336357210178,1.490299463261737
112,O-T2X-R,0.7350269007225888,40.52169708955055,0.9561970762231582,,1.3477695635668656,66.55459668551681,0.8281623837210652
112,ABL-FirstEdge-Reuse-R,0.9678492185045554,37.71841581242848,1.0080116157238055,,1.6948167020106817,65.59809927741125,1.3114083418465199
112,DBG-CurrentSpatial-R,1.0210224892658917,37.00812963068804,1.0186281067263414,,1.8071601083883129,65.4904472981464,1.4946172460572202
113,O-T2X-R,0.7451055084302021,40.271795277449186,0.9565552091642832,,1.4202737197612316,68.08941054037072,0.7933449725261145
113,ABL-FirstEdge-Reuse-R,0.92571342548958,39.34080424840609,0.9990876685820566,,1.8476144426117918,72.94474552309143,1.270607533505461
113,DBG-CurrentSpatial-R,1.0116044546549376,37.31209211756375,1.0188273170980506,,2.0909939849722483,73.0020322808671,1.4953520619191354
114,O-T2X-R,0.7386832063566866,40.38409125224714,0.9557715443516812,,1.3581525225154467,66.67187009110901,0.8202353596186398
114,ABL-FirstEdge-Reuse-R,0.9638599264320872,38.072660779303,1.0072649003508936,,1.6989198803539638,65.70727301288093,1.295380495160969
114,DBG-CurrentSpatial-R,1.0143369070059691,37.31845329010972,1.01781130291217,,1.7868734618808253,65.59309220860823,1.4817564670665953
115,O-T2X-R,0.7392701460885956,40.48571172484043,0.9578416292675849,,1.4375597248402974,68.22460139805216,0.796766795461311
115,ABL-FirstEdge-Reuse-R,0.919218471829511,39.589890832455154,1.0003883565672183,,1.8570285501099593,72.9593740182218,1.2728864062967513
115,DBG-CurrentSpatial-R,1.01286554874856,37.315055186402645,1.0203046651659577,,2.093771271860928,73.01857524348098,1.4903480897224537
116,O-T2X-R,0.7346816420567599,40.55742046409013,0.9561041163517003,,1.3610232419625092,66.7696061105875,0.8194475780446592
116,ABL-FirstEdge-Reuse-R,0.9562671811184417,38.22354896716924,1.0079027982544562,,1.6946344185255,65.91766808042728,1.2924978815624506
116,DBG-CurrentSpatial-R,1.0067855600062834,37.47103469940075,1.0185146745349685,,1.796649191014766,65.80554901036759,1.4772269377534366
117,O-T2X-R,0.7405050594303069,40.399721011700834,0.9576462975548533,,1.4385683383076762,68.21051288092994,0.8028273525747593
117,ABL-FirstEdge-Reuse-R,0.9199384425070688,39.46024138544939,0.9999298646199393,,1.8579366949418787,73.00438854853911,1.2711082147643558
117,DBG-CurrentSpatial-R,1.0069215362865223,37.60942696627776,1.0196723037514113,,2.0927945661849408,73.07070766572416,1.4840852573268206
118,O-T2X-R,0.7415981058225992,40.05886197078777,0.9566603425926699,,1.381028609016651,66.85934063776313,0.8222948891776074
118,ABL-FirstEdge-Reuse-R,0.9679367603937585,37.90338956224397,1.0089286514272917,,1.7135095952455754,65.91369187873076,1.2978438510997803
118,DBG-CurrentSpatial-R,1.0194756977170385,37.17337634726703,1.019059938470203,,1.8086576473976332,65.79474945020422,1.4799348494038864
119,O-T2X-R,0.7501793381505917,40.068428070786986,0.9569728859024706,,1.4542592810765524,68.26652332704995,0.8044409225652994
119,ABL-FirstEdge-Reuse-R,0.931398903026495,39.27667315707461,0.9987354478472379,,1.880222896376584,73.0732602890355,1.2814499896241776
119,DBG-CurrentSpatial-R,1.0205410906901247,37.23965928832197,1.017846926436301,,2.1181334432924914,73.12877984605718,1.4984447926901716
120,O-T2X-R,0.7400176065556603,40.40934274052404,0.9570273509946126,0.9853400750145477,1.3803122381924808,66.91152214891612,0.8330910540968262
120,ABL-FirstEdge-Reuse-R,0.9585493245366007,38.21350027358386,1.0091890074116268,0.9759446004851164,1.7101268784689496,65.93681275526234,1.3019826459851405
120,DBG-CurrentSpatial-R,1.0130735220965545,37.399652694663764,1.020586088810455,0.9738118269218922,1.8121295423604566,65.82739357524348,1.487862626368053
121,O-T2X-R,0.7440208071525815,40.31229936004778,0.9592332529753931,,1.4717184063776312,68.43426013195099,0.804230654689194
121,ABL-FirstEdge-Reuse-R,0.9268341253010787,39.37658462724034,1.0007713408315557,,1.8940649871714315,73.18213949104619,1.2729872657033516
121,DBG-CurrentSpatial-R,1.0162296117394491,37.49048440701899,1.0211200073583244,,2.127666509582155,73.23643182532203,1.4890431147972558
122,O-T2X-R,0.7325930725730443,40.536408938927835,0.9568877261618505,,1.3955911613781549,67.01995955073829,0.8281873641770592
122,ABL-FirstEdge-Reuse-R,0.9530872015394282,38.25939480568617,1.0103714535780914,,1.717672498429155,65.80064011938423,1.2985900127321617
122,DBG-CurrentSpatial-R,1.0061236778720284,37.456515168483506,1.0206101780364614,,1.8119894753377317,65.67349984291549,1.4816498868982564
123,O-T2X-R,0.7446429272698711,40.24548923836992,0.9567517317164607,,1.4644722287674101,68.41928801445178,0.8025291100355638
123,ABL-FirstEdge-Reuse-R,0.9260308671065033,39.36118326092135,0.9988176833048452,,1.883124705466541,73.11361137291863,1.2682819082672634
123,DBG-CurrentSpatial-R,1.0154589158550633,37.37428315878187,1.0183661351325821,,2.1182618926065557,73.17433435438265,1.4826022001521728
124,O-T2X-R,0.7301055738820819,40.607372191182804,0.9573792872417836,,1.393207894805739,67.030660933082,0.8220691065062592
124,ABL-FirstEdge-Reuse-R,0.9517338202953188,38.47798694232214,1.0094261948704257,,1.717578738611373,65.95468111844173,1.2923268654056015
124,DBG-CurrentSpatial-R,1.0029137540580166,37.64057787693977,1.0198044226388245,,1.8109271913289349,65.83662229029218,1.4766798305364417
125,O-T2X-R,0.7403265394282124,40.5502100665126,0.9586458753942222,,1.482567219080532,68.53405788564247,0.8075572800266629
125,ABL-FirstEdge-Reuse-R,0.9244871845219395,39.56399175574886,0.9998703683857778,,1.89239972772018,73.20113689915175,1.2672524123231697
125,DBG-CurrentSpatial-R,1.014762998743324,37.467255718842495,1.0197431119284006,,2.1220171942088175,73.25434927741125,1.4778045523685541
126,O-T2X-R,0.734694568803016,40.601298161960116,0.9580788088201633,,1.4016143706147242,66.97990300031417,0.8245834255567043
126,ABL-FirstEdge-Reuse-R,0.9563892488742277,38.324614653330734,1.009716217671307,,1.7233578123363702,65.77688108702482,1.2962147532396682
126,DBG-CurrentSpatial-R,1.0108969198345377,37.477708190266526,1.0200350904366209,,1.8227409283694627,65.66142397109645,1.4815420001170279
127,O-T2X-R,0.7446818711383391,40.18693683314395,0.9583888390149191,,1.4842519504660174,68.53739593151116,0.8147302282453309
127,ABL-FirstEdge-Reuse-R,0.925960506335742,39.30505781462359,1.0001967302303898,,1.9036775774950256,73.21674717247879,1.2805285757613825
127,DBG-CurrentSpatial-R,1.01944280814745,37.2149121755602,1.0180732733411078,,2.1367916470311026,73.26946866163996,1.4951782080026808
128,O-T2X-R,0.7351285147659441,40.38206301715729,0.9557720311309746,,1.4118188095612105,67.17935124096765,0.8252405159745366
128,ABL-FirstEdge-Reuse-R,0.9557337482982511,38.29553292049413,1.009340840810144,,1.7292468452193948,66.12256519007225,1.2920019620730758
128,DBG-CurrentSpatial-R,1.0073865718923447,37.48679091349561,1.0181743129682728,,1.8187351096973505,66.0109370091109,1.4755463445318633
129,O-T2X-R,0.7452285579641847,40.35560945167176,0.9573692028956224,,1.4965338320766572,68.72486647816525,0.8132176022450263
129,ABL-FirstEdge-Reuse-R,0.9268445976018431,39.3751341057716,1.000275102507908,,1.920902712325898,73.19863336475024,1.2798478391436678
129,DBG-CurrentSpatial-R,1.0234083739134987,37.24046384342542,1.0190313462210354,,2.1509636153000313,73.25277843229657,1.4929269799526677
130,O-T2X-R,0.7393380524138653,40.31238297427755,0.956009185274684,0.9853265771874734,1.4230321892344748,67.23678526547282,0.8356452670611647
130,ABL-FirstEdge-Reuse-R,0.9654662791915384,38.135073779640706,1.006885322082383,0.9753009969766526,1.7431102078751701,66.08270499528747,1.3079172573179625
130,DBG-CurrentSpatial-R,1.0191783825531469,37.31806135563981,1.0190894321228243,0.9733310925388602,1.8538524976437323,65.98114004084196,1.4989564688646
131,O-T2X-R,0.7464844159074249,40.27335305973513,0.9571039624781137,,1.5107489985862395,68.70341462456801,0.8176521487445391
131,ABL-FirstEdge-Reuse-R,0.9297634241805425,39.32582489305196,0.9983297502152216,,1.9373762959472196,73.33637684574302,1.2837381996131
131,DBG-CurrentSpatial-R,1.027140603728139,37.11099281280242,1.0158417571962959,,2.1760385577023773,73.39709982720703,1.503959280866404
132,O-T2X-R,0.7382888587810242,40.60284402971959,0.9560754887541887,,1.4361078385171222,67.24277411247252,0.8300796643708532
132,ABL-FirstEdge-Reuse-R,0.9587181903864279,38.16667839310354,1.0072320512785191,,1.7474553945439313,66.0069608074144,1.3004110235431499
132,DBG-CurrentSpatial-R,1.0129046562467274,37.365250813925165,1.0185481810665071,,1.840668361870353,65.89003102419102,1.4892662528554106
133,O-T2X-R,0.748016480783328,40.20861344090064,0.9588912147736062,,1.5184711749921458,68.73713870562362,0.8192580383673587
133,ABL-FirstEdge-Reuse-R,0.9308399439731909,39.31426377678827,1.001072677419636,,1.9448533550633573,73.35679783223374,1.283556158511431
133,DBG-CurrentSpatial-R,1.0229703372080847,37.302244613744804,1.0199297075287577,,2.17264733218138,73.42782948476281,1.4925808014021031
134,O-T2X-R,0.7397965428317101,40.458503642938055,0.9566415347667184,,1.4415966331553043,67.45150015708451,0.8383889512225642
134,ABL-FirstEdge-Reuse-R,0.9617311040423081,38.24530227915417,1.009214685621002,,1.7562571997067755,66.21254516179704,1.3084875266199059
134,DBG-CurrentSpatial-R,1.0142171300659755,37.452720041262936,1.0200357800852657,,1.8565145892240025,66.10258600377003,1.4922548610825903
135,O-T2X-R,0.7474992473033826,40.13186534398322,0.9593484129510464,,1.541310444810975,68.81681000628338,0.8275716942504746
135,ABL-FirstEdge-Reuse-R,0.9322073973714525,39.23895520775946,1.000413177742371,,1.9577928644360667,73.30363454288407,1.2895143339157917
135,DBG-CurrentSpatial-R,1.0247138116556707,37.23974848303455,1.0195015827534673,,2.1850017017488743,73.36646834747094,1.496907070691882
136,O-T2X-R,0.7368674075819458,40.622113556640365,0.9570969492321172,,1.4523480861870353,67.41006911718505,0.8421950925265047
136,ABL-FirstEdge-Reuse-R,0.9582757356791287,38.44514191967946,1.0083040829092897,,1.7640623363703005,66.10204602576187,1.3123996099659034
136,DBG-CurrentSpatial-R,1.011582855534611,37.57064069281107,1.0191265793009043,,1.8696131466645722,66.00377002827521,1.4984038622206604
137,O-T2X-R,0.7430854997905539,40.234896653228205,0.9595913111113396,,1.5424365444025552,68.95327717562049,0.8179149892041884
137,ABL-FirstEdge-Reuse-R,0.9272679076343072,39.28619032884129,1.0014115955622216,,1.9703162634830873,73.53008168394595,1.2836701785208686
137,DBG-CurrentSpatial-R,1.0247041575034035,37.29628339772495,1.0207732559027485,,2.2016619868572627,73.57956330505813,1.4956109812252336
138,O-T2X-R,0.7373285160749816,40.56365972867028,0.9568467587175515,,1.4658265917897162,67.54972706566133,0.8403850577464734
138,ABL-FirstEdge-Reuse-R,0.9652475062833804,38.207025477745795,1.0087643275724432,,1.7722300764477956,66.10700400565504,1.3132833405709736
138,DBG-CurrentSpatial-R,1.017875890145565,37.37912829152581,1.0204593835094882,,1.8732967784584773,65.98688344329248,1.4990460275189892
139,O-T2X-R,0.7541187231647293,39.948262134215504,0.9584523323650783,,1.5539636022096555,68.95470075400566,0.8243425148184037
139,ABL-FirstEdge-Reuse-R,0.9378218596188083,39.085610924753816,0.9998696140997704,,1.9797524609906796,73.50627356267671,1.2900282876664657
139,DBG-CurrentSpatial-R,1.0306556969316159,37.063195113543706,1.018708580816205,,2.2076473976332602,73.56032045240339,1.4970890488059494
140,O-T2X-R,0.7410239292072468,40.17782817726147,0.9558635209608799,0.9856043543652087,1.477272652895591,67.5913053722903,0.8419845070382401
140,ABL-FirstEdge-Reuse-R,0.9741754699444968,37.652483882669195,1.008105237067714,0.9755171779298424,1.7893830505812127,66.34984684260132,1.3202068165688712
140,DBG-CurrentSpatial-R,1.028544219289978,36.91613563400614,1.0189629938007279,0.973454227037668,1.8921006126295947,66.2419494187873,1.5041754533640017
141,O-T2X-R,0.7505083974761755,40.21243263124334,0.9594192453440777,,1.558759097811289,69.06593622368834,0.8286292471975893
141,ABL-FirstEdge-Reuse-R,0.9380920122525919,39.20730514885195,0.9999469195250791,,1.989501518483611,73.57892514923029,1.297444966737593
141,DBG-CurrentSpatial-R,1.024099054874856,37.39511971347384,1.0190570629794433,,2.220300064142842,73.63341383914546,1.5056199000725838
142,O-T2X-R,0.7573294651272384,39.72508046645454,0.9552226074572904,,1.4939906992878835,67.64535226201697,0.8466331208103105
142,ABL-FirstEdge-Reuse-R,0.9879524361189653,37.44386595201381,1.0081791090167602,,1.802664218766363,66.35706291234685,1.325956281760378
142,DBG-CurrentSpatial-R,1.0408799350717353,36.74825626735812,1.0196029481146225,,1.907610253691486,66.25068724473768,1.5082767747026586
143,O-T2X-R,0.7541306681327887,40.0456138010771,0.9604107743252603,,1.5810237001256675,69.25718661639962,0.8315858934202796
143,ABL-FirstEdge-Reuse-R,0.9428304010891193,38.99541281720646,1.00202715679703,,2.017955577809195,73.72422832233741,1.3129433418372767
143,DBG-CurrentSpatial-R,1.0361713268405068,37.25211077083025,1.021096698800786,,2.2501086501204313,73.77650801131009,1.5282053563225941
144,O-T2X-R,0.7498226254058017,40.099500098191015,0.9566469852291921,,1.5058666156142004,67.79463163682061,0.8477633173008394
144,ABL-FirstEdge-Reuse-R,0.9749258757461514,37.89665213190413,1.0092074626305485,,1.8080528720284847,66.22265747722274,1.3242353596326644
144,DBG-CurrentSpatial-R,1.0296122303382553,37.125841474614894,1.0205842752108545,,1.911533275735679,66.10882029531888,1.5125062283586992
145,O-T2X-R,0.7523888299821971,40.095847273953055,0.9606696095723537,,1.600696080741439,69.24172360980208,0.8351450189887808
145,ABL-FirstEdge-Reuse-R,0.9396366766153524,39.09617024772655,1.0012290118892748,,2.0231519661744684,73.7257991674521,1.2994103504479706
145,DBG-CurrentSpatial-R,1.0372447376688658,37.006847048766474,1.0197445738905755,,2.253913695151325,73.7931000628338,1.511058807376675
146,O-T2X-R,0.7478332155199497,40.22893259376605,0.9566308741469728,,1.5163999502565713,67.74770263901979,0.845331938604453
146,ABL-FirstEdge-Reuse-R,0.9674605979683737,38.10640511744826,1.0082932212451852,,1.8157675214682165,66.35568842287151,1.316048058555258
146,DBG-CurrentSpatial-R,1.021235862393968,37.3245923561219,1.0196749028572842,,1.9122691184940832,66.23954406220547,1.5030196311688468
147,O-T2X-R,0.7497092300240863,40.18519589169333,0.960771564322173,,1.6063439234474814,69.25664663839144,0.8317245208892937
147,ABL-FirstEdge-Reuse-R,0.9405484213006597,39.07363213608399,1.0012757436963182,,2.0310040645617344,73.69133875274898,1.2950453529938437
147,DBG-CurrentSpatial-R,1.039521808566342,37.07513251017904,1.0186956847036692,,2.259527993768981,73.74857642161483,1.5031655131293824
148,O-T2X-R,0.7427117695570217,40.264836826210235,0.9564775106906819,,1.5163462797151535,67.96344839773798,0.8472801967505851
148,ABL-FirstEdge-Reuse-R,0.9667725350822075,38.11471674068255,1.008545135225756,,1.8156850520996963,66.50369148601948,1.322782803718773
148,DBG-CurrentSpatial-R,1.0217162791915384,37.29036420063885,1.0196454171063707,,1.9183880511048277,66.3790056550424,1.5084566669928936
149,O-T2X-R,0.7425119776939993,40.43953724321529,0.9616616139269094,,1.6108016873494606,69.3200204209865,0.8304767004926691
149,ABL-FirstEdge-Reuse-R,0.9311855298984186,39.391238423900035,1.0020656892473612,,2.032253540946696,73.73841501727931,1.2905093825421057
149,DBG-CurrentSpatial-R,1.0264513954340768,37.39633707891387,1.0212570720262153,,2.258480927322233,73.79692899780082,1.499111947241616
150,O-T2X-R,0.7480143535972353,40.03372628061026,0.9563547748856053,0.9853263422819477,1.5307106765106293,67.94018025447691,0.8447176599038277
150,ABL-FirstEdge-Reuse-R,0.9730470795371243,37.78901088327562,1.0064361393261976,0.9756325467279696,1.833726699130799,66.5617636663525,1.320923823510518
150,DBG-CurrentSpatial-R,1.0268220167033197,37.04950034710076,1.0168978027897124,0.9735363136708731,1.93713739658603,66.45003730757148,1.5061370649371804
151,O-T2X-R,0.7414089498900408,40.515818916281255,0.9604908323783746,,1.61758250209446,69.34412307571473,0.8274416085043258
151,ABL-FirstEdge-Reuse-R,0.9319797884595246,39.37343686116674,1.0008911690346418,,2.049007749502566,73.77429901036759,1.2966683056930264
151,DBG-CurrentSpatial-R,1.0267092758404022,37.41436131990379,1.0204488910275893,,2.273534205152372,73.82000078542255,1.5052055351382594
152,O-T2X-R,0.7517240025133521,39.95137007295921,0.9564606716128087,,1.5318762108597759,67.89462574615143,0.8457292757404923
152,ABL-FirstEdge-Reuse-R,0.9812388731804378,37.65639217665333,1.0092378409878606,,1.83921876636297,66.66170868677348,1.3257705857031026
152,DBG-CurrentSpatial-R,1.036319248088805,36.92414519859292,1.0204700962573638,,1.9504512907110692,66.56200911090167,1.5139993736987973
153,O-T2X-R,0.7497844996858309,40.18067102117611,0.9604875206855638,,1.636956913027542,69.4369992931197,0.8317735571189229
153,ABL-FirstEdge-Reuse-R,0.9418725128285684,39.037155554725615,1.0005021335217175,,2.072371452508116,73.84042177191328,1.30740705299669
153,DBG-CurrentSpatial-R,1.045367315949314,36.88929277249023,1.0199149491756754,,2.3068914284218245,73.88656534715678,1.525026936053222
154,O-T2X-R,0.7520977327468845,39.88827432489433,0.9540568432979426,,1.543220167033197,68.03639451775055,0.8519632581541238
154,ABL-FirstEdge-Reuse-R,0.9766009529793696,37.77745026197301,1.0064030355444729,,1.8318169769085768,66.5865535658184,1.3290858670345271
154,DBG-CurrentSpatial-R,1.0309387763116558,37.05570229580448,1.0176275260982288,,1.9348925607393443,66.46186773484133,1.5222427673478112
155,O-T2X-R,0.7561978021258771,39.799479690487274,0.9598087990349004,,1.6355788236988167,69.47381597549482,0.8386522726153477
155,ABL-FirstEdge-Reuse-R,0.9470736464551262,38.82222553791842,1.0000466871889013,,2.0686645852968897,73.90320648759032,1.3034247426146146
155,DBG-CurrentSpatial-R,1.0464727981987643,36.874700183650106,1.019153824059384,,2.297877722798199,73.94949732956331,1.5162803862235992
156,O-T2X-R,0.7492639936118966,40.141561947645286,0.9557964743097479,,1.5623488061577129,68.13241242538486,0.8556478246856578
156,ABL-FirstEdge-Reuse-R,0.9743528445386952,37.99438512035427,1.007598095102029,,1.8551936066603834,66.64172950047126,1.3326261721897847
156,DBG-CurrentSpatial-R,1.0298406573986805,37.18652019920314,1.0180818539666812,,1.9615715650853494,66.54580977065662,1.5228625024462887
157,O-T2X-R,0.7568539572206514,40.01978775053491,0.9597913169395994,,1.644444608074144,69.61332665724159,0.8353919318885353
157,ABL-FirstEdge-Reuse-R,0.9496645591161378,38.92819347006084,0.9996228899284538,,2.0852440373337524,74.11109802073516,1.3064108354615898
157,DBG-CurrentSpatial-R,1.0429207246832128,37.105996615330824,1.0205240898055914,,2.319082004660174,74.16489946591265,1.5208062559945852
158,O-T2X-R,0.7538821146193319,39.96995808534478,0.9564954371839277,,1.5701730874960729,68.37383168394597,0.8595793726796971
158,ABL-FirstEdge-Reuse-R,0.9827907372499738,37.812669113119966,1.0080225238702147,,1.8665791247774637,66.85875157084511,1.3429653601234055
158,DBG-CurrentSpatial-R,1.0392451107445806,37.02248149446434,1.0192872589998194,,1.9802161875589066,66.74314718818725,1.5324679692219352
159,O-T2X-R,0.7528609016650958,40.055712042168395,0.959028901048271,,1.657336664834014,69.66977890355011,0.8355747359824706
159,ABL-FirstEdge-Reuse-R,0.9436460951408524,39.03196112671405,0.9993657287537248,,2.0982604526652007,74.09214970153943,1.3116749584974157
159,DBG-CurrentSpatial-R,1.0382258613467379,37.13930301539075,1.020494312075772,,2.3309739566970364,74.13848963242225,1.5223993283442503
160,O-T2X-R,0.7524816080217824,40.0830186337525,0.9559011301997653,0.9852322240898027,1.5712026455649806,68.35311616399623,0.8521815791864509
160,ABL-FirstEdge-Reuse-R,0.9884120719447063,37.797464704947124,1.007603673392731,0.9751692977237102,1.860245837260446,66.92649426641533,1.3398826177059924
160,DBG-CurrentSpatial-R,1.0447433959053305,37.041013926971225,1.0186263302367786,0.973044318724161,1.9687594905225678,66.80549010367578,1.5312989654859508
161,O-T2X-R,0.7521631846266624,40.09447561789713,0.9566316169721811,,1.662769170855587,69.70497565190072,0.8409141105627498
161,ABL-FirstEdge-Reuse-R,0.9429992669389465,39.052269675644276,0.9972918171273667,,2.096591756990261,74.02661600691172,1.30983797636906
161,DBG-CurrentSpatial-R,1.0431558605613154,37.016720826432575,1.0170762957010746,,2.32970222667295,74.07668669494187,1.526195608766441
162,O-T2X-R,0.7504368912975181,40.03575936034166,0.9544082334147584,,1.576982046549377,68.38183317624882,0.8551067889678581
162,ABL-FirstEdge-Reuse-R,0.98279777332705,37.76463573897976,1.006864094756664,,1.8631528825007855,66.93822651586554,1.3358316008719588
162,DBG-CurrentSpatial-R,1.038952540841973,37.01117459089717,1.018404562664693,,1.9632194797884595,66.81422792962614,1.526212970725724
163,O-T2X-R,0.7504064561734213,40.14618615875897,0.9586022477323651,,1.6677783668446957,69.70973727615457,0.8382342920582736
163,ABL-FirstEdge-Reuse-R,0.9436699850769714,39.0438223017883,0.9986788277737655,,2.0989197167242644,74.01198751178134,1.3091047024825413
163,DBG-CurrentSpatial-R,1.045407405225678,36.92841089881916,1.0181847666304904,,2.3305706094879044,74.07109055922086,1.5217969075083484
164,O-T2X-R,0.7440456788668971,40.27109040372879,0.9568149631367701,,1.5802194601528956,68.38909833490418,0.848135214300251
164,ABL-FirstEdge-Reuse-R,0.9736767266205886,38.03005085378042,1.0073096171793376,,1.8693680293748036,66.89723727615457,1.3270796171752628
164,DBG-CurrentSpatial-R,1.0288852235836212,37.24480350821309,1.0179432784289069,,1.9697962482982512,66.78305647188188,1.5205579577287718
165,O-T2X-R,0.7470126125772332,40.3037718871959,0.960142296796144,,1.6834879633993087,69.76221332076658,0.8363005220542445
165,ABL-FirstEdge-Reuse-R,0.9411150709498377,39.18055994358999,1.0003205313653292,,2.105903268666876,74.0816937637449,1.3018177294718032
165,DBG-CurrentSpatial-R,1.0399313737040528,37.15827735367772,1.0196278367000737,,2.3325416928474185,74.13888234370091,1.510083851272119
166,O-T2X-R,0.7511576801235732,39.90511379630241,0.9564718664143853,,1.5963824746046706,68.4800109959158,0.8555325282970809
166,ABL-FirstEdge-Reuse-R,0.981740561838936,37.7842709375889,1.0063007485206361,,1.8758009673787832,67.01829052780396,1.329607451188153
166,DBG-CurrentSpatial-R,1.0393797779872238,37.0090380261225,1.0186410258373404,,1.9810488990993822,66.90278432296576,1.5188492413065997
167,O-T2X-R,0.7453625706880301,40.384188438418285,0.960401574451339,,1.6802808212901874,69.84473177819666,0.8367821367879721
167,ABL-FirstEdge-Reuse-R,0.9403879005655043,39.182026020567534,0.9998340025206053,,2.1145299900513144,74.17142829092052,1.3080064838078895
167,DBG-CurrentSpatial-R,1.0328473531259819,37.411667856634516,1.0193127455495714,,2.337698482825427,74.22336435752435,1.5141733914928845
168,O-T2X-R,0.7536551602262017,39.862514343272835,0.9548789736098149,,1.599180706094879,68.4276822180333,0.8530730238720655
168,ABL-FirstEdge-Reuse-R,1.00104657555765,37.352057089835654,1.0063867458491098,,1.889169841082836,66.85997879359095,1.3498928896188642
168,DBG-CurrentSpatial-R,1.0568603387789297,36.69093560107848,1.0183359642235184,,1.9974264320871296,66.74103636506442,1.5349058352792042
169,O-T2X-R,0.7554202337941146,39.952462901027786,0.9588020841083701,,1.6984321002199183,69.85940936223687,0.847487270368946
169,ABL-FirstEdge-Reuse-R,0.9481423120222012,38.851937304591864,0.9988549898163743,,2.1331932663106086,74.10142750549797,1.3269616778471522
169,DBG-CurrentSpatial-R,1.0464295999581108,37.17776974154981,1.0185863532762507,,2.3635905919468008,74.15370719447063,1.5406069610384623
170,O-T2X-R,0.7546657372499738,39.964857967054456,0.9560959549819184,0.985358027166249,1.604069634254896,68.54353204524034,0.860221514960226
170,ABL-FirstEdge-Reuse-R,0.9863112302335323,37.76927222949265,1.0080510914096434,0.9754568642522254,1.8913587155723113,67.06904846057179,1.3412119588455371
170,DBG-CurrentSpatial-R,1.0392447834851817,37.09653837372437,1.0204802377533857,0.973400962536808,1.99703715703215,66.9451971410619,1.5294779891337809
171,O-T2X-R,0.7479942271442036,40.27646902043791,0.9587192133454482,,1.7040041823751177,69.85003338045868,0.8465340856545813
171,ABL-FirstEdge-Reuse-R,0.9431550424128181,39.09429388190278,0.9975970650045998,,2.1368327180856634,74.12179940307885,1.3116080001815849
171,DBG-CurrentSpatial-R,1.0407781573986805,37.13570129281988,1.0159815535194825,,2.362778825007854,74.17290095821552,1.5197608704188914
172,O-T2X-R,0.7469486333647503,40.137759312097515,0.9564946792336729,,1.6106439483191957,68.4820727301288,0.852293168583038
172,ABL-FirstEdge-Reuse-R,0.975774459367473,37.85675180340163,1.0072925946017754,,1.8835329615666563,66.93164860194784,1.3300445179293472
172,DBG-CurrentSpatial-R,1.0334815818410306,37.01965396085455,1.0196613957491971,,1.9850175738297204,66.79105796418473,1.521320840778977
173,O-T2X-R,0.7469890499005132,40.287314350087144,0.9594926539129713,,1.7068752290815792,69.82013823437009,0.8357856853781406
173,ABL-FirstEdge-Reuse-R,0.9418959118755891,39.108630301007366,0.9992262329351109,,2.1384827599748664,74.03928094564876,1.3062890640490676
173,DBG-CurrentSpatial-R,1.0403348845428841,37.098804219049896,1.0189386686370314,,2.3683283262645305,74.09524230285895,1.5177115262360519
174,O-T2X-R,0.7496997395015185,40.06905661158375,0.9572319185808866,,1.6202316669284742,68.45306118441722,0.8562393176888136
174,ABL-FirstEdge-Reuse-R,0.9778329209864908,37.94168325632739,1.0096637825994619,,1.900795403969002,67.00871819038643,1.3322026142397878
174,DBG-CurrentSpatial-R,1.0361170017802912,37.147763323708915,1.0211551437467612,,2.0028707194470625,66.89070845114672,1.522610054655247
175,O-T2X-R,0.7445748573149021,40.34245816313073,0.9597336522342218,,1.7179922308618703,69.77394557021678,0.8374901206458489
175,ABL-FirstEdge-Reuse-R,0.9392914179495235,39.11634390604305,0.9984316218784388,,2.1449264975390094,74.0687833804587,1.302975995125184
175,DBG-CurrentSpatial-R,1.0452696290187453,37.10684437227172,1.0183700244452398,,2.3781328542255733,74.13264805215206,1.51718287756649
176,O-T2X-R,0.7540337993507173,39.95266904629736,0.9569468903588411,,1.6250512160959263,68.43013666352498,0.8537580750647381
176,ABL-FirstEdge-Reuse-R,0.9854012854749188,37.71046226815096,1.0067872185176103,,1.8971436799664887,66.82389844486335,1.3296197648242962
176,DBG-CurrentSpatial-R,1.040332266467693,36.97653024656564,1.0187346902947838,,1.9980115718923448,66.68654767514923,1.5238019270292227
177,O-T2X-R,0.7451143444339722,40.36038310575398,0.9588511201806287,,1.727500589066918,69.75774622997173,0.8476126707861206
177,ABL-FirstEdge-Reuse-R,0.9389585951408524,39.12451993861343,0.9981437967263757,,2.1525673499842917,74.05783655356582,1.3092920371448604
177,DBG-CurrentSpatial-R,1.0359196643627604,37.26619154250984,1.0172582623273114,,2.3728628324955494,74.11301248821867,1.5118463911767728
178,O-T2X-R,0.7485839485810033,40.010981899018496,0.9555941134270308,,1.640629745261284,68.36828463713478,0.8549569905693419
178,ABL-FirstEdge-Reuse-R,0.9818533027018536,37.654384575913326,1.0059974381196681,,1.9133011310084826,66.93807924913604,1.3343653257485062
178,DBG-CurrentSpatial-R,1.0355531338360038,36.96559133868934,1.018350890019713,,2.017023870300555,66.82836553565818,1.5201340664714456
179,O-T2X-R,0.7510995915802702,39.92665221685578,0.9594853673274311,,1.7267811092784584,69.76584590009425,0.8489440702427409
179,ABL-FirstEdge-Reuse-R,0.9481792923342759,38.749568708252234,0.9982667300070452,,2.1572551772436905,73.9895047910776,1.3219211174683376
179,DBG-CurrentSpatial-R,1.0425080505812128,37.02564805300786,1.017996477399435,,2.3772353453241175,74.03780827835375,1.5223408656437658
180,O-T2X-R,0.7455371635773379,40.06077253057605,0.9548668293694246,0.9856010665647312,1.6312446002199184,68.32832626453032,0.8581026576702553
180,ABL-FirstEdge-Reuse-R,0.9851121517959995,37.683692084161336,1.0047632850362709,0.9752515060978576,1.9056823685726254,66.81751688658498,1.3461485115615484
180,DBG-CurrentSpatial-R,1.042803402188711,36.920745408649964,1.0172233335128928,0.9730337986428491,2.0186161509058542,66.71035579641847,1.5335920940847916
181,O-T2X-R,0.880103773955388,39.83852174568423,0.9985948968808953,,0.9333202429573777,62.999086946277096,0.8744863648470543
181,ABL-FirstEdge-Reuse-R,0.9532969748141167,39.08533735254537,1.007771497913502,,1.4274235194784795,66.8003848570531,1.3389317915240315
181,DBG-CurrentSpatial-R,1.0427441682375118,37.15469267393615,1.0187947482281514,,1.6176440268614514,66.85025918944392,1.5203770872476143
182,O-T2X-R,0.5828254267462561,41.86418274100155,0.9643443763025189,,0.6004499816734736,50.29546614828778,0.5650063617781105
182,ABL-FirstEdge-Reuse-R,0.9701442886689706,37.85719549897239,1.004576570474733,,1.3834503285684365,66.62224120326736,1.2979661701926788
182,DBG-CurrentSpatial-R,1.042803402188711,36.920745408649964,1.0172233335128928,,1.6176440268614514,66.85025918944392,1.5203770872476143
183,O-T2X-R,0.5828257540056551,41.864181062258325,0.964344448608195,,0.0,0.0,2.0872673971863463e-07
183,ABL-FirstEdge-Reuse-R,0.900775932034768,39.84677765014268,0.9979631315402265,,1.2555861543093518,65.47125353440151,1.1766459389676043
183,DBG-CurrentSpatial-R,1.0427436773484136,37.154693525322436,1.0187949664312306,,1.6176440268614514,66.85025918944392,1.5203765274367833
184,O-T2X-R,0.5828254267462561,41.86418274100155,0.9643443763025189,,0.0,0.0,2.0872673971863463e-07
184,ABL-FirstEdge-Reuse-R,0.9701442886689706,37.85719549897239,1.004576570474733,,1.2555861543093518,65.47125353440151,1.1766459389676043
184,DBG-CurrentSpatial-R,1.042803402188711,36.920745408649964,1.0172233335128928,,1.6176440268614514,66.85025918944392,1.5203765274367833
185,O-T2X-R,0.5828254267462561,41.86418274100155,0.9643443763025189,,0.0,0.0,0.0
185,ABL-FirstEdge-Reuse-R,0.9007762592941669,39.846776595163725,0.997963056713852,,1.2555861543093518,65.47125353440151,1.176646147694344
185,DBG-CurrentSpatial-R,1.0427440046078122,37.154692957731555,1.0187948900429038,,1.6176440268614514,66.85025918944392,1.520376736163523
186,O-T2X-R,0.582826081265054,41.86418206950418,0.9643446923033847,,0.0,0.0,1.999587897343565e-06
186,ABL-FirstEdge-Reuse-R,0.9701449431877683,37.85719509862513,1.0045768996590718,,1.2555861543093518,65.47125353440151,1.1766472363882552
186,DBG-CurrentSpatial-R,1.0428040567075085,36.920745085955254,1.017223666841382,,1.6176440268614514,66.85025918944392,1.5203778248574342
187,O-T2X-R,0.5828254267462561,41.86418274100155,0.9643443763025189,,0.0,0.0,1.999587897343565e-06
187,ABL-FirstEdge-Reuse-R,0.9007762592941669,39.846776595163725,0.997963056713852,,1.2555861543093518,65.47125353440151,1.1766472363882552
187,DBG-CurrentSpatial-R,1.0427440046078122,37.154692957731555,1.0187948900429038,,1.6176440268614514,66.85025918944392,1.5203778248574342
188,O-T2X-R,0.5828257540056551,41.86418240525285,0.9643442869369357,,0.0,0.0,4.554465249241653e-07
188,ABL-FirstEdge-Reuse-R,0.9701442886689706,37.85719549897239,1.004576477380841,,1.2555861543093518,65.47125353440151,1.1766463944150654
188,DBG-CurrentSpatial-R,1.042803402188711,36.920745408649964,1.0172232392470284,,1.6176440268614514,66.85025918944392,1.5203769828842446
189,O-T2X-R,0.5828257540056551,41.86418173375554,0.9643444112795313,,0.0,0.0,2.0872627157030936e-07
189,ABL-FirstEdge-Reuse-R,0.9007762592941669,39.846777017155276,0.9979630929102223,,1.2555861543093518,65.47125353440151,1.1766459389680723
189,DBG-CurrentSpatial-R,1.0427440046078122,37.1546931847679,1.01879492699485,,1.6176440268614514,66.85025918944392,1.5203765274372514
190,O-T2X-R,0.5828254267462561,41.86418274100155,0.9643443253414632,0.9907690188414628,0.0,0.0,5.952520000458963e-07
190,ABL-FirstEdge-Reuse-R,0.9701439614095717,37.85719563242148,1.0045765173875953,0.975771728585977,1.2555861543093518,65.47125353440151,1.1766463254938009
190,DBG-CurrentSpatial-R,1.042803074929312,36.92074551621488,1.0172232797574334,0.9730337990432499,1.6176440268614514,66.85025918944392,1.52037691396298
191,O-T2X-R,0.5828254267462561,41.86418274100155,0.9643443763025189,,0.0,0.0,1.3980500697340563e-07
191,ABL-FirstEdge-Reuse-R,0.9007762592941669,39.846776595163725,0.997963056713852,,1.2555861543093518,65.47125353440151,1.1766460787735475
191,DBG-CurrentSpatial-R,1.0427440046078122,37.154692957731555,1.0187948900429038,,1.6176440268614514,66.85025918944392,1.5203766672427266
192,O-T2X-R,0.5828257540056551,41.86418240525285,0.9643442869369357,,0.0,0.0,4.554465249241653e-07
192,ABL-FirstEdge-Reuse-R,0.9701442886689706,37.85719549897239,1.004576477380841,,1.2555861543093518,65.47125353440151,1.1766463944150654
192,DBG-CurrentSpatial-R,1.042803402188711,36.920745408649964,1.0172232392470284,,1.6176440268614514,66.85025918944392,1.5203769828842446
193,O-T2X-R,0.5828254267462561,41.86418274100155,0.9643443763025189,,0.0,0.0,4.554465249241653e-07
193,ABL-FirstEdge-Reuse-R,0.9007762592941669,39.846776595163725,0.997963056713852,,1.2555861543093518,65.47125353440151,1.1766463944150654
193,DBG-CurrentSpatial-R,1.0427440046078122,37.154692957731555,1.0187948900429038,,1.6176440268614514,66.85025918944392,1.5203769828842446
194,O-T2X-R,0.5828255903759556,41.864182573127195,0.9643443473344765,,0.0,0.0,3.5108362321317326e-07
194,ABL-FirstEdge-Reuse-R,0.97014445229867,37.85719543224784,1.0045765402981512,,1.2555861543093518,65.47125353440151,1.176646498777967
194,DBG-CurrentSpatial-R,1.0428035658184103,36.92074535486751,1.017223302956414,,1.6176440268614514,66.85025918944392,1.5203770872471463
195,O-T2X-R,0.5828254267462561,41.86418274100155,0.9643443678492526,,0.0,0.0,4.2196783373800047e-07
195,ABL-FirstEdge-Reuse-R,0.9007762592941669,39.846776595163725,0.9979630479658904,,1.2555861543093518,65.47125353440151,1.1766465696621777
195,DBG-CurrentSpatial-R,1.0427440046078122,37.154692957731555,1.0187948811123342,,1.6176440268614514,66.85025918944392,1.5203771581313568
196,O-T2X-R,0.5828254267462561,41.86418274100155,0.9643443763025189,,0.0,0.0,7.088421052482718e-08
196,ABL-FirstEdge-Reuse-R,0.9701442886689706,37.85719549897239,1.004576570474733,,1.2555861543093518,65.47125353440151,1.1766462185785544
196,DBG-CurrentSpatial-R,1.042803402188711,36.920745408649964,1.0172233335128928,,1.6176440268614514,66.85025918944392,1.5203768070477335
197,O-T2X-R,0.5828254267462561,41.86418274100155,0.9643443763025189,,0.0,0.0,0.0
197,ABL-FirstEdge-Reuse-R,0.9007762592941669,39.846776595163725,0.997963056713852,,1.2555861543093518,65.47125353440151,1.176646147694344
197,DBG-CurrentSpatial-R,1.0427440046078122,37.154692957731555,1.0187948900429038,,1.6176440268614514,66.85025918944392,1.520376736163523
198,O-T2X-R,0.5828257540056551,41.864181062258325,0.964344448608195,,0.0,0.0,2.0872673971863463e-07
198,ABL-FirstEdge-Reuse-R,0.9701446159283694,37.857193497236445,1.0045766457969827,,1.2555861543093518,65.47125353440151,1.1766463564210836
198,DBG-CurrentSpatial-R,1.0428037294481098,36.92074379517661,1.0172234097833857,,1.6176440268614514,66.85025918944392,1.5203769448902629
199,O-T2X-R,0.5828255903759556,41.864182573127195,0.9643443473344765,,0.0,0.0,5.598103629318079e-07
199,ABL-FirstEdge-Reuse-R,0.9007764229238664,39.84677648966584,0.9979630267359344,,1.2555861543093518,65.47125353440151,1.176646707504707
199,DBG-CurrentSpatial-R,1.0427441682375118,37.15469290097247,1.0187948594392167,,1.6176440268614514,66.85025918944392,1.520377295973886
200,O-T2X-R,0.5828255903759556,41.864181901629856,0.9643443846631352,0.9907690180191343,0.0,0.0,4.554469930724906e-07
200,ABL-FirstEdge-Reuse-R,0.97014445229867,37.8571944981043,1.0045765791841519,0.9757717149319969,1.2555861543093518,65.47125353440151,1.176646603141337
200,DBG-CurrentSpatial-R,1.0428035658184103,36.92074460191321,1.017223342331956,0.9730337853695541,1.6176440268614514,66.85025918944392,1.5203771916105162
201,O-T2X-R,0.5828254267462561,41.86418274100155,0.9643443567709657,,0.0,0.0,4.908890983349042e-07
201,ABL-FirstEdge-Reuse-R,0.9007762592941669,39.846776595163725,0.9979630365013957,,1.2555861543093518,65.47125353440151,1.1766466385834422
201,DBG-CurrentSpatial-R,1.0427440046078122,37.154692957731555,1.0187948694085256,,1.6176440268614514,66.85025918944392,1.5203772270526215
202,O-T2X-R,0.5828254267462561,41.86418274100155,0.9643443763025189,,0.0,0.0,3.8652572847558684e-07
202,ABL-FirstEdge-Reuse-R,0.9701442886689706,37.85719549897239,1.004576570474733,,1.2555861543093518,65.47125353440151,1.1766465342200725
202,DBG-CurrentSpatial-R,1.042803402188711,36.920745408649964,1.0172233335128928,,1.6176440268614514,66.85025918944392,1.5203771226892515
203,O-T2X-R,0.5828257540056551,41.86418240525285,0.9643442869369357,,0.0,0.0,4.554465249241653e-07
203,ABL-FirstEdge-Reuse-R,0.9007765865535659,39.84677638416797,0.997962964232833,,1.2555861543093518,65.47125353440151,1.1766466031408689
203,DBG-CurrentSpatial-R,1.0427443318672112,37.15469284421339,1.0187947956314034,,1.6176440268614514,66.85025918944392,1.520377191610048
204,O-T2X-R,0.5828255903759556,41.864182573127195,0.9643443473344765,,0.0,0.0,1.0436290171099204e-07
204,ABL-FirstEdge-Reuse-R,0.97014445229867,37.85719543224784,1.0045765402981512,,1.2555861543093518,65.47125353440151,1.1766462520572456
204,DBG-CurrentSpatial-R,1.0428035658184103,36.92074535486751,1.017223302956414,,1.6176440268614514,66.85025918944392,1.5203768405264249
205,O-T2X-R,0.5828254267462561,41.86418274100155,0.9643443763025189,,0.0,0.0,3.5108362321317326e-07
205,ABL-FirstEdge-Reuse-R,0.9007762592941669,39.846776595163725,0.997963056713852,,1.2555861543093518,65.47125353440151,1.176646498777967
205,DBG-CurrentSpatial-R,1.0427440046078122,37.154692957731555,1.0187948900429038,,1.6176440268614514,66.85025918944392,1.5203770872471463
206,O-T2X-R,0.5828254267462561,41.86418274100155,0.9643443763025189,,0.0,0.0,0.0
206,ABL-FirstEdge-Reuse-R,0.9701442886689706,37.85719549897239,1.004576570474733,,1.2555861543093518,65.47125353440151,1.176646147694344
206,DBG-CurrentSpatial-R,1.042803402188711,36.920745408649964,1.0172233335128928,,1.6176440268614514,66.85025918944392,1.520376736163523
207,O-T2X-R,0.5828252631165567,41.86418290887591,0.9643443857390087,,0.0,0.0,3.544210526241359e-08
207,ABL-FirstEdge-Reuse-R,0.9007760956644675,39.84677670066161,0.9979630664793138,,1.2555861543093518,65.47125353440151,1.1766461831364492
207,DBG-CurrentSpatial-R,1.042743840978113,37.15469301449064,1.0187949000122132,,1.6176440268614514,66.85025918944392,1.5203767716056282
208,O-T2X-R,0.5828254267462561,41.86418274100155,0.9643443763025189,,0.0,0.0,3.544210526241359e-08
208,ABL-FirstEdge-Reuse-R,0.9701442886689706,37.85719549897239,1.004576570474733,,1.2555861543093518,65.47125353440151,1.1766461831364492
208,DBG-CurrentSpatial-R,1.042803402188711,36.920745408649964,1.0172233335128928,,1.6176440268614514,66.85025918944392,1.5203767716056282
209,O-T2X-R,0.5828254267462561,41.86418274100155,0.9643443763025189,,0.0,0.0,0.0
209,ABL-FirstEdge-Reuse-R,0.9007762592941669,39.846776595163725,0.997963056713852,,1.2555861543093518,65.47125353440151,1.176646147694344
209,DBG-CurrentSpatial-R,1.0427440046078122,37.154692957731555,1.0187948900429038,,1.6176440268614514,66.85025918944392,1.520376736163523
210,O-T2X-R,0.5828254267462561,41.86418274100155,0.9643443763025189,0.9907690218523524,0.0,0.0,0.0
210,ABL-FirstEdge-Reuse-R,0.9701442886689706,37.85719549897239,1.004576570474733,0.9757717281854277,1.2555861543093518,65.47125353440151,1.176646147694344
210,DBG-CurrentSpatial-R,1.042803402188711,36.920745408649964,1.0172233335128928,0.9730337986428491,1.6176440268614514,66.85025918944392,1.520376736163523
211,O-T2X-R,0.5828255903759556,41.864181901629856,0.9643444402475777,,0.0,0.0,1.0436336985931732e-07
211,ABL-FirstEdge-Reuse-R,0.9007760956644675,39.84677712265317,0.9979631228881439,,1.2555861543093518,65.47125353440151,1.176646043330974
211,DBG-CurrentSpatial-R,1.042743840978113,37.154693241526985,1.0187949575985413,,1.6176440268614514,66.85025918944392,1.5203766318001533
212,O-T2X-R,0.5828255903759556,41.864181901629856,0.9643444402475777,,0.0,0.0,0.0
212,ABL-FirstEdge-Reuse-R,0.97014445229867,37.8571944981043,1.0045766370875628,,1.2555861543093518,65.47125353440151,1.176646147694344
212,DBG-CurrentSpatial-R,1.0428035658184103,36.92074460191321,1.0172234009643215,,1.6176440268614514,66.85025918944392,1.520376736163523
213,O-T2X-R,0.5828254267462561,41.86418274100155,0.9643443763025189,,0.0,0.0,1.0436336985931732e-07
213,ABL-FirstEdge-Reuse-R,0.9007762592941669,39.846776595163725,0.997963056713852,,1.2555861543093518,65.47125353440151,1.1766462520577137
213,DBG-CurrentSpatial-R,1.0427440046078122,37.154692957731555,1.0187948900429038,,1.6176440268614514,66.85025918944392,1.520376840526893
214,O-T2X-R,0.5828254267462561,41.86418274100155,0.9643443763025189,,0.0,0.0,0.0
214,ABL-FirstEdge-Reuse-R,0.9701442886689706,37.85719549897239,1.004576570474733,,1.2555861543093518,65.47125353440151,1.176646147694344
214,DBG-CurrentSpatial-R,1.042803402188711,36.920745408649964,1.0172233335128928,,1.6176440268614514,66.85025918944392,1.520376736163523
215,O-T2X-R,0.5828257540056551,41.86418173375554,0.9643443713967589,,0.0,0.0,2.796104820951365e-07
215,ABL-FirstEdge-Reuse-R,0.9007762592941669,39.846777017155276,0.9979630516370689,,1.2555861543093518,65.47125353440151,1.1766462185780864
215,DBG-CurrentSpatial-R,1.0427440046078122,37.1546931847679,1.018794884860146,,1.6176440268614514,66.85025918944392,1.5203768070472654
216,O-T2X-R,0.5828254267462561,41.86418274100155,0.9643443763025189,,0.0,0.0,2.796104820951365e-07
216,ABL-FirstEdge-Reuse-R,0.9701442886689706,37.85719549897239,1.004576570474733,,1.2555861543093518,65.47125353440151,1.1766462185780864
216,DBG-CurrentSpatial-R,1.042803402188711,36.920745408649964,1.0172233335128928,,1.6176440268614514,66.85025918944392,1.5203768070472654
217,O-T2X-R,0.5828255903759556,41.864182573127195,0.9643443159049746,,0.0,0.0,1.0436290171099204e-07
217,ABL-FirstEdge-Reuse-R,0.9007764229238664,39.84677648966584,0.9979629942107469,,1.2555861543093518,65.47125353440151,1.1766462520572456
217,DBG-CurrentSpatial-R,1.0427441682375118,37.15469290097247,1.0187948262350868,,1.6176440268614514,66.85025918944392,1.5203768405264249
218,O-T2X-R,0.5828255903759556,41.864182573127195,0.9643443473344765,,0.0,0.0,4.554465249241653e-07
218,ABL-FirstEdge-Reuse-R,0.97014445229867,37.85719543224784,1.0045765402981512,,1.2555861543093518,65.47125353440151,1.1766466031408689
218,DBG-CurrentSpatial-R,1.0428035658184103,36.92074535486751,1.017223302956414,,1.6176440268614514,66.85025918944392,1.520377191610048
219,O-T2X-R,0.5828257540056551,41.86418173375554,0.9643444223578195,,0.0,0.0,4.908890983349042e-07
219,ABL-FirstEdge-Reuse-R,0.9007762592941669,39.846777017155276,0.9979631043747184,,1.2555861543093518,65.47125353440151,1.1766464298567025
219,DBG-CurrentSpatial-R,1.0427440046078122,37.1546931847679,1.01879493869866,,1.6176440268614514,66.85025918944392,1.5203770183258816
220,O-T2X-R,0.5828254267462561,41.86418274100155,0.9643443763025189,0.9907690218523524,0.0,0.0,1.3980547512173092e-07
220,ABL-FirstEdge-Reuse-R,0.9701442886689706,37.85719549897239,1.004576570474733,0.9757717281854277,1.2555861543093518,65.47125353440151,1.1766460787730793
220,DBG-CurrentSpatial-R,1.042803402188711,36.920745408649964,1.0172233335128928,0.9730337986428491,1.6176440268614514,66.85025918944392,1.5203766672422585
221,O-T2X-R,0.5828255903759556,41.864181901629856,0.9643444402475777,,0.0,0.0,1.0436336985931732e-07
221,ABL-FirstEdge-Reuse-R,0.9007760956644675,39.84677712265317,0.9979631228881439,,1.2555861543093518,65.47125353440151,1.176646043330974
221,DBG-CurrentSpatial-R,1.042743840978113,37.154693241526985,1.0187949575985413,,1.6176440268614514,66.85025918944392,1.5203766318001533
222,O-T2X-R,0.5828255903759556,41.864182573127195,0.9643443159049746,,0.0,0.0,2.0872627157030936e-07
222,ABL-FirstEdge-Reuse-R,0.9701441250392712,37.85719556569694,1.004576507557419,,1.2555861543093518,65.47125353440151,1.1766459389680723
222,DBG-CurrentSpatial-R,1.0428032385590114,36.92074546243242,1.0172232698035035,,1.6176440268614514,66.85025918944392,1.5203765274372514
223,O-T2X-R,0.5828257540056551,41.86418240525285,0.9643443294447216,,0.0,0.0,4.908886301865789e-07
223,ABL-FirstEdge-Reuse-R,0.9007765865535659,39.84677638416797,0.9979630082225124,,1.2555861543093518,65.47125353440151,1.1766464298571706
223,DBG-CurrentSpatial-R,1.0427443318672112,37.15469284421339,1.0187948405393388,,1.6176440268614514,66.85025918944392,1.5203770183263499
224,O-T2X-R,0.5828257540056551,41.86418240525285,0.9643442869369357,,0.0,0.0,1.3980500697340563e-07
224,ABL-FirstEdge-Reuse-R,0.9701442886689706,37.85719549897239,1.004576477380841,,1.2555861543093518,65.47125353440151,1.1766460787735475
224,DBG-CurrentSpatial-R,1.042803402188711,36.920745408649964,1.0172232392470284,,1.6176440268614514,66.85025918944392,1.5203766672427266
225,O-T2X-R,0.5828254267462561,41.86418274100155,0.9643443763025189,,0.0,0.0,4.554465249241653e-07
225,ABL-FirstEdge-Reuse-R,0.9007762592941669,39.846776595163725,0.997963056713852,,1.2555861543093518,65.47125353440151,1.1766463944150654
225,DBG-CurrentSpatial-R,1.0427440046078122,37.154692957731555,1.0187948900429038,,1.6176440268614514,66.85025918944392,1.5203769828842446
226,O-T2X-R,0.5828254267462561,41.86418274100155,0.9643443763025189,,0.0,0.0,0.0
226,ABL-FirstEdge-Reuse-R,0.9701442886689706,37.85719549897239,1.004576570474733,,1.2555861543093518,65.47125353440151,1.176646147694344
226,DBG-CurrentSpatial-R,1.042803402188711,36.920745408649964,1.0172233335128928,,1.6176440268614514,66.85025918944392,1.520376736163523
227,O-T2X-R,0.5828254267462561,41.86418274100155,0.9643443763025189,,0.0,0.0,0.0
227,ABL-FirstEdge-Reuse-R,0.9007762592941669,39.846776595163725,0.997963056713852,,1.2555861543093518,65.47125353440151,1.176646147694344
227,DBG-CurrentSpatial-R,1.0427440046078122,37.154692957731555,1.0187948900429038,,1.6176440268614514,66.85025918944392,1.520376736163523
228,O-T2X-R,0.5828254267462561,41.86418274100155,0.9643443763025189,,0.0,0.0,0.0
228,ABL-FirstEdge-Reuse-R,0.9701442886689706,37.85719549897239,1.004576570474733,,1.2555861543093518,65.47125353440151,1.176646147694344
228,DBG-CurrentSpatial-R,1.042803402188711,36.920745408649964,1.0172233335128928,,1.6176440268614514,66.85025918944392,1.520376736163523
229,O-T2X-R,0.5828254267462561,41.86418274100155,0.9643443763025189,,0.0,0.0,0.0
229,ABL-FirstEdge-Reuse-R,0.9007762592941669,39.846776595163725,0.997963056713852,,1.2555861543093518,65.47125353440151,1.176646147694344
229,DBG-CurrentSpatial-R,1.0427440046078122,37.154692957731555,1.0187948900429038,,1.6176440268614514,66.85025918944392,1.520376736163523
230,O-T2X-R,0.5828254267462561,41.86418274100155,0.9643443763025189,0.9907690218523524,0.0,0.0,0.0
230,ABL-FirstEdge-Reuse-R,0.9701442886689706,37.85719549897239,1.004576570474733,0.9757717281854277,1.2555861543093518,65.47125353440151,1.176646147694344
230,DBG-CurrentSpatial-R,1.042803402188711,36.920745408649964,1.0172233335128928,0.9730337986428491,1.6176440268614514,66.85025918944392,1.520376736163523
231,O-T2X-R,0.5828254267462561,41.86418274100155,0.9643443763025189,,0.0,0.0,0.0
231,ABL-FirstEdge-Reuse-R,0.9007762592941669,39.846776595163725,0.997963056713852,,1.2555861543093518,65.47125353440151,1.176646147694344
231,DBG-CurrentSpatial-R,1.0427440046078122,37.154692957731555,1.0187948900429038,,1.6176440268614514,66.85025918944392,1.520376736163523
232,O-T2X-R,0.5828254267462561,41.86418274100155,0.9643443763025189,,0.0,0.0,0.0
232,ABL-FirstEdge-Reuse-R,0.9701442886689706,37.85719549897239,1.004576570474733,,1.2555861543093518,65.47125353440151,1.176646147694344
232,DBG-CurrentSpatial-R,1.042803402188711,36.920745408649964,1.0172233335128928,,1.6176440268614514,66.85025918944392,1.520376736163523
233,O-T2X-R,0.5828254267462561,41.86418274100155,0.9643443763025189,,0.0,0.0,0.0
233,ABL-FirstEdge-Reuse-R,0.9007762592941669,39.846776595163725,0.997963056713852,,1.2555861543093518,65.47125353440151,1.176646147694344
233,DBG-CurrentSpatial-R,1.0427440046078122,37.154692957731555,1.0187948900429038,,1.6176440268614514,66.85025918944392,1.520376736163523
234,O-T2X-R,0.5828254267462561,41.86418274100155,0.9643443763025189,,0.0,0.0,0.0
234,ABL-FirstEdge-Reuse-R,0.9701442886689706,37.85719549897239,1.004576570474733,,1.2555861543093518,65.47125353440151,1.176646147694344
234,DBG-CurrentSpatial-R,1.042803402188711,36.920745408649964,1.0172233335128928,,1.6176440268614514,66.85025918944392,1.520376736163523
235,O-T2X-R,0.5828255903759556,41.864182573127195,0.964344358412763,,0.0,0.0,3.544210526241359e-08
235,ABL-FirstEdge-Reuse-R,0.9007764229238664,39.84677648966584,0.9979630382004288,,1.2555861543093518,65.47125353440151,1.1766461831364492
235,DBG-CurrentSpatial-R,1.0427441682375118,37.15469290097247,1.0187948711430248,,1.6176440268614514,66.85025918944392,1.5203767716056282
236,O-T2X-R,0.5828254267462561,41.86418274100155,0.9643443763025189,,0.0,0.0,3.544210526241359e-08
236,ABL-FirstEdge-Reuse-R,0.9701442886689706,37.85719549897239,1.004576570474733,,1.2555861543093518,65.47125353440151,1.1766461831364492
236,DBG-CurrentSpatial-R,1.042803402188711,36.920745408649964,1.0172233335128928,,1.6176440268614514,66.85025918944392,1.5203767716056282
237,O-T2X-R,0.5828255903759556,41.864182573127195,0.964344358412763,,0.0,0.0,3.544210526241359e-08
237,ABL-FirstEdge-Reuse-R,0.9007764229238664,39.84677648966584,0.9979630382004288,,1.2555861543093518,65.47125353440151,1.1766461831364492
237,DBG-CurrentSpatial-R,1.0427441682375118,37.15469290097247,1.0187948711430248,,1.6176440268614514,66.85025918944392,1.5203767716056282
238,O-T2X-R,0.5828254267462561,41.86418274100155,0.9643443763025189,,0.0,0.0,3.544210526241359e-08
238,ABL-FirstEdge-Reuse-R,0.9701442886689706,37.85719549897239,1.004576570474733,,1.2555861543093518,65.47125353440151,1.1766461831364492
238,DBG-CurrentSpatial-R,1.042803402188711,36.920745408649964,1.0172233335128928,,1.6176440268614514,66.85025918944392,1.5203767716056282
239,O-T2X-R,0.5828255903759556,41.864182573127195,0.9643443473344765,,0.0,0.0,3.5108362321317326e-07
239,ABL-FirstEdge-Reuse-R,0.9007764229238664,39.84677648966584,0.9979630267359344,,1.2555861543093518,65.47125353440151,1.176646498777967
239,DBG-CurrentSpatial-R,1.0427441682375118,37.15469290097247,1.0187948594392167,,1.6176440268614514,66.85025918944392,1.5203770872471463
