frame,group,area_percent,mean_rgb_step,whole_frame_step_contribution
201,always_selected,11.263597628023877,0.0,0.0
201,always_unselected,68.13849945020421,2.6194783666159247,1.7848732524348099
201,selection_switches,20.59790292177191,5.679642392986403,1.1698872264111426
202,always_selected,11.263597628023877,0.0,0.0
202,always_unselected,68.13849945020421,2.6194783666159247,1.7848732524348099
202,selection_switches,20.59790292177191,5.679642392986403,1.1698872264111426
203,always_selected,11.263597628023877,0.0,0.0
203,always_unselected,68.13849945020421,2.6194783666159247,1.7848732524348099
203,selection_switches,20.59790292177191,5.679642392986403,1.1698872264111426
204,always_selected,11.263597628023877,0.0,0.0
204,always_unselected,68.13849945020421,2.6194783666159247,1.7848732524348099
204,selection_switches,20.59790292177191,5.679642392986403,1.1698872264111426
205,always_selected,11.263597628023877,0.0,0.0
205,always_unselected,68.13849945020421,2.6194783666159247,1.7848732524348099
205,selection_switches,20.59790292177191,5.679642392986403,1.1698872264111426
206,always_selected,11.263597628023877,0.0,0.0
206,always_unselected,68.13849945020421,2.6194783666159247,1.7848732524348099
206,selection_switches,20.59790292177191,5.679642392986403,1.1698872264111426
207,always_selected,11.263597628023877,0.0,0.0
207,always_unselected,68.13849945020421,2.6194783666159247,1.7848732524348099
207,selection_switches,20.59790292177191,5.679642392986403,1.1698872264111426
208,always_selected,11.263597628023877,0.0,0.0
208,always_unselected,68.13849945020421,2.6194783666159247,1.7848732524348099
208,selection_switches,20.59790292177191,5.679642392986403,1.1698872264111426
209,always_selected,11.263597628023877,0.0,0.0
209,always_unselected,68.13849945020421,2.6194783666159247,1.7848732524348099
209,selection_switches,20.59790292177191,5.679642392986403,1.1698872264111426
210,always_selected,11.263597628023877,0.0,0.0
210,always_unselected,68.13849945020421,2.6194783666159247,1.7848732524348099
210,selection_switches,20.59790292177191,5.679642392986403,1.1698872264111426
211,always_selected,11.263597628023877,0.0,0.0
211,always_unselected,68.13849945020421,2.6194783666159247,1.7848732524348099
211,selection_switches,20.59790292177191,5.679642392986403,1.1698872264111426
212,always_selected,11.263597628023877,0.0,0.0
212,always_unselected,68.13849945020421,2.6194783666159247,1.7848732524348099
212,selection_switches,20.59790292177191,5.679642392986403,1.1698872264111426
213,always_selected,11.263597628023877,0.0,0.0
213,always_unselected,68.13849945020421,2.6194783666159247,1.7848732524348099
213,selection_switches,20.59790292177191,5.679642392986403,1.1698872264111426
214,always_selected,11.263597628023877,0.0,0.0
214,always_unselected,68.13849945020421,2.6194783666159247,1.7848732524348099
214,selection_switches,20.59790292177191,5.679642392986403,1.1698872264111426
215,always_selected,11.263597628023877,0.0,0.0
215,always_unselected,68.13849945020421,2.6194783666159247,1.7848732524348099
215,selection_switches,20.59790292177191,5.679642392986403,1.1698872264111426
216,always_selected,11.263597628023877,0.0,0.0
216,always_unselected,68.13849945020421,2.6194783666159247,1.7848732524348099
216,selection_switches,20.59790292177191,5.679642392986403,1.1698872264111426
217,always_selected,11.263597628023877,0.0,0.0
217,always_unselected,68.13849945020421,2.6194783666159247,1.7848732524348099
217,selection_switches,20.59790292177191,5.679642392986403,1.1698872264111426
218,always_selected,11.263597628023877,0.0,0.0
218,always_unselected,68.13849945020421,2.6194783666159247,1.7848732524348099
218,selection_switches,20.59790292177191,5.679642392986403,1.1698872264111426
219,always_selected,11.263597628023877,0.0,0.0
219,always_unselected,68.13849945020421,2.6194783666159247,1.7848732524348099
219,selection_switches,20.59790292177191,5.679642392986403,1.1698872264111426
220,always_selected,11.263597628023877,0.0,0.0
220,always_unselected,68.13849945020421,2.6194783666159247,1.7848732524348099
220,selection_switches,20.59790292177191,5.679642392986403,1.1698872264111426
221,always_selected,11.263597628023877,0.0,0.0
221,always_unselected,68.13849945020421,2.6194783666159247,1.7848732524348099
221,selection_switches,20.59790292177191,5.679642392986403,1.1698872264111426
222,always_selected,11.263597628023877,0.0,0.0
222,always_unselected,68.13849945020421,2.6194783666159247,1.7848732524348099
222,selection_switches,20.59790292177191,5.679642392986403,1.1698872264111426
223,always_selected,11.263597628023877,0.0,0.0
223,always_unselected,68.13849945020421,2.6194783666159247,1.7848732524348099
223,selection_switches,20.59790292177191,5.679642392986403,1.1698872264111426
224,always_selected,11.263597628023877,0.0,0.0
224,always_unselected,68.13849945020421,2.6194783666159247,1.7848732524348099
224,selection_switches,20.59790292177191,5.679642392986403,1.1698872264111426
225,always_selected,11.263597628023877,0.0,0.0
225,always_unselected,68.13849945020421,2.6194783666159247,1.7848732524348099
225,selection_switches,20.59790292177191,5.679642392986403,1.1698872264111426
226,always_selected,11.263597628023877,0.0,0.0
226,always_unselected,68.13849945020421,2.6194783666159247,1.7848732524348099
226,selection_switches,20.59790292177191,5.679642392986403,1.1698872264111426
227,always_selected,11.263597628023877,0.0,0.0
227,always_unselected,68.13849945020421,2.6194783666159247,1.7848732524348099
227,selection_switches,20.59790292177191,5.679642392986403,1.1698872264111426
228,always_selected,11.263597628023877,0.0,0.0
228,always_unselected,68.13849945020421,2.6194783666159247,1.7848732524348099
228,selection_switches,20.59790292177191,5.679642392986403,1.1698872264111426
229,always_selected,11.263597628023877,0.0,0.0
229,always_unselected,68.13849945020421,2.6194783666159247,1.7848732524348099
229,selection_switches,20.59790292177191,5.679642392986403,1.1698872264111426
230,always_selected,11.263597628023877,0.0,0.0
230,always_unselected,68.13849945020421,2.6194783666159247,1.7848732524348099
230,selection_switches,20.59790292177191,5.679642392986403,1.1698872264111426
231,always_selected,11.263597628023877,0.0,0.0
231,always_unselected,68.13849945020421,2.6194783666159247,1.7848732524348099
231,selection_switches,20.59790292177191,5.679642392986403,1.1698872264111426
232,always_selected,11.263597628023877,0.0,0.0
232,always_unselected,68.13849945020421,2.6194783666159247,1.7848732524348099
232,selection_switches,20.59790292177191,5.679642392986403,1.1698872264111426
233,always_selected,11.263597628023877,0.0,0.0
233,always_unselected,68.13849945020421,2.6194783666159247,1.7848732524348099
233,selection_switches,20.59790292177191,5.679642392986403,1.1698872264111426
234,always_selected,11.263597628023877,0.0,0.0
234,always_unselected,68.13849945020421,2.6194783666159247,1.7848732524348099
234,selection_switches,20.59790292177191,5.679642392986403,1.1698872264111426
235,always_selected,11.263597628023877,0.0,0.0
235,always_unselected,68.13849945020421,2.6194783666159247,1.7848732524348099
235,selection_switches,20.59790292177191,5.679642392986403,1.1698872264111426
236,always_selected,11.263597628023877,0.0,0.0
236,always_unselected,68.13849945020421,2.6194783666159247,1.7848732524348099
236,selection_switches,20.59790292177191,5.679642392986403,1.1698872264111426
237,always_selected,11.263597628023877,0.0,0.0
237,always_unselected,68.13849945020421,2.6194783666159247,1.7848732524348099
237,selection_switches,20.59790292177191,5.679642392986403,1.1698872264111426
238,always_selected,11.263597628023877,0.0,0.0
238,always_unselected,68.13849945020421,2.6194783666159247,1.7848732524348099
238,selection_switches,20.59790292177191,5.679642392986403,1.1698872264111426
239,always_selected,11.263597628023877,0.0,0.0
239,always_unselected,68.13849945020421,2.6194783666159247,1.7848732524348099
239,selection_switches,20.59790292177191,5.679642392986403,1.1698872264111426
