frame,selected_pixels,selected_percent,mask_switch_percent
0,133036,6.530592208608231,
1,131989,6.479196120012566,5.51656259817782
2,133036,6.530592208608231,5.51656259817782
3,131989,6.479196120012566,5.51656259817782
4,133036,6.530592208608231,5.51656259817782
5,131989,6.479196120012566,5.51656259817782
6,133036,6.530592208608231,5.51656259817782
7,131989,6.479196120012566,5.51656259817782
8,133036,6.530592208608231,5.51656259817782
9,131989,6.479196120012566,5.51656259817782
10,133036,6.530592208608231,5.51656259817782
11,131989,6.479196120012566,5.51656259817782
12,133036,6.530592208608231,5.51656259817782
13,131989,6.479196120012566,5.51656259817782
14,133036,6.530592208608231,5.51656259817782
15,131989,6.479196120012566,5.51656259817782
16,133036,6.530592208608231,5.51656259817782
17,131989,6.479196120012566,5.51656259817782
18,133036,6.530592208608231,5.51656259817782
19,131989,6.479196120012566,5.51656259817782
20,133036,6.530592208608231,5.51656259817782
21,131989,6.479196120012566,5.51656259817782
22,133036,6.530592208608231,5.51656259817782
23,131989,6.479196120012566,5.51656259817782
24,133036,6.530592208608231,5.51656259817782
25,131989,6.479196120012566,5.51656259817782
26,133036,6.530592208608231,5.51656259817782
27,131989,6.479196120012566,5.51656259817782
28,133036,6.530592208608231,5.51656259817782
29,131989,6.479196120012566,5.51656259817782
30,133036,6.530592208608231,5.51656259817782
31,131989,6.479196120012566,5.51656259817782
32,133036,6.530592208608231,5.51656259817782
33,131989,6.479196120012566,5.51656259817782
34,133036,6.530592208608231,5.51656259817782
35,131989,6.479196120012566,5.51656259817782
36,133036,6.530592208608231,5.51656259817782
37,131989,6.479196120012566,5.51656259817782
38,133036,6.530592208608231,5.51656259817782
39,131989,6.479196120012566,5.51656259817782
40,133036,6.530592208608231,5.51656259817782
41,131989,6.479196120012566,5.51656259817782
42,133036,6.530592208608231,5.51656259817782
43,131989,6.479196120012566,5.51656259817782
44,133036,6.530592208608231,5.51656259817782
45,131989,6.479196120012566,5.51656259817782
46,133036,6.530592208608231,5.51656259817782
47,131989,6.479196120012566,5.51656259817782
48,133036,6.530592208608231,5.51656259817782
49,131989,6.479196120012566,5.51656259817782
50,133036,6.530592208608231,5.51656259817782
51,131989,6.479196120012566,5.51656259817782
52,133036,6.530592208608231,5.51656259817782
53,131989,6.479196120012566,5.51656259817782
54,133036,6.530592208608231,5.51656259817782
55,131989,6.479196120012566,5.51656259817782
56,133036,6.530592208608231,5.51656259817782
57,131989,6.479196120012566,5.51656259817782
58,133036,6.530592208608231,5.51656259817782
59,131989,6.479196120012566,5.51656259817782
60,133036,6.530592208608231,5.51656259817782
61,153316,7.5261153000314165,5.553919258561106
62,167671,8.230786600691172,8.667285186930568
63,173299,8.507058985234057,5.884582155199497
64,176180,8.648484134464342,9.231611294376375
65,177817,8.728842679861765,5.954533851712221
66,180412,8.856228400879672,9.49806589695256
67,182227,8.945324772227458,6.197916666666667
68,184908,9.076932139491047,9.814002120640906
69,187312,9.194941878730758,6.605207351555137
70,191219,9.386732249450205,10.239308435438266
71,194779,9.56148876845743,6.988002670436695
72,200270,9.831035972353126,10.799511074458058
73,205666,10.09591972981464,7.556157712849513
74,211774,10.3957547910776,11.357504712535343
75,217465,10.675119776939994,8.252287543198241
76,224436,11.017318567389257,12.06993206094879
77,230671,11.323387920201068,8.896726751492302
78,239548,11.759150172792962,12.806462064090482
79,247686,12.158635721017907,9.654021363493559
80,256200,12.576578699340246,13.756970625196354
81,266177,13.06633875274898,10.615722196041471
82,275747,13.536119619855484,14.678860351869305
83,288390,14.156750706880302,11.737698319195728
84,299460,14.70016493873704,16.08673028589381
85,313834,15.405768928683633,13.15229343386742
86,330976,16.247251021049326,17.714911247251024
87,342519,16.813884307257304,14.444755340873389
88,351681,17.263636899151745,18.59586082312284
89,360030,17.673480207351556,15.409450596921143
90,368043,18.066829641847313,19.62903510838831
91,376349,18.474562126924283,16.539919101476595
92,386361,18.96604029217719,20.623134621426328
93,397064,19.49143889412504,17.825803094564876
94,409974,20.125176720075398,21.837397895067546
95,418053,20.52176602262017,19.130389962299716
96,427418,20.981483663210806,22.811763666352498
97,432958,21.253436223688343,20.212162268300347
98,436475,21.42608191957273,23.321404728243795
99,440158,21.606876374489474,20.541008875274898
100,441315,21.663672243166822,23.414379123468425
101,446484,21.917412818096135,20.714979971724787
102,449018,22.041804115614198,23.731542569902608
103,452263,22.201097628023877,21.142544376374488
104,456685,22.41816878730757,24.02970860823123
105,460269,22.5941034401508,21.45195177505498
106,462262,22.691937637448948,24.05597117499215
107,467483,22.9482308356896,21.73445845114672
108,470018,23.0726712221175,24.494040606346214
109,472999,23.219005262331134,22.173116949418787
110,480392,23.58191957273013,24.666048146402765
111,480768,23.60037700282752,22.551936066603833
112,485330,23.824320609487902,24.901920358152687
113,488960,24.002513352183474,22.916666666666664
114,491325,24.11860862393968,25.09969957587182
115,497051,24.399691721646246,23.462633521834746
116,499571,24.523395774426643,25.702560477536913
117,505368,24.807964184731386,24.006587731699653
118,508648,24.968975808985235,26.02684181589695
119,512845,25.175001963556394,24.054596685516806
120,516782,25.368265001570844,26.1663034087339
121,518459,25.45058710336161,24.586818645931512
122,521268,25.588477851083884,26.197229421929
123,519631,25.50811930568646,24.584756911718504
124,520238,25.537916273955386,26.298450754005653
125,520661,25.558680882814954,24.59565464970154
126,520785,25.564767907634305,26.308710336160857
127,521231,25.586661561420044,24.54740025133522
128,519217,25.487796497015395,26.209354382657867
129,520913,25.571051288092995,24.567821237825953
130,521216,25.58592522777254,26.269390119384227
131,518810,25.467817310713166,24.649996072887213
132,519656,25.509346528432296,26.13650644046497
133,517447,25.400909126610117,24.445344407791392
134,517786,25.41755026704367,26.113876453031732
135,517275,25.392465834118756,24.43199222431668
136,517414,25.399289192585613,25.83279335532517
137,517907,25.42349002513352,24.30269203581527
138,516040,25.331841030474394,26.061351319509896
139,516411,25.35005301602262,24.478037621740498
140,516585,25.358594486333647,25.92925306314797
141,517531,25.405032595036133,24.334648916116873
142,514834,25.272639805215206,25.862344879044922
143,514829,25.27239436066604,24.327531024191014
144,514038,25.233565032987748,25.851348963242227
145,511712,25.11938422871505,24.26513901979265
146,512258,25.146186773484136,25.632363336475024
147,511143,25.09145263901979,24.244276233113414
148,510733,25.071326185988063,25.677525133521833
149,510099,25.04020381715363,24.18964027646874
150,509441,25.007903314483194,25.52770578071002
151,509415,25.00662700282752,24.131911718504558
152,506330,24.855187715991203,25.418482956330507
153,507663,24.920623232799247,23.91930765001571
154,504891,24.784548774740813,25.255458686773487
155,505615,24.82008914546026,23.973158184103045
156,502936,24.688579956016337,25.25148248507697
157,501028,24.594918316054038,23.80007068803016
158,501249,24.605766965127238,25.124538564247565
159,498878,24.48937715991203,23.771157320138233
160,498420,24.466894439208296,25.01796654099906
161,494746,24.28654178448005,23.504948162111216
162,493567,24.228665959786365,24.78611961985548
163,491504,24.127395538799874,23.290184181589694
164,488338,23.971980050267046,24.52707744266415
165,485866,23.850632265158655,23.01386270813698
166,483658,23.74224395224631,24.459334747093937
167,482837,23.70194195727301,22.728901586553565
168,477977,23.46336985548225,24.15871426327364
169,476446,23.38821473452718,22.443498664781654
170,472927,23.215470860823125,23.859910069117184
171,469798,23.061871661954132,22.149456094879046
172,465865,22.868804979579014,23.62536325793277
173,463441,22.749813462142633,21.76248821866164
174,462027,22.680401743638075,23.451048539114044
175,458389,22.50181628966384,21.43211985548225
176,455139,22.342277332704995,23.043512409676406
177,450575,22.118235548224945,20.885662111215833
178,448209,22.002091187558907,22.787955545083253
179,442765,21.734851162425382,20.57915095821552
180,438451,21.523081605403707,22.461808828149543
181,440059,21.602016572415963,20.59790292177191
182,438451,21.523081605403707,20.59790292177191
183,440059,21.602016572415963,20.59790292177191
184,438451,21.523081605403707,20.59790292177191
185,440059,21.602016572415963,20.59790292177191
186,438451,21.523081605403707,20.59790292177191
187,440059,21.602016572415963,20.59790292177191
188,438451,21.523081605403707,20.59790292177191
189,440059,21.602016572415963,20.59790292177191
190,438451,21.523081605403707,20.59790292177191
191,440059,21.602016572415963,20.59790292177191
192,438451,21.523081605403707,20.59790292177191
193,440059,21.602016572415963,20.59790292177191
194,438451,21.523081605403707,20.59790292177191
195,440059,21.602016572415963,20.59790292177191
196,438451,21.523081605403707,20.59790292177191
197,440059,21.602016572415963,20.59790292177191
198,438451,21.523081605403707,20.59790292177191
199,440059,21.602016572415963,20.59790292177191
200,438451,21.523081605403707,20.59790292177191
201,440059,21.602016572415963,20.59790292177191
202,438451,21.523081605403707,20.59790292177191
203,440059,21.602016572415963,20.59790292177191
204,438451,21.523081605403707,20.59790292177191
205,440059,21.602016572415963,20.59790292177191
206,438451,21.523081605403707,20.59790292177191
207,440059,21.602016572415963,20.59790292177191
208,438451,21.523081605403707,20.59790292177191
209,440059,21.602016572415963,20.59790292177191
210,438451,21.523081605403707,20.59790292177191
211,440059,21.602016572415963,20.59790292177191
212,438451,21.523081605403707,20.59790292177191
213,440059,21.602016572415963,20.59790292177191
214,438451,21.523081605403707,20.59790292177191
215,440059,21.602016572415963,20.59790292177191
216,438451,21.523081605403707,20.59790292177191
217,440059,21.602016572415963,20.59790292177191
218,438451,21.523081605403707,20.59790292177191
219,440059,21.602016572415963,20.59790292177191
220,438451,21.523081605403707,20.59790292177191
221,440059,21.602016572415963,20.59790292177191
222,438451,21.523081605403707,20.59790292177191
223,440059,21.602016572415963,20.59790292177191
224,438451,21.523081605403707,20.59790292177191
225,440059,21.602016572415963,20.59790292177191
226,438451,21.523081605403707,20.59790292177191
227,440059,21.602016572415963,20.59790292177191
228,438451,21.523081605403707,20.59790292177191
229,440059,21.602016572415963,20.59790292177191
230,438451,21.523081605403707,20.59790292177191
231,440059,21.602016572415963,20.59790292177191
232,438451,21.523081605403707,20.59790292177191
233,440059,21.602016572415963,20.59790292177191
234,438451,21.523081605403707,20.59790292177191
235,440059,21.602016572415963,20.59790292177191
236,438451,21.523081605403707,20.59790292177191
237,440059,21.602016572415963,20.59790292177191
238,438451,21.523081605403707,20.59790292177191
239,440059,21.602016572415963,20.59790292177191
