mode,run,metric,samples,mean_ms,median_ms,p95_ms,p99_ms,stddev_ms,slowest_one_percent_equivalent_fps
ABL-ET2X-R-PreviousRawEdge-CatmullRomRGB,0,SF_Spatial,4800,0.1862752,0.201728,0.241664,0.243712,0.046424026,4085.67942125
ABL-ET2X-R-PreviousRawEdge-CatmullRomRGB,0,SMAA,4800,0.244484053,0.265216,0.318464,0.320512,0.062347857,3101.634354529
ABL-ET2X-R-PreviousRawEdge-CatmullRomRGB,0,SR_CameraVelocity,4800,0.02371264,0.023552,0.024576,0.024576,0.000427061,40690.104166667
ABL-ET2X-R-PreviousRawEdge-CatmullRomRGB,0,SR_Resolve,4800,0.034474667,0.039936,0.053248,0.054272,0.015967347,17575.928008999
ABL-ET2X-R-PreviousRawEdge-CatmullRomRGB,0,WallFrame,4800,1.226459229,1.2155,1.366,1.495,0.071542177,638.050118837
ABL-ET2X-R-PreviousRawEdge-CatmullRomRGB,0,WholeFrame,4800,1.190262047,1.197056,1.294272,1.41824,0.068870016,679.35767185
ABL-ET2X-R-PreviousRawEdge-CatmullRomRGB-Fixed080,0,SF_Spatial,4800,0.188029013,0.201728,0.242688,0.244736,0.046001779,4068.304113869
ABL-ET2X-R-PreviousRawEdge-CatmullRomRGB-Fixed080,0,SMAA,4800,0.247027627,0.26624,0.319488,0.32256,0.061628703,3077.200814022
ABL-ET2X-R-PreviousRawEdge-CatmullRomRGB-Fixed080,0,SR_CameraVelocity,4800,0.023762347,0.023552,0.024576,0.024576,0.000447685,40690.104166667
ABL-ET2X-R-PreviousRawEdge-CatmullRomRGB-Fixed080,0,SR_Resolve,4800,0.035215787,0.039936,0.053248,0.05632,0.015700283,17451.600893522
ABL-ET2X-R-PreviousRawEdge-CatmullRomRGB-Fixed080,0,WallFrame,4800,1.236600313,1.2244,1.3775,1.5128,0.075456344,618.805499118
ABL-ET2X-R-PreviousRawEdge-CatmullRomRGB-Fixed080,0,WholeFrame,4800,1.201043887,1.204224,1.323008,1.380352,0.06860791,685.925315537
O-T2X-R,0,SF_Spatial,4800,0.16624512,0.187392,0.207872,0.20992,0.038972546,4738.677719369
O-T2X-R,0,SMAA,4800,0.224866773,0.242688,0.272384,0.274432,0.042556239,3624.449083739
O-T2X-R,0,SR_CameraVelocity,4800,0.023777493,0.023552,0.024576,0.024576,0.000447388,40690.104166667
O-T2X-R,0,SR_Resolve,4800,0.034832213,0.032768,0.04096,0.04096,0.004816765,23903.620601734
O-T2X-R,0,WallFrame,4800,1.204034333,1.1877,1.3357,1.46,0.064123271,652.68825977
O-T2X-R,0,WholeFrame,4800,1.17177258,1.171456,1.299456,1.38752,0.056588904,697.144588717
O-T2X-R,1,SF_Spatial,4800,0.167322027,0.187392,0.208896,0.214016,0.03860883,4644.307936193
O-T2X-R,1,SMAA,4800,0.225990187,0.242688,0.274432,0.278528,0.041987346,3576.879053796
O-T2X-R,1,SR_CameraVelocity,4800,0.023755947,0.023552,0.024576,0.024576,0.00044429,40690.104166667
O-T2X-R,1,SR_Resolve,4800,0.034882987,0.032768,0.04096,0.041984,0.00482308,23806.500761808
O-T2X-R,1,WallFrame,4800,1.216605396,1.1915,1.4058,1.531,0.079801228,632.740358948
O-T2X-R,1,WholeFrame,4800,1.184301187,1.173504,1.323008,1.437696,0.071018495,683.799646704
ABL-ET2X-R-PreviousRawEdge-CatmullRomRGB-Fixed080,1,SF_Spatial,4800,0.186770773,0.201728,0.241664,0.244736,0.046434489,4083.543862706
ABL-ET2X-R-PreviousRawEdge-CatmullRomRGB-Fixed080,1,SMAA,4800,0.245450453,0.26624,0.319488,0.321536,0.062524471,3093.651003168
ABL-ET2X-R-PreviousRawEdge-CatmullRomRGB-Fixed080,1,SR_CameraVelocity,4800,0.02381376,0.023552,0.024576,0.024576,0.000474659,40690.104166667
ABL-ET2X-R-PreviousRawEdge-CatmullRomRGB-Fixed080,1,SR_Resolve,4800,0.034841813,0.039936,0.053248,0.055296,0.016134134,17682.006789891
ABL-ET2X-R-PreviousRawEdge-CatmullRomRGB-Fixed080,1,WallFrame,4800,1.241596563,1.2211,1.4372,1.6179,0.090170534,594.907591021
ABL-ET2X-R-PreviousRawEdge-CatmullRomRGB-Fixed080,1,WholeFrame,4800,1.202434633,1.201152,1.366016,1.463296,0.077703414,656.288844096
ABL-ET2X-R-PreviousRawEdge-CatmullRomRGB,1,SF_Spatial,4800,0.18794624,0.202752,0.241664,0.243712,0.045534952,4087.460760377
ABL-ET2X-R-PreviousRawEdge-CatmullRomRGB,1,SMAA,4800,0.24707776,0.26624,0.318464,0.32256,0.061239038,3083.881578947
ABL-ET2X-R-PreviousRawEdge-CatmullRomRGB,1,SR_CameraVelocity,4800,0.023854933,0.023552,0.024576,0.024576,0.000473408,40690.104166667
ABL-ET2X-R-PreviousRawEdge-CatmullRomRGB,1,SR_Resolve,4800,0.035254187,0.039936,0.053248,0.055296,0.015748662,17322.616407982
ABL-ET2X-R-PreviousRawEdge-CatmullRomRGB,1,WallFrame,4800,1.232029896,1.2213,1.373,1.4952,0.070552958,636.453680095
ABL-ET2X-R-PreviousRawEdge-CatmullRomRGB,1,WholeFrame,4800,1.1997057,1.206208,1.324032,1.40288,0.068230001,682.10249454
ABL-ET2X-R-PreviousRawEdge-CatmullRomRGB,2,SF_Spatial,4800,0.186963413,0.201728,0.242688,0.244736,0.046487481,4073.607369427
ABL-ET2X-R-PreviousRawEdge-CatmullRomRGB,2,SMAA,4800,0.245579733,0.26624,0.319488,0.32256,0.062616442,3086.927889365
ABL-ET2X-R-PreviousRawEdge-CatmullRomRGB,2,SR_CameraVelocity,4800,0.02383744,0.023552,0.024576,0.024576,0.000472742,40690.104166667
ABL-ET2X-R-PreviousRawEdge-CatmullRomRGB,2,SR_Resolve,4800,0.03475648,0.039936,0.053248,0.057344,0.016146646,17438.616071429
ABL-ET2X-R-PreviousRawEdge-CatmullRomRGB,2,WallFrame,4800,1.231325708,1.2189,1.3772,1.4989,0.07056615,636.304344368
ABL-ET2X-R-PreviousRawEdge-CatmullRomRGB,2,WholeFrame,4800,1.200469953,1.204224,1.33632,1.406976,0.0708504,682.910839161
ABL-ET2X-R-PreviousRawEdge-CatmullRomRGB-Fixed080,2,SF_Spatial,4800,0.188793173,0.202752,0.243712,0.24576,0.046142381,4059.847566257
ABL-ET2X-R-PreviousRawEdge-CatmullRomRGB-Fixed080,2,SMAA,4800,0.24817856,0.267264,0.321536,0.324608,0.061949331,3058.128914405
ABL-ET2X-R-PreviousRawEdge-CatmullRomRGB-Fixed080,2,SR_CameraVelocity,4800,0.02388352,0.023552,0.024576,0.024576,0.000482317,40690.104166667
ABL-ET2X-R-PreviousRawEdge-CatmullRomRGB-Fixed080,2,SR_Resolve,4800,0.03548352,0.04096,0.053248,0.057344,0.015835714,17189.218921892
ABL-ET2X-R-PreviousRawEdge-CatmullRomRGB-Fixed080,2,WallFrame,4800,1.227944354,1.2177,1.3669,1.4879,0.066280026,650.634843394
ABL-ET2X-R-PreviousRawEdge-CatmullRomRGB-Fixed080,2,WholeFrame,4800,1.196267767,1.202176,1.289216,1.38752,0.066100196,683.309037901
O-T2X-R,2,SF_Spatial,4800,0.16688,0.187392,0.208896,0.210944,0.039098856,4735.326800687
O-T2X-R,2,SMAA,4800,0.225533013,0.243712,0.273408,0.275456,0.0426537,3621.089223638
O-T2X-R,2,SR_CameraVelocity,4800,0.02384,0.023552,0.024576,0.024576,0.000482638,40690.104166667
O-T2X-R,2,SR_Resolve,4800,0.03479104,0.032768,0.04096,0.04096,0.004784624,23867.107942974
O-T2X-R,2,WallFrame,4800,1.205927687,1.1913,1.3302,1.4606,0.065196184,643.365229058
O-T2X-R,2,WholeFrame,4800,1.173956147,1.173504,1.29536,1.368064,0.056048629,689.593346803
O-T2X-R,3,SF_Spatial,4800,0.167760213,0.188416,0.208896,0.212992,0.038506594,4667.430050782
O-T2X-R,3,SMAA,4800,0.226352213,0.243712,0.273408,0.277504,0.04182211,3585.360256999
O-T2X-R,3,SR_CameraVelocity,4800,0.023829333,0.023552,0.024576,0.024576,0.000463145,40690.104166667
O-T2X-R,3,SR_Resolve,4800,0.034743467,0.032768,0.04096,0.041984,0.004731637,23818.597560976
O-T2X-R,3,WallFrame,4800,1.203194042,1.1918,1.3201,1.4378,0.056207695,665.528797292
O-T2X-R,3,WholeFrame,4800,1.173638947,1.173504,1.262592,1.348608,0.050768778,709.578841305
ABL-ET2X-R-PreviousRawEdge-CatmullRomRGB-Fixed080,3,SF_Spatial,4800,0.187422293,0.202752,0.242688,0.244736,0.046646202,4068.657234615
ABL-ET2X-R-PreviousRawEdge-CatmullRomRGB-Fixed080,3,SMAA,4800,0.246102827,0.26624,0.319488,0.32256,0.062590995,3079.626831351
ABL-ET2X-R-PreviousRawEdge-CatmullRomRGB-Fixed080,3,SR_CameraVelocity,4800,0.023927253,0.023552,0.024576,0.024576,0.000499561,40444.348576359
ABL-ET2X-R-PreviousRawEdge-CatmullRomRGB-Fixed080,3,SR_Resolve,4800,0.034728747,0.039936,0.053248,0.055296,0.015981319,17575.928008999
ABL-ET2X-R-PreviousRawEdge-CatmullRomRGB-Fixed080,3,WallFrame,4800,1.232509,1.2205,1.3742,1.5089,0.071468873,627.291082665
ABL-ET2X-R-PreviousRawEdge-CatmullRomRGB-Fixed080,3,WholeFrame,4800,1.200360253,1.206272,1.335296,1.414144,0.069042952,684.096846222
ABL-ET2X-R-PreviousRawEdge-CatmullRomRGB,3,SF_Spatial,4800,0.18845312,0.203776,0.241664,0.243712,0.045622427,4081.055197632
ABL-ET2X-R-PreviousRawEdge-CatmullRomRGB,3,SMAA,4800,0.247668267,0.267264,0.319488,0.323584,0.061395831,3076.392990746
ABL-ET2X-R-PreviousRawEdge-CatmullRomRGB,3,SR_CameraVelocity,4800,0.02388352,0.023552,0.024576,0.024576,0.000489063,40690.104166667
ABL-ET2X-R-PreviousRawEdge-CatmullRomRGB,3,SR_Resolve,4800,0.035312427,0.04096,0.053248,0.057344,0.015836595,17277.921120531
ABL-ET2X-R-PreviousRawEdge-CatmullRomRGB,3,WallFrame,4800,1.233010688,1.2228,1.369,1.491,0.068375413,640.719314217
ABL-ET2X-R-PreviousRawEdge-CatmullRomRGB,3,WholeFrame,4800,1.20175626,1.206272,1.316864,1.472512,0.069289523,668.849792389
ABL-ET2X-R-PreviousRawEdge-CatmullRomRGB,4,SF_Spatial,4800,0.187467947,0.202752,0.242688,0.244736,0.04662396,4068.657234615
ABL-ET2X-R-PreviousRawEdge-CatmullRomRGB,4,SMAA,4800,0.246138667,0.26624,0.319488,0.32256,0.062578941,3082.259337191
ABL-ET2X-R-PreviousRawEdge-CatmullRomRGB,4,SR_CameraVelocity,4800,0.02389248,0.023552,0.024576,0.024576,0.000489607,40690.104166667
ABL-ET2X-R-PreviousRawEdge-CatmullRomRGB,4,SR_Resolve,4800,0.03475648,0.039936,0.053248,0.054272,0.015988389,17722.117202268
ABL-ET2X-R-PreviousRawEdge-CatmullRomRGB,4,WallFrame,4800,1.231990062,1.2196,1.3761,1.5026,0.070992089,638.379367579
ABL-ET2X-R-PreviousRawEdge-CatmullRomRGB,4,WholeFrame,4800,1.200961613,1.205248,1.342464,1.432576,0.07146243,680.444611582
ABL-ET2X-R-PreviousRawEdge-CatmullRomRGB-Fixed080,4,SF_Spatial,4800,0.187491627,0.201728,0.241664,0.242688,0.045411311,4095.674967235
ABL-ET2X-R-PreviousRawEdge-CatmullRomRGB-Fixed080,4,SMAA,4800,0.24668032,0.26624,0.318464,0.32256,0.061146047,3085.302441914
ABL-ET2X-R-PreviousRawEdge-CatmullRomRGB-Fixed080,4,SR_CameraVelocity,4800,0.02375296,0.023552,0.024576,0.024576,0.000449553,40690.104166667
ABL-ET2X-R-PreviousRawEdge-CatmullRomRGB-Fixed080,4,SR_Resolve,4800,0.03541504,0.039936,0.053248,0.05632,0.015746028,17471.114424152
ABL-ET2X-R-PreviousRawEdge-CatmullRomRGB-Fixed080,4,WallFrame,4800,1.282433125,1.2427,1.5593,1.6741,0.123947105,570.28189747
ABL-ET2X-R-PreviousRawEdge-CatmullRomRGB-Fixed080,4,WholeFrame,4800,1.223807887,1.21344,1.42848,1.559552,0.095292988,623.960066556
O-T2X-R,4,SF_Spatial,4800,0.16659392,0.187392,0.208896,0.210944,0.03907586,4718.168092602
O-T2X-R,4,SMAA,4800,0.22521792,0.242688,0.273408,0.275456,0.04267902,3614.109483423
O-T2X-R,4,SR_CameraVelocity,4800,0.023812267,0.023552,0.024576,0.024576,0.000471558,40444.348576359
O-T2X-R,4,SR_Resolve,4800,0.03478528,0.032768,0.04096,0.041984,0.004829829,23818.597560976
O-T2X-R,4,WallFrame,4800,1.217459646,1.1969,1.3662,1.4825,0.073485015,631.115575669
O-T2X-R,4,WholeFrame,4800,1.181265473,1.1776,1.318912,1.404928,0.062064109,694.351864196
O-T2X-R,5,SF_Spatial,4800,0.168076587,0.188416,0.20992,0.214016,0.038732353,4641.089108911
O-T2X-R,5,SMAA,4800,0.226737067,0.243712,0.274432,0.279552,0.042077594,3562.471500228
O-T2X-R,5,SR_CameraVelocity,4800,0.023844693,0.023552,0.024576,0.024576,0.000466884,40690.104166667
O-T2X-R,5,SR_Resolve,4800,0.034805333,0.032768,0.04096,0.041984,0.004718867,23806.500761808
O-T2X-R,5,WallFrame,4800,1.206256917,1.1921,1.337,1.454,0.063000585,655.249848131
O-T2X-R,5,WholeFrame,4800,1.175830347,1.174528,1.299456,1.401856,0.057260964,686.093793596
ABL-ET2X-R-PreviousRawEdge-CatmullRomRGB-Fixed080,5,SF_Spatial,4800,0.18765184,0.202752,0.243712,0.24576,0.04663753,4054.229372081
ABL-ET2X-R-PreviousRawEdge-CatmullRomRGB-Fixed080,5,SMAA,4800,0.246228267,0.26624,0.320512,0.323584,0.062630928,3071.756225426
ABL-ET2X-R-PreviousRawEdge-CatmullRomRGB-Fixed080,5,SR_CameraVelocity,4800,0.02390976,0.023552,0.024576,0.024576,0.000501895,40690.104166667
ABL-ET2X-R-PreviousRawEdge-CatmullRomRGB-Fixed080,5,SR_Resolve,4800,0.034647893,0.039936,0.053248,0.05632,0.01601655,17412.704309064
ABL-ET2X-R-PreviousRawEdge-CatmullRomRGB-Fixed080,5,WallFrame,4800,1.228524792,1.2185,1.3674,1.472,0.065112796,650.369491167
ABL-ET2X-R-PreviousRawEdge-CatmullRomRGB-Fixed080,5,WholeFrame,4800,1.197450673,1.2032,1.314816,1.432576,0.069663949,671.203104717
ABL-ET2X-R-PreviousRawEdge-CatmullRomRGB,5,SF_Spatial,4800,0.18840256,0.202752,0.241664,0.242688,0.045622988,4095.674967235
ABL-ET2X-R-PreviousRawEdge-CatmullRomRGB,5,SMAA,4800,0.2476,0.267264,0.319488,0.321536,0.061337146,3094.467916557
ABL-ET2X-R-PreviousRawEdge-CatmullRomRGB,5,SR_CameraVelocity,4800,0.023919573,0.023552,0.024576,0.024576,0.000504806,40690.104166667
ABL-ET2X-R-PreviousRawEdge-CatmullRomRGB,5,SR_Resolve,4800,0.035261227,0.039936,0.053248,0.05632,0.015738453,17556.179775281
ABL-ET2X-R-PreviousRawEdge-CatmullRomRGB,5,WallFrame,4800,1.230817937,1.2206,1.3701,1.4844,0.067468524,643.133345661
ABL-ET2X-R-PreviousRawEdge-CatmullRomRGB,5,WholeFrame,4800,1.200963033,1.207296,1.3312,1.389568,0.068501659,685.768520208
