frame,patch,pixels,current_edge_percent,selected_percent,previous_only_percent,mean_selected_weight,zero_weight_selected,selected_changed_percent,selected_current_output_rgb_mae,nonselected_changed_pixels
0,whole_leaves_crop,20480,44.951171875,44.951171875,0.0,0.5,0,0.0,0.0,0
0,A_grass_top,352,38.35227272727273,38.35227272727273,0.0,0.5,0,0.0,0.0,0
0,B_grass_front,528,40.71969696969697,40.71969696969697,0.0,0.5,0,0.0,0.0,0
0,C_leaf_detail,3696,60.55194805194806,60.55194805194806,0.0,0.5,0,0.0,0.0,0
0,D_grass_top_right,533,15.947467166979362,15.947467166979362,0.0,0.5,0,0.0,0.0,0
1,whole_leaves_crop,20480,44.951171875,44.951171875,0.0,0.5,0,0.0,0.0,0
1,A_grass_top,352,38.35227272727273,38.35227272727273,0.0,0.5,0,0.0,0.0,0
1,B_grass_front,528,40.71969696969697,40.71969696969697,0.0,0.5,0,0.0,0.0,0
1,C_leaf_detail,3696,60.55194805194806,60.55194805194806,0.0,0.5,0,0.0,0.0,0
1,D_grass_top_right,533,15.947467166979362,15.947467166979362,0.0,0.5,0,0.0,0.0,0
59,whole_leaves_crop,20480,44.951171875,44.951171875,0.0,0.5,0,0.0,0.0,0
59,A_grass_top,352,38.35227272727273,38.35227272727273,0.0,0.5,0,0.0,0.0,0
59,B_grass_front,528,40.71969696969697,40.71969696969697,0.0,0.5,0,0.0,0.0,0
59,C_leaf_detail,3696,60.55194805194806,60.55194805194806,0.0,0.5,0,0.0,0.0,0
59,D_grass_top_right,533,15.947467166979362,15.947467166979362,0.0,0.5,0,0.0,0.0,0
60,whole_leaves_crop,20480,44.951171875,44.951171875,0.0,0.5,0,0.0,0.0,0
60,A_grass_top,352,38.35227272727273,38.35227272727273,0.0,0.5,0,0.0,0.0,0
60,B_grass_front,528,40.71969696969697,40.71969696969697,0.0,0.5,0,0.0,0.0,0
60,C_leaf_detail,3696,60.55194805194806,60.55194805194806,0.0,0.5,0,0.0,0.0,0
60,D_grass_top_right,533,15.947467166979362,15.947467166979362,0.0,0.5,0,0.0,0.0,0
61,whole_leaves_crop,20480,44.62890625,53.7744140625,9.1455078125,0.20244039595127106,0,74.02161082357213,1.2125064317927299,0
61,A_grass_top,352,39.20454545454545,46.590909090909086,7.386363636363637,0.21287216246128082,0,71.34146341463415,1.41869918699187,0
61,B_grass_front,528,34.84848484848485,46.21212121212121,11.363636363636363,0.21569372713565826,0,65.98360655737704,0.8524590163934426,0
61,C_leaf_detail,3696,61.958874458874455,71.21212121212122,9.253246753246753,0.1995820850133896,0,80.35714285714286,1.3805724417426546,0
61,D_grass_top_right,533,13.883677298311445,20.075046904315197,6.191369606003752,0.1845656931400299,0,68.22429906542055,1.277258566978193,0
126,whole_leaves_crop,20480,41.7431640625,47.978515625,6.2353515625,0.49779701232910156,0,92.66232444534907,2.539656693127078,0
126,A_grass_top,352,9.375,11.647727272727272,2.272727272727273,0.49995753169059753,0,92.6829268292683,1.1382113821138211,0
126,B_grass_front,528,24.810606060606062,30.681818181818183,5.871212121212121,0.49995753169059753,0,91.9753086419753,1.0534979423868314,0
126,C_leaf_detail,3696,62.175324675324674,70.29220779220779,8.116883116883116,0.4997861981391907,0,93.9183987682833,2.9311008468052346,0
126,D_grass_top_right,533,22.138836772983115,25.89118198874296,3.75234521575985,0.4999380111694336,0,91.30434782608695,1.2753623188405796,0
127,whole_leaves_crop,20480,41.9580078125,48.203125,6.2451171875,0.49802377820014954,0,91.13654781199352,2.5123919502971366,0
127,A_grass_top,352,10.795454545454545,11.363636363636363,0.5681818181818182,0.49995750188827515,0,90.0,1.2416666666666667,0
127,B_grass_front,528,27.083333333333332,31.62878787878788,4.545454545454546,0.49995750188827515,0,84.4311377245509,1.403193612774451,0
127,C_leaf_detail,3696,63.69047619047619,71.13095238095238,7.440476190476191,0.4998880624771118,0,93.83796120197793,2.792443261062508,0
127,D_grass_top_right,533,22.88930581613508,25.14071294559099,2.25140712945591,0.499938040971756,0,90.29850746268657,1.3482587064676617,0
128,whole_leaves_crop,20480,41.455078125,48.10546875,6.650390624999999,0.4970110356807709,0,91.64636622005685,2.5129922858302884,0
128,A_grass_top,352,9.659090909090908,11.931818181818182,2.272727272727273,0.49995753169059753,0,88.09523809523809,1.0714285714285714,0
128,B_grass_front,528,26.136363636363637,33.33333333333333,7.196969696969697,0.49995753169059753,0,89.77272727272727,1.7518939393939394,0
128,C_leaf_detail,3696,62.63528138528138,71.61796536796537,8.982683982683982,0.4997393488883972,0,94.25765017000379,2.886916005540864,0
128,D_grass_top_right,533,21.575984990619137,25.328330206378986,3.75234521575985,0.49993807077407837,0,93.33333333333333,1.237037037037037,0
129,whole_leaves_crop,20480,41.4794921875,47.8466796875,6.3671875,0.49775850772857666,0,91.35626084294316,2.4972616253359186,0
129,A_grass_top,352,8.238636363636363,10.511363636363637,2.272727272727273,0.4999575614929199,0,89.1891891891892,0.8468468468468469,0
129,B_grass_front,528,25.0,31.62878787878788,6.628787878787879,0.49995750188827515,0,87.42514970059881,1.471057884231537,0
129,C_leaf_detail,3696,61.71536796536796,70.02164502164501,8.306277056277056,0.49983641505241394,0,94.08809891808346,2.744075218959299,0
129,D_grass_top_right,533,21.013133208255162,24.202626641651033,3.189493433395872,0.4999380111694336,0,93.02325581395348,1.2377260981912144,0
130,whole_leaves_crop,20480,41.3623046875,47.5341796875,6.171875,0.4972987174987793,0,91.01181304571135,2.564149974319466,0
130,A_grass_top,352,8.806818181818182,9.659090909090908,0.8522727272727272,0.49995753169059753,0,76.47058823529412,0.9901960784313726,0
130,B_grass_front,528,27.46212121212121,32.196969696969695,4.734848484848484,0.49995753169059753,0,90.58823529411765,1.6823529411764706,0
130,C_leaf_detail,3696,60.03787878787878,68.88528138528139,8.847402597402597,0.4997314512729645,0,92.77297721916732,2.8595181984812776,0
130,D_grass_top_right,533,25.14071294559099,28.705440900562852,3.564727954971857,0.4999380111694336,0,90.19607843137256,2.1176470588235294,0
131,whole_leaves_crop,20480,41.4306640625,47.5390625,6.1083984375,0.49730631709098816,0,91.11544782251438,2.529854834291975,0
131,A_grass_top,352,9.659090909090908,10.227272727272728,0.5681818181818182,0.4999575614929199,0,88.88888888888889,0.8425925925925926,0
131,B_grass_front,528,25.568181818181817,31.62878787878788,6.0606060606060606,0.49995750188827515,0,87.42514970059881,1.5548902195608783,0
131,C_leaf_detail,3696,59.55086580086581,67.72186147186147,8.170995670995671,0.49983301758766174,0,93.08829404714342,2.9105073911306434,0
131,D_grass_top_right,533,25.328330206378986,31.144465290806757,5.816135084427768,0.499938040971756,0,90.36144578313254,2.427710843373494,0
132,whole_leaves_crop,20480,41.7041015625,47.783203125,6.0791015625,0.4975910186767578,0,91.48783977110158,2.430649226786566,0
132,A_grass_top,352,8.806818181818182,10.795454545454545,1.9886363636363635,0.4999575912952423,0,89.47368421052632,0.8333333333333334,0
132,B_grass_front,528,26.325757575757574,30.87121212121212,4.545454545454546,0.49995750188827515,0,90.79754601226993,1.507157464212679,0
132,C_leaf_detail,3696,60.90367965367965,68.0465367965368,7.142857142857142,0.49983352422714233,0,92.68389662027833,2.7729622266401592,0
132,D_grass_top_right,533,23.26454033771107,29.643527204502814,6.378986866791744,0.499938040971756,0,93.0379746835443,1.8649789029535866,0
133,whole_leaves_crop,20480,41.89453125,48.193359375,6.298828125,0.49722743034362793,0,90.52684903748734,2.4880108071597435,0
133,A_grass_top,352,9.375,11.363636363636363,1.9886363636363635,0.49995750188827515,0,87.5,1.175,0
133,B_grass_front,528,24.053030303030305,29.734848484848484,5.681818181818182,0.49995753169059753,0,89.171974522293,1.1507430997876857,0
133,C_leaf_detail,3696,62.41883116883117,69.75108225108225,7.332251082251082,0.4997340738773346,0,92.6299456943367,2.6397724334109127,0
133,D_grass_top_right,533,20.26266416510319,26.26641651031895,6.0037523452157595,0.499938040971756,0,94.28571428571428,1.9785714285714286,0
134,whole_leaves_crop,20480,41.8505859375,48.1103515625,6.259765624999999,0.4977155327796936,0,91.26154470719577,2.4213606684935214,0
134,A_grass_top,352,10.511363636363637,11.931818181818182,1.4204545454545454,0.49995753169059753,0,90.47619047619048,0.8888888888888888,0
134,B_grass_front,528,22.348484848484848,27.65151515151515,5.303030303030303,0.49995750188827515,0,89.72602739726028,1.0639269406392695,0
134,C_leaf_detail,3696,62.824675324675326,70.21103896103897,7.386363636363637,0.49973544478416443,0,92.33140655105973,2.5650610147719974,0
134,D_grass_top_right,533,15.196998123827393,20.26266416510319,5.065666041275797,0.499938040971756,0,91.66666666666666,1.4475308641975309,0
135,whole_leaves_crop,20480,42.0263671875,48.037109375,6.0107421875,0.49682995676994324,0,90.81114047570644,2.4395879921393235,0
135,A_grass_top,352,12.5,13.920454545454545,1.4204545454545454,0.49995753169059753,0,75.51020408163265,0.9387755102040817,0
135,B_grass_front,528,23.295454545454543,28.219696969696972,4.924242424242424,0.49995750188827515,0,91.2751677852349,1.1879194630872483,0
135,C_leaf_detail,3696,62.824675324675326,71.53679653679653,8.712121212121213,0.4995900094509125,0,93.00302571860817,2.7114220877458397,0
135,D_grass_top_right,533,15.0093808630394,18.574108818011258,3.564727954971857,0.499938040971756,0,87.87878787878788,1.3333333333333333,0
136,whole_leaves_crop,20480,42.0654296875,48.2763671875,6.2109375,0.49773964285850525,0,90.42176595529483,2.463436836249621,0
136,A_grass_top,352,17.613636363636363,18.75,1.1363636363636365,0.49995753169059753,0,80.3030303030303,0.9595959595959596,0
136,B_grass_front,528,21.401515151515152,25.946969696969695,4.545454545454546,0.49995750188827515,0,91.97080291970804,1.0632603406326033,0
136,C_leaf_detail,3696,62.98701298701299,71.75324675324676,8.766233766233766,0.4998389482498169,0,93.7028657616893,2.886500754147813,0
136,D_grass_top_right,533,15.947467166979362,17.073170731707318,1.125703564727955,0.499938040971756,0,93.4065934065934,1.2637362637362637,0
137,whole_leaves_crop,20480,41.0107421875,47.8662109375,6.85546875,0.49791693687438965,0,90.75793124553708,2.444863817198817,0
137,A_grass_top,352,18.75,21.59090909090909,2.840909090909091,0.49995753169059753,0,72.36842105263158,0.7324561403508771,0
137,B_grass_front,528,21.21212121212121,25.757575757575758,4.545454545454546,0.49995753169059753,0,83.08823529411765,0.803921568627451,0
137,C_leaf_detail,3696,60.52489177489178,71.04978354978356,10.524891774891774,0.4996877908706665,0,93.14546839299315,3.0671490225945672,0
137,D_grass_top_right,533,15.0093808630394,17.636022514071296,2.6266416510318953,0.49993807077407837,0,94.68085106382979,1.4042553191489362,0
138,whole_leaves_crop,20480,41.0498046875,47.275390625,6.2255859375,0.49812665581703186,0,91.51001859120016,2.446257660263031,0
138,A_grass_top,352,20.454545454545457,24.71590909090909,4.261363636363636,0.4999575614929199,0,77.01149425287356,0.8275862068965517,0
138,B_grass_front,528,22.15909090909091,28.219696969696972,6.0606060606060606,0.49995750188827515,0,87.91946308724832,0.9574944071588367,0
138,C_leaf_detail,3696,60.9577922077922,69.23701298701299,8.279220779220779,0.49952706694602966,0,93.98202422821414,2.9383873909079066,0
138,D_grass_top_right,533,15.75984990619137,17.073170731707318,1.3133208255159476,0.499938040971756,0,89.01098901098901,1.336996336996337,0
172,whole_leaves_crop,20480,40.0390625,45.458984375,5.419921875,0.4975895285606384,0,89.33404940923738,2.0371643394199785,0
172,A_grass_top,352,29.261363636363637,34.090909090909086,4.829545454545454,0.49995753169059753,0,89.16666666666667,1.1111111111111112,0
172,B_grass_front,528,21.21212121212121,26.136363636363637,4.924242424242424,0.49995753169059753,0,84.78260869565217,0.9202898550724637,0
172,C_leaf_detail,3696,57.92748917748918,65.53030303030303,7.602813852813853,0.4974447786808014,0,93.22873658133773,2.9838976052848887,0
172,D_grass_top_right,533,20.075046904315197,22.70168855534709,2.6266416510318953,0.4999380111694336,0,95.86776859504133,1.43801652892562,0
173,whole_leaves_crop,20480,39.7265625,45.0830078125,5.3564453125,0.49790704250335693,0,89.24509910105058,1.9618758799956677,0
173,A_grass_top,352,29.545454545454547,34.659090909090914,5.113636363636364,0.49995753169059753,0,89.34426229508196,1.1420765027322404,0
173,B_grass_front,528,21.96969696969697,26.515151515151516,4.545454545454546,0.4999575614929199,0,90.71428571428571,0.8452380952380952,0
173,C_leaf_detail,3696,57.00757575757576,64.79978354978356,7.792207792207792,0.4970877468585968,0,92.86012526096033,2.8807237299930413,0
173,D_grass_top_right,533,23.26454033771107,26.26641651031895,3.0018761726078798,0.499938040971756,0,95.0,1.4880952380952381,0
174,whole_leaves_crop,20480,39.462890625,45.1708984375,5.7080078125,0.49816131591796875,0,89.70922062479731,2.1149785608763016,0
174,A_grass_top,352,31.53409090909091,37.5,5.965909090909091,0.49995753169059753,0,85.60606060606061,1.6666666666666667,0
174,B_grass_front,528,23.106060606060606,27.27272727272727,4.166666666666666,0.49995750188827515,0,90.27777777777779,1.0185185185185186,0
174,C_leaf_detail,3696,55.654761904761905,63.82575757575758,8.170995670995671,0.49743449687957764,0,93.68376430690971,3.2228345344072347,0
174,D_grass_top_right,533,25.14071294559099,29.45590994371482,4.315196998123827,0.499938040971756,0,95.54140127388536,1.8789808917197452,0
175,whole_leaves_crop,20480,39.2529296875,44.453125,5.2001953125,0.49696823954582214,0,89.67486818980667,2.0123388986526067,0
175,A_grass_top,352,29.545454545454547,37.215909090909086,7.670454545454546,0.49995753169059753,0,86.25954198473282,1.8422391857506362,0
175,B_grass_front,528,22.348484848484848,26.704545454545453,4.356060606060606,0.49995753169059753,0,87.2340425531915,0.9858156028368794,0
175,C_leaf_detail,3696,55.41125541125541,61.769480519480524,6.358225108225109,0.4956238567829132,0,93.5611038107753,2.9724047306176082,0
175,D_grass_top_right,533,25.328330206378986,30.0187617260788,4.690431519699812,0.4999380111694336,0,91.25,1.5708333333333333,0
176,whole_leaves_crop,20480,39.140625,44.21875,5.078125,0.4982275664806366,0,89.2226148409894,1.8445965842167256,0
176,A_grass_top,352,25.85227272727273,31.818181818181817,5.965909090909091,0.49995753169059753,0,87.5,1.3422619047619047,0
176,B_grass_front,528,22.916666666666664,27.65151515151515,4.734848484848484,0.49995750188827515,0,84.93150684931507,0.9041095890410958,0
176,C_leaf_detail,3696,54.7077922077922,60.76839826839827,6.0606060606060606,0.4980703592300415,0,92.52003561887801,2.784802612051054,0
176,D_grass_top_right,533,26.82926829268293,31.70731707317073,4.878048780487805,0.4999380111694336,0,90.53254437869822,1.291913214990138,0
177,whole_leaves_crop,20480,39.4873046875,44.27734375,4.7900390625,0.4981515407562256,0,88.76268195853551,1.8426334362593737,0
177,A_grass_top,352,29.545454545454547,34.375,4.829545454545454,0.49995753169059753,0,85.12396694214877,1.2258953168044078,0
177,B_grass_front,528,22.53787878787879,26.89393939393939,4.356060606060606,0.4999575614929199,0,83.09859154929578,0.9272300469483568,0
177,C_leaf_detail,3696,55.167748917748916,60.66017316017316,5.492424242424242,0.4966599941253662,0,92.81891168599465,2.827683615819209,0
177,D_grass_top_right,533,27.01688555347092,31.33208255159475,4.315196998123827,0.499938040971756,0,83.8323353293413,1.4471057884231537,0
178,whole_leaves_crop,20480,39.5068359375,44.62890625,5.1220703125,0.4980979561805725,0,88.33698030634574,1.9317286652078776,0
178,A_grass_top,352,27.556818181818183,33.80681818181818,6.25,0.4999575614929199,0,86.5546218487395,1.4901960784313726,0
178,B_grass_front,528,23.106060606060606,27.27272727272727,4.166666666666666,0.49995750188827515,0,83.33333333333334,0.9560185185185185,0
178,C_leaf_detail,3696,55.00541125541125,61.22835497835498,6.222943722943723,0.49738770723342896,0,91.73663278833408,2.9366622477537194,0
178,D_grass_top_right,533,27.5797373358349,30.95684803001876,3.377110694183865,0.499938040971756,0,91.51515151515152,1.6464646464646464,0
179,whole_leaves_crop,20480,39.58984375,44.7900390625,5.2001953125,0.4984349310398102,0,89.3818816090701,1.9892074566663034,0
179,A_grass_top,352,28.125,32.10227272727273,3.977272727272727,0.49995753169059753,0,84.070796460177,1.0235988200589972,0
179,B_grass_front,528,21.022727272727273,24.810606060606062,3.787878787878788,0.49995753169059753,0,88.54961832061069,1.2162849872773538,0
179,C_leaf_detail,3696,56.16883116883117,62.040043290043286,5.871212121212121,0.49816665053367615,0,92.01918883558656,2.8179968018607355,0
179,D_grass_top_right,533,28.517823639774857,30.206378986866795,1.6885553470919326,0.4999380111694336,0,97.51552795031056,1.5134575569358177,0
180,whole_leaves_crop,20480,39.6630859375,44.7216796875,5.05859375,0.49843013286590576,0,88.7214761436838,2.014994358918368,0
180,A_grass_top,352,27.556818181818183,31.25,3.6931818181818183,0.4999575614929199,0,90.9090909090909,1.4545454545454546,0
180,B_grass_front,528,21.78030303030303,26.515151515151516,4.734848484848484,0.4999575614929199,0,88.57142857142857,1.1571428571428573,0
180,C_leaf_detail,3696,56.6017316017316,62.310606060606055,5.708874458874459,0.4980601370334625,0,92.53148067737733,2.830076711535678,0
180,D_grass_top_right,533,29.643527204502814,32.08255159474672,2.4390243902439024,0.499938040971756,0,94.73684210526315,1.3664717348927875,0
181,whole_leaves_crop,20480,39.6630859375,39.6630859375,0.0,0.18776234984397888,0,34.913209405392095,0.2973039517419673,0
181,A_grass_top,352,27.556818181818183,27.556818181818183,0.0,0.21062643826007843,0,20.618556701030926,0.140893470790378,0
181,B_grass_front,528,21.78030303030303,21.78030303030303,0.0,0.21062643826007843,0,26.08695652173913,0.14492753623188406,0
181,C_leaf_detail,3696,56.6017316017316,56.6017316017316,0.0,0.17975512146949768,0,48.80497131931166,0.4486934353091141,0
181,D_grass_top_right,533,29.643527204502814,29.643527204502814,0.0,0.18431982398033142,0,24.050632911392405,0.13291139240506328,0
182,whole_leaves_crop,20480,39.6630859375,39.6630859375,0.0,0.5,0,25.803274652222086,0.16114735934999386,0
182,A_grass_top,352,27.556818181818183,27.556818181818183,0.0,0.5,0,15.463917525773196,0.0859106529209622,0
182,B_grass_front,528,21.78030303030303,21.78030303030303,0.0,0.5,0,19.130434782608695,0.09855072463768116,0
182,C_leaf_detail,3696,56.6017316017316,56.6017316017316,0.0,0.5,0,33.22179732313575,0.2278521351179095,0
182,D_grass_top_right,533,29.643527204502814,29.643527204502814,0.0,0.5,0,17.088607594936708,0.07383966244725738,0
183,whole_leaves_crop,20480,39.6630859375,39.6630859375,0.0,0.5,0,24.129016373261113,0.1201936887028602,0
183,A_grass_top,352,27.556818181818183,27.556818181818183,0.0,0.5,0,14.432989690721648,0.07560137457044673,0
183,B_grass_front,528,21.78030303030303,21.78030303030303,0.0,0.5,0,18.26086956521739,0.0927536231884058,0
183,C_leaf_detail,3696,56.6017316017316,56.6017316017316,0.0,0.5,0,30.210325047801145,0.15407903123008285,0
183,D_grass_top_right,533,29.643527204502814,29.643527204502814,0.0,0.5,0,17.088607594936708,0.07383966244725738,0
184,whole_leaves_crop,20480,39.6630859375,39.6630859375,0.0,0.5,0,23.57503385448726,0.10652878657310517,0
184,A_grass_top,352,27.556818181818183,27.556818181818183,0.0,0.5,0,14.432989690721648,0.07216494845360824,0
184,B_grass_front,528,21.78030303030303,21.78030303030303,0.0,0.5,0,18.26086956521739,0.0927536231884058,0
184,C_leaf_detail,3696,56.6017316017316,56.6017316017316,0.0,0.5,0,29.349904397705544,0.128585086042065,0
184,D_grass_top_right,533,29.643527204502814,29.643527204502814,0.0,0.5,0,17.088607594936708,0.07383966244725738,0
185,whole_leaves_crop,20480,39.6630859375,39.6630859375,0.0,0.5,0,23.42730518281423,0.1027534982970167,0
185,A_grass_top,352,27.556818181818183,27.556818181818183,0.0,0.5,0,14.432989690721648,0.07216494845360824,0
185,B_grass_front,528,21.78030303030303,21.78030303030303,0.0,0.5,0,18.26086956521739,0.0927536231884058,0
185,C_leaf_detail,3696,56.6017316017316,56.6017316017316,0.0,0.5,0,29.015296367112807,0.12093690248565965,0
185,D_grass_top_right,533,29.643527204502814,29.643527204502814,0.0,0.5,0,17.088607594936708,0.07383966244725738,0
186,whole_leaves_crop,20480,39.6630859375,39.6630859375,0.0,0.5,0,23.402683737535394,0.10176864048586319,0
186,A_grass_top,352,27.556818181818183,27.556818181818183,0.0,0.5,0,14.432989690721648,0.07216494845360824,0
186,B_grass_front,528,21.78030303030303,21.78030303030303,0.0,0.5,0,18.26086956521739,0.0927536231884058,0
186,C_leaf_detail,3696,56.6017316017316,56.6017316017316,0.0,0.5,0,28.967495219885276,0.1188655194391332,0
186,D_grass_top_right,533,29.643527204502814,29.643527204502814,0.0,0.5,0,17.088607594936708,0.07383966244725738,0
187,whole_leaves_crop,20480,39.6630859375,39.6630859375,0.0,0.5,0,23.365751569617135,0.10148139029094341,0
187,A_grass_top,352,27.556818181818183,27.556818181818183,0.0,0.5,0,14.432989690721648,0.07216494845360824,0
187,B_grass_front,528,21.78030303030303,21.78030303030303,0.0,0.5,0,18.26086956521739,0.0927536231884058,0
187,C_leaf_detail,3696,56.6017316017316,56.6017316017316,0.0,0.5,0,28.91969407265774,0.11806883365200765,0
187,D_grass_top_right,533,29.643527204502814,29.643527204502814,0.0,0.5,0,17.088607594936708,0.07383966244725738,0
188,whole_leaves_crop,20480,39.6630859375,39.6630859375,0.0,0.5,0,23.365751569617135,0.10148139029094341,0
188,A_grass_top,352,27.556818181818183,27.556818181818183,0.0,0.5,0,14.432989690721648,0.07216494845360824,0
188,B_grass_front,528,21.78030303030303,21.78030303030303,0.0,0.5,0,18.26086956521739,0.0927536231884058,0
188,C_leaf_detail,3696,56.6017316017316,56.6017316017316,0.0,0.5,0,28.91969407265774,0.11806883365200765,0
188,D_grass_top_right,533,29.643527204502814,29.643527204502814,0.0,0.5,0,17.088607594936708,0.07383966244725738,0
189,whole_leaves_crop,20480,39.6630859375,39.6630859375,0.0,0.5,0,23.365751569617135,0.10148139029094341,0
189,A_grass_top,352,27.556818181818183,27.556818181818183,0.0,0.5,0,14.432989690721648,0.07216494845360824,0
189,B_grass_front,528,21.78030303030303,21.78030303030303,0.0,0.5,0,18.26086956521739,0.0927536231884058,0
189,C_leaf_detail,3696,56.6017316017316,56.6017316017316,0.0,0.5,0,28.91969407265774,0.11806883365200765,0
189,D_grass_top_right,533,29.643527204502814,29.643527204502814,0.0,0.5,0,17.088607594936708,0.07383966244725738,0
190,whole_leaves_crop,20480,39.6630859375,39.6630859375,0.0,0.5,0,23.365751569617135,0.10148139029094341,0
190,A_grass_top,352,27.556818181818183,27.556818181818183,0.0,0.5,0,14.432989690721648,0.07216494845360824,0
190,B_grass_front,528,21.78030303030303,21.78030303030303,0.0,0.5,0,18.26086956521739,0.0927536231884058,0
190,C_leaf_detail,3696,56.6017316017316,56.6017316017316,0.0,0.5,0,28.91969407265774,0.11806883365200765,0
190,D_grass_top_right,533,29.643527204502814,29.643527204502814,0.0,0.5,0,17.088607594936708,0.07383966244725738,0
191,whole_leaves_crop,20480,39.6630859375,39.6630859375,0.0,0.5,0,23.365751569617135,0.10148139029094341,0
191,A_grass_top,352,27.556818181818183,27.556818181818183,0.0,0.5,0,14.432989690721648,0.07216494845360824,0
191,B_grass_front,528,21.78030303030303,21.78030303030303,0.0,0.5,0,18.26086956521739,0.0927536231884058,0
191,C_leaf_detail,3696,56.6017316017316,56.6017316017316,0.0,0.5,0,28.91969407265774,0.11806883365200765,0
191,D_grass_top_right,533,29.643527204502814,29.643527204502814,0.0,0.5,0,17.088607594936708,0.07383966244725738,0
192,whole_leaves_crop,20480,39.6630859375,39.6630859375,0.0,0.5,0,23.365751569617135,0.10148139029094341,0
192,A_grass_top,352,27.556818181818183,27.556818181818183,0.0,0.5,0,14.432989690721648,0.07216494845360824,0
192,B_grass_front,528,21.78030303030303,21.78030303030303,0.0,0.5,0,18.26086956521739,0.0927536231884058,0
192,C_leaf_detail,3696,56.6017316017316,56.6017316017316,0.0,0.5,0,28.91969407265774,0.11806883365200765,0
192,D_grass_top_right,533,29.643527204502814,29.643527204502814,0.0,0.5,0,17.088607594936708,0.07383966244725738,0
193,whole_leaves_crop,20480,39.6630859375,39.6630859375,0.0,0.5,0,23.365751569617135,0.10148139029094341,0
193,A_grass_top,352,27.556818181818183,27.556818181818183,0.0,0.5,0,14.432989690721648,0.07216494845360824,0
193,B_grass_front,528,21.78030303030303,21.78030303030303,0.0,0.5,0,18.26086956521739,0.0927536231884058,0
193,C_leaf_detail,3696,56.6017316017316,56.6017316017316,0.0,0.5,0,28.91969407265774,0.11806883365200765,0
193,D_grass_top_right,533,29.643527204502814,29.643527204502814,0.0,0.5,0,17.088607594936708,0.07383966244725738,0
194,whole_leaves_crop,20480,39.6630859375,39.6630859375,0.0,0.5,0,23.365751569617135,0.10148139029094341,0
194,A_grass_top,352,27.556818181818183,27.556818181818183,0.0,0.5,0,14.432989690721648,0.07216494845360824,0
194,B_grass_front,528,21.78030303030303,21.78030303030303,0.0,0.5,0,18.26086956521739,0.0927536231884058,0
194,C_leaf_detail,3696,56.6017316017316,56.6017316017316,0.0,0.5,0,28.91969407265774,0.11806883365200765,0
194,D_grass_top_right,533,29.643527204502814,29.643527204502814,0.0,0.5,0,17.088607594936708,0.07383966244725738,0
195,whole_leaves_crop,20480,39.6630859375,39.6630859375,0.0,0.5,0,23.365751569617135,0.10148139029094341,0
195,A_grass_top,352,27.556818181818183,27.556818181818183,0.0,0.5,0,14.432989690721648,0.07216494845360824,0
195,B_grass_front,528,21.78030303030303,21.78030303030303,0.0,0.5,0,18.26086956521739,0.0927536231884058,0
195,C_leaf_detail,3696,56.6017316017316,56.6017316017316,0.0,0.5,0,28.91969407265774,0.11806883365200765,0
195,D_grass_top_right,533,29.643527204502814,29.643527204502814,0.0,0.5,0,17.088607594936708,0.07383966244725738,0
239,whole_leaves_crop,20480,39.6630859375,39.6630859375,0.0,0.5,0,23.365751569617135,0.10148139029094341,0
239,A_grass_top,352,27.556818181818183,27.556818181818183,0.0,0.5,0,14.432989690721648,0.07216494845360824,0
239,B_grass_front,528,21.78030303030303,21.78030303030303,0.0,0.5,0,18.26086956521739,0.0927536231884058,0
239,C_leaf_detail,3696,56.6017316017316,56.6017316017316,0.0,0.5,0,28.91969407265774,0.11806883365200765,0
239,D_grass_top_right,533,29.643527204502814,29.643527204502814,0.0,0.5,0,17.088607594936708,0.07383966244725738,0
